search_id,vues_predites
1,80
10,63
100logique,34
10prcent,6
11,92
11pro,57
12,80
12promax,112
13,129
13mini,68
13pro128,56
14,139
140x190,66
140x200,27
14plus,88
14pro128,58
14promax,10
14t,16
15,136
15des129,37
15plus,97
15pro,506
16,125
160x200,23
16e,58
16plus,67
16pro,213
16promax,118
17pro,99
1euro,76
2,51
2055516,74
21560r16,69
2ds,33
2dsxl,47
2emea50codelegomot5,41
2noel50,23
2portes,73
3ds,76
4060,63
4060ti,40
4070,68
4070rtx,81
4070super,62
4070tisuper,16
4080,79
4080super,48
4090,68
4chaises,138
4chaisesamanger,96
4x4telecommandetoutterrain,4
4x4voitureelectriqueenfant,63
5,93
5060,73
5060ti,70
5070,108
5070ti,129
5080,130
5090,74
5euros,134
5five,74
5g,61
6chaiseamanger,107
6chaiseblanchesalleamanger,67
6quiprend,39
8bitdo,47
9060xt,72
9070,62
9070xt,119
9600x,51
9700x,65
9800x3d,110
990evoplus,66
990pro,71
a13,54
a14,107
a145g,46
a15,104
a155g,63
a16,165
a165g,85
a17,68
a23,54
a25,51
a26,86
a33,57
a35,79
a36,97
a36samsung,23
a51,56
a53s,84
a54,125
a545gsamsung,64
a55,203
a555g,22
a56,563
a56samsung256go,78
a9,56
abatjour,490
abatjourdelampe,109
abatjourdeplafond,73
abatjourrotin,69
abattanttoilette,80
abattantwc,542
abattantwcavecfreindechute,91
abattantwcbois,75
abattantwcclipsable,134
abaya,66
abonnement,67
abonnementiptv,355
abonnementiptv12mois,50
abreuvoiroiseaux,76
abreuvoirpoule,77
abribarbecue,71
abribois,15
abribuches,78
abrick,34
abridejardin,2173
abridejardin5m2,73
abridejardinbois,367
abridejardinmetal,36
abridejardinpvc,71
abridejardinresine,66
abripoubelle,92
abrirobottondeuse,81
abrisdejardinavecplancher,51
abrisdejardinenbois5m2,46
abrisdejardinenmetal,332
abrisdejardinenresine,75
abrisdejardinenresineavecplancher,106
abrisjardinresine,28
abrivelo,88
abrivoiture,81
absorbeurdhumidite,127
accessoireairfryer,195
accessoirebalancoire,54
accessoirebebe,127
accessoirebureau,81
accessoirecamping,77
accessoirecompresseur,66
accessoirecookeo,98
accessoirecuisine,120
accessoirecuisineenfant,36
accessoiregaming,46
accessoireiphone,48
accessoirekitchenaid,67
accessoiremoto,50
accessoirepiscine,75
accessoirepoupee,35
accessoirepoupon,24
accessoireps5,64
accessoires,49
accessoiresairfryer,99
accessoiresairfryermoulinex,93
accessoiresairfryerninja,59
accessoirescampingcar,76
accessoirescheveux,29
accessoiresdyson,30
accessoiresexuel,71
accessoiresgaming,66
accessoireskarcher,26
accessoirespoupon,20
accessoiresps5,140
accessoiressalledebain,124
accessoiresspa,65
accessoiresswitch,61
accessoirestrottinetteelectrique,48
accessoiresvelo,32
accessoiresvoiture,9
accessoireswc,58
accessoiresxbox,41
accessoiretelephone,69
accessoiretrotinetteelectrique,64
accessoiretrottinette,71
accessoirevelo,74
accessoirevoiture,159
accrochebalaimural,77
accrocherideau,66
accrochetele,37
accrochetorchon,69
accrochetv,55
accu18650,66
acemagic,75
acer,95
aceraspire3,60
aceraspire5,20
acernitro,63
acernitro5,59
acernitrov15,68
acideborique,56
acidechlorhydrique,18
acidecitrique,40
acidehyaluronique,75
acm,31
acrochordonstraitement,70
actifry,60
activilong,68
activitemanuelle,44
adaptateur,98
adaptateurbluetooth,49
adaptateurbluetoothvoiture,18
adaptateurcarplay,113
adaptateurhdmi,71
adaptateurhdmivga,56
adaptateurinduction,70
adaptateuriphone,63
adaptateurjack,54
adaptateurjackusbc,73
adaptateurperitelvershdmi,68
adaptateurplaqueinduction,28
adaptateurpriseanglaise,79
adaptateurpriseelectriqueuniversel,86
adaptateursatausb,59
adaptateurusb,71
adaptateurusbc,100
adaptateurusbcprisejack,31
adaptateurusbcvershdmi,57
adaptateurusbcversjack,57
adaptateurusbcverslightning,33
adaptateurusbcversusb,439
adaptateurusbhdmi,63
adaptateurvgahdmi,72
adaptateurwiihdmi,23
adblue,38
addidashommes,30
adhesifdecoratif,33
adhesifmeuble,33
adidas,582
adidascampus,309
adidascampusfemme,51
adidasfemme,106
adidasgazelle,85
adidasgazellefemme,18
adidashomme,74
adidassamba,440
adidassambafemme,108
adidasspezial,124
adidassuperstar,122
adidassuperstarfemme,64
adobe,152
adobeacrobat,71
adobeacrobatpro,525
adobecreativecloud,94
adobeillustrator,63
adobephotoshop,85
adobepremierepro,77
adoucissant,69
adoucissantlenor,75
adoucisseurdeau,89
adtab,72
aeg,33
aerogommeuse,51
aerographe,51
affiche,42
affleureuse,79
affuteusechainetronconneuse,94
agenda,75
agenda2025,34
agenda20252026,8
agenda2026,115
agendascolaire,45
agendasemainier2025,2
agendastitch,22
agrafespourtoiledepaillage,48
agrafeuse,83
agrafeuseelectrique,81
aiguiseuraffuteurcouteau,101
aiguiseurcouteau,117
aimant,120
aimantpuissant,59
airbrush,77
airbw,92
airedejeux,278
airedejeuxexterieur,61
airedejeuxexterieurenfant,86
airedejeuxgonflable,95
airefrier,82
airflyer,81
airforce1,123
airforce1blanchefemme,62
airforce1blanchehomme,94
airforce1homme,63
airforce1noir,65
airforcenoir,25
airforceonehomme,55
airfrayer2tiroir,77
airfrayfriteuseninja,112
airfrayfriteusesanshuile,17
airfrayfriteusesanshuiledoublebac,63
airfreyerninja,50
airfryer,6396
airfryer10l,157
airfryer12l,89
airfryer2compartiments,182
airfryer2tiroir,657
airfryer2tiroirninja,32
airfryer8l,66
airfryer9l,81
airfryerarthurmartin,72
airfryerblanc,83
airfryercecotec,94
airfryercosori,199
airfryercosori10l,40
airfryerdoublecompartiment,38
airfryerfagor,127
airfryerfriteuseaairsanshuile,679
airfryergrill,27
airfryermoulinex,985
airfryermoulinexeasyfrysilence,72
airfryermoulinexxxl,71
airfryerninja,3161
airfryerninja104l,144
airfryerninja95l,81
airfryerninjadouble,168
airfryerninjadoublestack,59
airfryerninjadualzonefoodimax,14
airfryerphilips,1014
airfryerphilips2000,61
airfryerphilips3000,79
airfryerphilipsxl,109
airfryertefal,77
airfryerxxl,154
airfryerxxlninja,61
airfyerninja,88
airjordan,92
airjordan4,67
airless,68
airmax,459
airmax1,55
airmax90,480
airmax90femme,51
airmax90hommenike,42
airmax95,100
airmaxbw,114
airmaxdn,75
airmaxfemme,72
airmaxhomme,49
airmaxhommenike,131
airmaxplus,158
airpod,1293
airpod4,155
airpodpro,108
airpodproapple,444
airpods,5080
airpods1,101
airpods2,412
airpods2emegeneration,60
airpods3,510
airpods3emegeneration,59
airpods4,1197
airpods4reductiondebruit,121
airpodsapple,142
airpodsjbl,24
airpodsmax,602
airpodsneuf,55
airpodspouriphone,110
airpodspro,744
airpodspro1,76
airpodspro2,1174
airpodspro2emegeneration,62
airpodspro2reconditionne,64
airpodspro3,1113
airpodspromax,64
airpodsproreconditionne,61
airpodsreconditione,65
airpodsreconditionne,123
airpodssamsung,69
airsoft,92
airstyler,100
airtag,462
airtagandroid,56
airtagapple,61
airup,119
airwick,69
airwrap,4
akedo,36
al,72
alaisepourmatelas160x200,71
alaisepourmatelas90x190,83
alanwake2,42
alarme,78
alarmemaison,86
alarmemaisonsansfil,87
alarmepiscine,84
alarmesomfy,62
alarmevoiture,97
albumphoto,85
albumphotopochettes10x15,64
albumpokemon,43
alcool,77
alcoolisopropylique,70
alese,78
alese140x190,83
alese160x200,71
alese70x140,79
alese90x190,81
alese90x200,23
aleseimpermeable140x190,33
alesepourchien,67
alesepourmatelas,93
alexa,520
alexaechodot,51
alexaechodot5,58
alexia,63
alezematelas140x190impermeable,76
algerie,17
alienvision,35
alienware,67
alimentaire,75
alimentation,244
alimentation650w,56
alimentationchat,58
alimentationpc,448
alimentationpc1000w,66
alimentationpc650w,64
alimentationpc750w,85
alimentationpc850w,85
allclad,112
alliance,45
alliancefemme,50
alliancehomme,50
allpowers,30
allumecigare,51
allumefeu,111
allumegaz,59
aloevera,80
alwaysdiscreet,67
am5,22
amandes,67
amazfit,79
amazon,538
amazonfiretvstick,63
ambilight,86
amdrx9070xt,61
amdryzen5,49
amdryzen57600,22
amdryzen57600x,8
amdryzen7,55
amdryzen75800x3d,97
amdryzen77800x3d,69
amiibo,75
amiibozelda,51
amoirerangementdechambre,138
ampli,98
amplificateurantennetvpuissante,22
amplificateurhifi,123
amplificateurvoiture,69
amplificateurwifi,94
ampliguitare,40
amplihifi,55
amplihomecinema,89
amplivoiture,71
ampoule,222
ampouleconnectee,91
ampouledetecteurdemouvement,68
ampoulee14,82
ampoulee27,106
ampouleg9,85
ampouleglobelede27,64
ampouleh7,80
ampoulehalogene,68
ampouleled,528
ampoulelede14,70
ampoulelede27,139
ampouleledg9,79
ampouleledgu10,64
ampouleledh4,21
ampouleledh7,107
ampouleledh7auto,49
ampouleledvoiture,69
ampoulerechargeable,77
ampouleventilateur,51
anbernic,65
android,66
androidauto,31
androidtv,86
angel,27
angwatt,65
angwattcs1,38
angwattf1,96
animalcrossing,123
animalerie,77
animaux,72
animauxdelaferme,35
anker,49
anneaudebainbebe,80
anneaudedentition,75
anneaupenien,57
anniversaire,84
annoncegrossesse,72
anran,79
antennetv,69
antennetvexterieurepuissante,69
antennetvinterieur,121
antennetvinterieurpuissante,121
antennevoiture,47
antialguespiscine,45
antibouloche,60
anticafard,11
anticellulite,61
anticerne,92
anticernes,48
antifourmis,11
antimites,59
antimouche,62
antimoustique,80
antipucechat,84
antipucechien,66
antironflement,41
antistress,53
antivirus,184
antivol,76
antivolmoto,67
antivolpourtrottinetteelectrique,146
antivolremorque,65
antivolvelo,99
antivolvoiture,69
anua,66
aoc,67
aokdaa1,57
aovopro,31
apareillephotosnumerique,101
apexpromini,80
apexprotkl,52
aphrodisiaquepourhomme,78
apirateurbalaisansfilmultifonction,81
appareilabdominaux,77
appareilachurros,73
appareilacrepe,82
appareilacroquemonsieur3en1,89
appareilafondue,316
appareilafondueelectrique,85
appareilagauffre,89
appareilaglace,41
appareilagranite,58
appareilahamburger,76
appareilanticellulite,77
appareilapanini,155
appareilapizza,84
appareilaraclette,854
appareilaraclettetefal,89
appareilasmoothie,54
appareilasoupe,87
appareilauditif,93
appareilcroquemonsieur,151
appareilcroquemonsieurplaquesamovibles,51
appareildecuisson,64
appareildemassage,112
appareildemisesousvidealimentaire,77
appareildemusculation,13
appareildesport,68
appareildesportmaison,69
appareilepilationlaser,57
appareillephotoinstantanee,34
appareilmisesousvide,66
appareilmusculation,79
appareilphoto,1646
appareilphotocanon,113
appareilphotocompact,67
appareilphotoenfant,356
appareilphotoenfantavecimpression,31
appareilphotohybride,64
appareilphotoinstantane,459
appareilphotoinstantaneenfant,30
appareilphotojetable,60
appareilphotokodak,60
appareilphotolumix,33
appareilphotonumeriquecamera,88
appareilphotopolaroid,76
appareilphotoreflex,63
appareilphotosony,60
appareilphotostitch,23
appareilraclette,192
appareilraclette2personnes,107
appareilraclette4personnes,96
appareilraclette8personnes,89
appareilsousvide,78
appelwatchserie10,58
apple,983
apple16,61
appleairpods,434
appleairpods4,11
appleairpodspro,56
applecarplay,81
appleipad,24
appleiphone,64
appleiphone11,60
appleiphone12mini,54
appleiphone13,185
appleiphone13promax,45
appleiphone13reconditionne,50
appleiphone14pro,42
appleiphone15,60
appleiphone15pro,42
appleiphone16pro,52
appleipod,64
applemacbook,27
applemacbookpro,44
applepencil,412
applepencil2,48
applepencilpro,61
applepencilusbc,52
appletv,129
appletv4k,35
applewatch,3561
applewatch10,86
applewatch11,74
applewatch6,54
applewatch7,34
applewatch9,76
applewatchcellular,79
applewatchfemme,205
applewatchhomme,127
applewatchreconditionne,102
applewatchrose,56
applewatchse,435
applewatchse2020,96
applewatchse2022,59
applewatchse202344mm,55
applewatchse3,125
applewatchse44mm,57
applewatchsefemme,27
applewatchserie11,77
applewatchserie3,21
applewatchserie6,64
applewatchserie7,101
applewatchserie8,390
applewatchserie9,325
applewatchseries10,590
applewatchseries7,26
applewatchultra,131
applewatchultra2,113
applewatchultra2noir,126
applewatchultra3,76
applique,49
appliqueexterieur,84
appliquemurale,624
appliquemuralechambre,76
appliquemuralecuisine,69
appliquemuraleexterieur,113
appliquemuraleinterieur,61
appliquemuraleled,107
appliquemuralerotin,24
appliquemuralesalledebain,80
appliquemuralesansfilledrechargeable,69
appliquesalledebain,32
apresshampoing,54
apresskifemme,21
aquabeads,56
aquadoodle,44
aquagelz,26
aquarelle,47
aquarium,643
aquariumavecmeuble,73
aquariumcomplet,99
aquariumtortuedeau,74
arbalete,40
arbaletedechasse,54
arbreaachats,63
arbreaachatsdesignenbois,23
arbreachat,2813
arbreachataveclitiereintegre,143
arbreachatbeige,66
arbreachatenbois,112
arbreachatmainecoon,91
arbreachatmural,88
arbreachatsolauplafond,72
arbreachatxxl,450
arbreartificiel,61
arbrechatadulte,69
arbredenoel,53
arbredevie,61
arbredeviemural,45
arbrefruitier,95
arbrelumineux,56
arbremagique,26
arbresachatsensolde,66
arc,28
arcade,52
arcane,43
arche,41
archeballon,30
archebebe,73
archedeballon,58
archedejardin,92
archedejardinenbois,71
archedeveil,74
archemariage,64
archicad,70
ardoise,60
ardoisemagique,77
arduino,61
arenebeyblade,57
argileautodurcissante,45
argileverte,33
ariel,70
arielpods,74
armaflex,63
armani,45
arme,53
armesdedefense,61
armoire,6546
armoire120cm,57
armoire1porte,72
armoire2personnes,71
armoire2portes,159
armoire3porte,114
armoire4portes,118
armoireabalai,70
armoireabijoux,115
armoireabijouxmiroir,72
armoireachaussure,93
armoireadulte,78
armoireafusil,81
armoireapharmacie,91
armoireavecetagere,68
armoireavecmiroir,146
armoireavectiroir,69
armoirebasse,68
armoirebebe,523
armoireblanche,465
armoirebois,80
armoirecannage,71
armoirechambre,3602
armoirechambreado,57
armoirechambreadulte,585
armoirechambreavecmiroir,70
armoirechambrebebe,63
armoirechambreenfant,440
armoirechambrefille,73
armoirechambreportecoulissante,90
armoirechaussure,87
armoirechaussures,84
armoirechene,55
armoirecolonne,66
armoirecommode,69
armoirecoulissante,130
armoirecube,60
armoirecuisine,45
armoiredangle,166
armoiredebureau,91
armoiredechambreacoucher,10
armoiredechambreavecmiroir,73
armoiredechambreenfant,80
armoiredecuisine,88
armoiredecuisinemultirangements,78
armoiredejardin,125
armoiredejardinetanche,85
armoirederangement,958
armoirederangementchambre,32
armoirederangementcuisine,67
armoirederangementenplastique,65
armoirederangementexterieur,86
armoirederangementgarage,84
armoiredesallesebain,70
armoiredetoilette,114
armoiredeuxportes,71
armoiredressing,614
armoireenfant,934
armoireenfantsfille,72
armoireentissu,65
armoireentree,77
armoireetagere,88
armoireexterieur,114
armoirefille,78
armoiregarage,77
armoiregrise,75
armoireindustrielle,56
armoiremachinealaver,49
armoiremetal,68
armoiremetallique,132
armoiremiroirsalledebain,34
armoiremurale,74
armoiremuralesalledebain,95
armoirenoire,126
armoirepascher,60
armoirependerie,945
armoirependerieetetagere,65
armoirepharmaciemurale,67
armoireplastique,148
armoireplastiquerangementexterieur,59
armoireportecoulissante,144
armoireprofondeur50cmportescoulissantes,43
armoirerangementexterieur,69
armoiresalledebain,742
armoiresalon,114
armoiresanspenderie,66
armoiresuspendue,45
armoiretissu,110
armoiretv,72
armoireuneporte,69
armoirevaria,69
armoirevetement,110
armoirevitrine,80
armoirewc,56
aromazone,71
arrosagegoutteagoutte,35
arrosoir,60
arthurmartin,200
article1euro,28
articlea5,38
ashwagandha,55
asics,810
asicsfemme,71
asicsgel,106
asicsgel1130,64
asicsgelkayano14,84
asicsgelnyc,556
asicsgelnycbleu,64
asicsgelnycnoir,39
asicsgelnycrose,82
asicsgelquantum360,59
asicshomme,95
asicskayano14,60
asicsrose,48
aspirateur,7609
aspirateur1200w,63
aspirateur2000watt,48
aspirateur3en1,66
aspirateuracendre,68
aspirateuraeau,106
aspirateuramain,214
aspirateuramainsansfil,84
aspirateurantiacariens,72
aspirateuraquarium,33
aspirateuravecfil,80
aspirateuravecsac,450
aspirateurbalai,1785
aspirateurbalaiavecfil,96
aspirateurbalaibosch,75
aspirateurbalaidreame,67
aspirateurbalaidyson,151
aspirateurbalaidysonsansfil,164
aspirateurbalaifilaire,79
aspirateurbalailaveur,120
aspirateurbalailaveursansfil,76
aspirateurbalaipuissantsansfil,36
aspirateurbalairowenta,185
aspirateurbalaisamsung,76
aspirateurbalaisansfil,6017
aspirateurbalaisansfilbosch,56
aspirateurbalaisansfilcyclonique,56
aspirateurbalaisansfilcycloniquerowenta,120
aspirateurbalaisansfilpuissantpoildanimaux,47
aspirateurbalaisansfilrowenta,143
aspirateurbalaisansfilshark,73
aspirateurbalaishark,78
aspirateurbalaissansfilpuissant,96
aspirateurbissell,98
aspirateurbissellcrosswave,38
aspirateurblacketdecker,76
aspirateurbosch,175
aspirateurcendre,106
aspirateurcendres,50
aspirateurchantier,119
aspirateurcontinentaledison,63
aspirateurdetable,185
aspirateurdreame,166
aspirateurdyson,1357
aspirateurdysonenfant,44
aspirateurdysonv10absolute,25
aspirateurdysonv15,71
aspirateurdysonv8,70
aspirateureauetpoussiere,139
aspirateureaupoussieresanssac,99
aspirateurelectrolux,77
aspirateurenfant,60
aspirateurextracteurinjecteur,47
aspirateurhoover,69
aspirateurindustriel,65
aspirateurinjecteurextracteur,71
aspirateurirobotroomba,60
aspirateurkarcher,572
aspirateurkarchereauetpoussiere,65
aspirateurkarcherwd3,74
aspirateurkobold,23
aspirateurlavantsechant,56
aspirateurlaveur,6497
aspirateurlaveurbalai,95
aspirateurlaveurbissel,78
aspirateurlaveurbissell,134
aspirateurlaveurcanape,61
aspirateurlaveurdreame,220
aspirateurlaveurdyson,117
aspirateurlaveureureka,19
aspirateurlaveurfilaire,70
aspirateurlaveurkobold,63
aspirateurlaveurroborock,96
aspirateurlaveurrowenta,599
aspirateurlaveursansfil,651
aspirateurlaveursecheur,75
aspirateurlaveurshark,81
aspirateurlaveurtineco,567
aspirateurlaveurtinecos7,84
aspirateurlaveurvapeur,79
aspirateurmatelas,59
aspirateurnettoyeur,103
aspirateurnettoyeurkarcher,147
aspirateurnettoyeursansfil,81
aspirateurnettoyeurvapeur,15
aspirateurongles,77
aspirateurpascher,71
aspirateurphilips,109
aspirateurpiscine,198
aspirateurpiscinesansfil,33
aspirateurpoilsanimaux,70
aspirateurpointnoir,58
aspirateurpourcanape,76
aspirateurpourpoeleagranule,77
aspirateurprofessionnel,87
aspirateurproscenic,54
aspirateurpuissant,133
aspirateurroborock,49
aspirateurrobot,2320
aspirateurrobotanimaux,54
aspirateurrobotdreame,118
aspirateurrobotecovacs,91
aspirateurrobotirobot,53
aspirateurrobotlaveur,1755
aspirateurrobotlaveuravecstation,175
aspirateurrobotlaveurdream,74
aspirateurrobotlefant,68
aspirateurrobotroborock,23
aspirateurrobotrowenta,80
aspirateurrobotxiaomi,64
aspirateurrowenta,832
aspirateurrowentasansfil,83
aspirateurrowentasanssac,76
aspirateurrowentasilenceforce,82
aspirateursamsung,101
aspirateursansfil,1417
aspirateursansfildyson,143
aspirateursansfilpuissant,163
aspirateursansfilrowenta,103
aspirateursansfilrowentapuissant,87
aspirateursanssac,1165
aspirateursanssacpuissant,77
aspirateursanssacpuissantetsilencieux,34
aspirateursanssacrowenta,55
aspirateursanssacsansfilpuissant,82
aspirateursanssacsilencieux,51
aspirateursbalaissansfilamain,49
aspirateurserpillere,48
aspirateurshark,161
aspirateursharkpowerdetect,69
aspirateursilencieux,84
aspirateursouffleur,83
aspirateursouffleurbroyeurdefeuilles,83
aspirateurspa,47
aspirateurtapis,64
aspirateurtineco,450
aspirateurtraineau,156
aspirateurtraineauavecsac,104
aspirateurtraineaudyson,73
aspirateurtraineaurowenta,26
aspirateurtraineausanssac,238
aspirateurultenic,87
aspirateurvapeur,180
aspirateurvoiture,606
aspirateurvoiturepuissant,62
aspirateurvoiturepuissantsansfil,90
aspirateurxiaomi,76
aspirateusansfilpuissant,58
assassinscreed,69
assassinscreedmirage,49
assassinscreedshadows,275
assassinscreedshadowsps5,32
assiette,893
assiettebebe,71
assiettecarton,61
assiettecreuse,112
assiettedetable,34
assietteenplastiquerigide,66
assiettejetable,74
assiettenoel,54
assietteplastiquereutilisable,69
assiettesplates,183
asterix,23
astroa50,51
astrobot,86
astrobotps5,50
asus,344
asusgamer,49
asusrog,90
asusrogally,59
asusrogphone,59
asusrogstrix,59
asusrogzephyrusg14,53
asustuf,116
asustufa15,42
asustufgaminga15,69
asustufgaminga17,43
asusvivobook,122
asusvivobook14,52
asusvivobook15,74
asuszenbook,68
asuszenbook14oled,54
at4,34
atelierdesstylos,94
atmosphera,102
attachebrisevue,84
attachecable,67
attachedraphousse,65
attacherideaux,64
attachetetine,98
attachetetinepersonnalisee,75
attackshark,46
attaquefantome,21
attrapemouche,31
attrapereve,74
audi,65
ausom,72
ausomdt2pro,85
ausoml1,163
ausoml2,59
ausoml2max,66
autel,71
auto,55
autobronzant,56
autocad2025,54
autocollant,108
autocollantmural,85
autocollantps5,47
autocollantvoiture,106
autocuiseur,704
autocuiseurelectrique,69
autocuiseurriz,106
autocuiseurseb,90
autodesk,77
autolaveuse,39
autoradio,589
autoradio2din,69
autoradioalpine,58
autoradioandroid,76
autoradiobluetooth,163
autoradiocarplay,160
autoradiocarradioplayer,74
autoradiocd,71
autoradiopioneer,66
autotamponneuse,27
autotamponneuseenfant,38
auvent,81
auventdecaravane,17
auventdeporte,79
auventterrasse,51
avast,80
avatar,44
avatarps5,54
avdleu,58
avecglacon,64
avene,74
avengers,39
avionjouet,49
aviontelecommande,54
azzaro,65
b,40
b22,79
b30,54
b550,76
b650,77
b850,38
babyborn,21
babybrezza,195
babycook,119
babyeinstein,65
babyfoot,351
babyfootadulte,61
babyfootenfant,42
babylissairwand,69
babylisspro,157
babymoov,102
babyphone,690
babyphonecamera,155
babyshower,71
bac,55
bacadouche,42
bacaglacon,60
bacalitiere,141
bacalitierexxl,79
bacasable,72
bacasableenfant,40
bacashampoing,61
bacderangement,117
bacderangementplastique,82
bacgastroinox,64
bache,91
bacheabullepiscine,211
bacheabulles,24
bacheantimauvaiseherbe,89
bachebarbecue,93
bachebassin,92
bachedeprotection,260
bachedeprotectionpiscine,54
bachehivernagepiscinehorssol,27
bacheimpermeable,71
bachemoto,67
bachepiscine,200
bachepiscine366,15
bachepiscinebestway,29
bachepiscineronde,29
bachepourremorque,58
bachepourserre,21
bachesalondejardin,75
bachetransparente,79
bachevelo,29
bachevoitureantigrele,58
baclitierechat,103
bacplastique,73
badaboule,28
badge,55
badminton,58
baffe,62
baffejbl,67
baffle,63
bagagecabine55x40x20,64
bague,93
bagueargentfemme,53
bagueconnectee,81
baguedefiancailles,44
bagueenorfemme,49
baguefemme,225
baguehomme,106
bagueor,59
bagueor18carats,65
baguepandora,29
baguetteharrypotter,51
bahutbas,75
bahutblancetbois,65
bahutblanclaque,44
bahutbois,65
bahutcuisine,92
bahuthaut,52
bahutnoir,71
bahutsalleamanger,571
bahutsalon,71
baignoire,144
baignoirebalneo,76
baignoirebebe,1078
baignoirebebetwistshake,58
baignoireilot,82
baignoirepliable,78
baignoirepliablebebe,145
baignoiresurpied,87
baignoiresurpiedbebe,133
baileys,62
bainbebe,79
baindebouche,67
baindepied,118
baindesoleil,356
baindesoleilbois,17
baindesoleildestockage,81
baindesoleilpliable,81
baindesoleilrond,26
baindhuile,66
baita,73
baladeurcd,30
balai,345
balaiaspirateurlaveur,74
balaiaspirateurpiscine,39
balaibrosse,37
balaiessuieglace,75
balaietseauessoreur,60
balailavesol,81
balailaveur,99
balaisaspirateurlaveur,16
balaisaspirateurlaveursansfil,148
balaiserpillere,495
balaiserpillereelectrique,50
balaiserpillerevaporisateur,78
balaispiscine,22
balaiswiffer,80
balaiswifferwetjet,113
balaivapeur,840
balaivapeurblacketdecker,74
balaivapeurkarcher,79
balaivapeursansfil,102
balaivapeurvileda,67
balaivileda,141
balance,128
balancebebe,950
balanceconnectee,90
balancedecuisine,633
balancedeprecision,73
balanceenfant,119
balancelle,330
balancellebabymoov,71
balancellebebe,78
balancellebebeelectrique,118
balancelledejardin,278
balancelleelectrique,82
balancepesepersonne,124
balancoire,584
balancoireavectoboggan,114
balancoirebebe,118
balancoirebois,23
balancoireenfant,97
balancoirejardin,100
balancoireniddoiseau,91
balcon,102
balconniere,108
balenciaga,64
balle,48
balleantistress,46
balledetennis,65
ballefiltrantepiscine,22
balleinteractivechat,70
ballepourchien,75
ballerinesfemme,56
ballon,84
ballonanniversaire,71
ballondeauchaude,62
ballondebasket,76
ballondefoot,131
ballondegrossesse,72
ballonpsg,48
ballonsauteur,40
bambou,75
bambulab,78
bambulaba1,58
bananefemme,58
bananehomme,55
bananza,47
banc,171
bancachaussure,589
bancboutdelit,75
banccoffre,135
banccoffredejardin,24
banccoffrederangement,66
banccoffreexterieur,90
bancdejardin,321
bancdelit,71
bancdemusculation,630
bancdemusculationpliable,82
bancdentree,486
bancderangement,146
bancenbois,90
bancexterieur,103
bancpliable,115
bancrangementchaussures,73
bancsalleamanger,12
bandana,49
bandeaucheveuxfemme,73
bandeauled,55
bandelumineuseled,61
bandoulierepoursac,23
banquette,425
banquette2places,62
banquettebz,66
banquetteclicclac,78
banquettecoffre,60
banquetteconvertible,105
bar,499
barbapapa,20
barbe,62
barbeapapa,80
barbecue,1142
barbecuebois,119
barbecuecampingaz,78
barbecuecharbon,84
barbecuecharbondebois,379
barbecuedetable,67
barbecueelectrique,552
barbecueelectriquesurpied,41
barbecueelectriquetefal,70
barbecueenfant,38
barbecueenpierre,83
barbecuefumoir,18
barbecuegaz,320
barbecuegazavecplancha,108
barbecuegazmixteplancha,47
barbecuekamado,53
barbecueninja,7
barbecueplancha,91
barbecueportable,91
barbecueweber,118
barbecueweber57cm,73
barbecuewebergaz,67
barbie,448
barbiecheval,31
barbiecutiereveal,29
barbieenceinte,29
barbiegymnaste,9
barbiepopreveal,21
barbiesirene,31
barcuisine,84
bardahl,65
bardahldecrassantmoteurdiesel5en1,66
bardecuisine,84
barexterieur,50
barilletdeportedentree,35
barista,62
baristina,45
barnum,298
barnumpliant3x3pro,84
barnumpliant3x6,49
barometre,58
barquettealuminium,65
barrageauxinsectes,45
barrearideaux,13
barrededouche,125
barredegymnastique,68
barredemusculation,37
barredepoledance,79
barrederideau,103
barredeseuil,34
barredeson,1469
barredesonbluetooth,62
barredesonbose,109
barredesonconnecteesamsung,99
barredesondolbyatmos,89
barredesonhisense,25
barredesonjbl,113
barredesonlg,78
barredesonpc,55
barredesonsamsung,152
barredesonsony,38
barredesontcl,69
barredesontele,68
barredesonultimea,43
barredetoituniverselle,73
barredetraction,156
barreled,77
barremusculation,74
barrerideaudedouche,70
barrerideauxsanspercage,67
barrettecheveux,51
barrettederam,81
barrettederam32goddr4,67
barrettederamddr432go,122
barriere,79
barrierebebe,74
barrieredejardin,91
barrieredelit,348
barrieredelitenfant,84
barrieredesecurite,119
barrieredesecuriteenfant,177
barrieredesecuriteescalier,31
barrieredesecuritesanspercage,626
barriereenfant,79
barriereescalier,76
barrierepourchien,125
basdecuisine,31
basdejogginghomme,67
basdeporte,60
baseeliquide,67
baseisofixcybex,55
basket,460
basketadidas,114
basketadidasenfant,60
basketadidasfemme,532
basketadidasfille,72
basketadidashomme,530
basketairmax,54
basketairmaxhomme,97
basketasicsgelnyc,69
basketasicshomme,71
basketball,59
basketbebe,61
basketblanche,29
basketblanchefemme,64
basketcampusfemme,74
basketdesecurite,81
basketdesecuritefemme,45
basketdesecuritehomme,50
basketenfant,272
basketenfantfille,66
basketenfantgarcon,91
basketenfantgarconnike,60
basketfemme,1428
basketfemmeadidasgazelle,49
basketfemmeblanche,46
basketfemmeconfortable,18
basketfemmeguess,61
basketfemmelacoste,61
basketfemmenewbalance,145
basketfemmenoir,63
basketfille,114
basketgarcon,91
basketguessfemme,60
basketguesshomme,54
baskethomme,2560
baskethommeblanche,70
baskethommelacoste,25
baskethommemarque,70
baskethommenewbalance,104
baskethommepuma,71
baskethommetn,57
baskethugobosshomme,59
basketjordan,63
basketlacoste,51
basketlacostefemme,62
basketlacostehomme,62
basketlecoqsportifhomme,62
basketlouisvuitton,45
basketmontantehomme,59
basketnewbalance,81
basketnewbalancefemme,19
basketnewbalancehomme,54
basketnike,489
basketnikeairmax,30
basketnikeenfant,95
basketnikefemme,489
basketnikefille,65
basketnikegarcon,57
basketnikehomme,672
basketniketn,62
basketniketnrequin,49
basketnoirhomme,64
basketpuma,75
basketpumaenfant,67
basketpumafemme,128
basketpumafille,74
basketreebokhomme,72
basketrunningfemme,65
basketrunninghomme,68
basketsecurite,81
basketsfemme,270
basketskechersfemme,56
basketsmontantesfemme,67
basketsnewbalance,31
basketsnikedunklowfemme,56
basketspuma,63
basketstommyhilfigerfemme,59
basketsvictoriafemme,47
baskettn,83
baskettnenfant,48
baskettommyhilfigerhomme,60
basketugg,36
basketunderarmour,58
basquettefemme,73
basquettehomme,11
bassindejardin,98
bassine,82
bassineplastique,58
bataillenavale,26
bataillenavaleelectronique,23
bateau,48
bateauamorceur,86
bateaudepeche,68
bateaugonflable,73
bateaupirate,22
bateaupirateplaymobil,28
bateaupneumatique,47
bateautelecommande,44
baterieexternederechargetelephone,112
batman,42
batondecolle,82
batondemarche,71
battedebaseball,38
battelfield6,35
batterie,157
batterie12v,68
batteriearthurmartin,78
batterieauto,78
batteriebosch,32
batteriebosch18v,73
batteriecasserole,141
batteriedechargelente,63
batteriedecuisine,1746
batteriedecuisinearthurmartin,163
batteriedecuisineceramique,72
batteriedecuisineinduction,541
batteriedecuisineinductiontefal,75
batteriedecuisineinox,572
batteriedecuisinetefal,171
batteriedecuisinetoutfeux,85
batteriedevoiture,430
batteriedewalt,48
batteriedyson,58
batteriedysonv10,61
batteriedysonv6,74
batteriedysonv7,77
batteriedysonv8,111
batterieeinhell,74
batterieelectronique,87
batterieenfant,102
batterieexterne,1565
batterieexterne20000mah,61
batterieexterne50000mah,93
batterieexterneapple,72
batterieexterneiphone,207
batterieexternemagnetique,61
batterieexternemagsafe,81
batterieexternesamsung,88
batterieexternesolaire,60
batterieexternexiaomi,28
batterieinduction,81
batterieinox,85
batterieiphone11,83
batterieiphone12,84
batterieiphone13,72
batterieiphonex,59
batterieiphonexr,62
batteriekarcher,59
batterielifepo4,56
batterielithium,78
batterielithium12v100ah,57
batteriemagsafe,67
batteriemakita,114
batteriemakita18v,74
batteriemakita18v5ah,78
batteriemanettexbox,52
batteriemanettexboxseriex,45
batteriemoto,65
batteriemusique,74
batterienomade,94
batterieparkside20v4ah,24
batterieportable,59
batteriepourpanneausolaire,73
batteriepourtrottinetteelectrique,45
batterieryobi,108
batterieryobi18v,63
batteriescooter50cc,55
batteriesolaire,100
batterietefal,171
batterietefalinduction,70
batterietracteurtondeuse,53
batterietrottinette,68
batterieveloelectrique,67
batterieveloelectrique36v,52
batterievoiture12v70ah,70
batterievoiture60ah,62
batterievoiture70ah,69
batteur,122
batteurelectrique,575
batteurmixeur,74
battlefield,36
battlefield6,406
battlefield6ps5,54
baumedutigre,86
bavoir,86
bavoirsbebe,107
bbcreme,35
bbq,111
bcaa,66
bdasterix,44
bdsm,63
beaba,75
beatpunch,52
beats,61
beatsstudio3,60
beaute,87
beautyofjoseon,76
bebe,1123
bebeabord,80
bebeconfort,71
bebefille,82
bebelissimopoussette,46
bebereborn,283
bebereborncorpscompletsilicone,41
beberebornfille,27
beberebornsilicone,30
bechejardin,64
bedchair,31
beko,95
belkin,59
bequiet,477
bequillevelo,65
berberine,77
berceau,98
berceaubebe,612
berceaucododo,91
berethomme,68
bermudahomme,60
bestway,92
betonniere,81
betonniereelectrique,87
beurredekarite,74
beurrier,62
beybladex,80
bialetti,74
biberon,608
biberonanticolique,77
biberonavent,109
biberonaventverre,74
biberonbebe,78
biberondodie,89
biberonenverre,135
biberonmam,579
biberonmamenverre,61
biberonmamverre,64
biberonnuk,83
biberonphilips,44
biberonphilipsavent,85
bibexpresso,33
bible,89
bibliotheque,2433
bibliothequeavecportesettiroirs,94
bibliothequebasse,26
bibliothequeblanche,99
bibliothequebois,78
bibliothequedangle,113
bibliothequeenfant,786
bibliothequeetagere,597
bibliothequeindustrielle,72
bibliothequemurale,95
bibliothequenoire,74
bibliothequesalon,67
bibliothequetournante,97
bibliothequevasagle,72
bibliothequevitrine,33
bic,57
bic4couleurs,62
bicarbonatedesoude,77
bidettoilette,82
bidonhivernagepiscine,58
biere,105
biffet,49
bigoudischeveux,72
bijoux,461
bijouxfemme,394
bijouxhomme,82
billard,98
billardamericain,26
billardconvertibleentable,68
billes,69
billesdargile,77
billet,60
billetavion,124
billieeilish,34
biobizz,88
bioderma,75
bioethanol,107
biolane,108
biotine,77
birkenstock,158
birkenstockboston,42
birkenstockdestockage,36
birkenstockfemme,49
birkenstockhomme,47
biscuits,87
bisounours,24
bissell,1026
bissellcrosswave,97
bissellcrosswave3en1,79
bissellcrosswavehydrosteampetpro,88
bissellshampouineuse,77
bissellspotcleanhydrosteam,24
bissellspotcleanpro,338
bissellspotcleanproheat,61
bisselspotclean,66
bitdefender,99
bitdefendertotalsecurity,66
bittypop,39
bitzee,74
biwi,32
blackberry,105
blackdecker,69
blackfriday,82
blackhorse,61
blackmythwukongps5,63
blackopium,65
blackops6,52
blackops7,101
blackpink,109
blackview,410
blackview5g,51
blackviewbv9300pro,56
blagueatabac,57
blanchimentdentaire,64
blancmangercoco,38
blazerfemme,52
blazerhomme,26
blender,1155
blenderbolenverre,72
blenderchauffant,615
blenderchauffantmixeuretcuiseur,150
blenderchauffantmoulinex,79
blendermixeur,136
blendermoulinex,120
blenderninja,172
blenderphilips,78
blenderportable,81
blendersmeg,32
blendersmoothie,95
bleudechanel,62
blinder,157
bloccouteauxdecuisine,75
blocdeconstruction,37
blocdeconstructionmagnetique,33
blocdeconstructionminecraft,42
blocmultiprise,79
blocnote,23
blocsmagnetiquesminecraft,20
blokus,33
blopens,57
bloqueporte,96
blouseblanche,40
blouseblanchechimie,55
blousefemme,48
blouson,41
blousoncuirhomme,59
blousonfemme,62
blousonhiverhomme,43
blousonhomme,425
blousonhommechaudhiver,34
blousonhommethenorthface,39
blousonmotofemme,74
blousonmotohomme,96
bloxfruit,32
bluelock,55
bluetooth,90
bluetoothvoiture,86
bluetti,67
bluey,308
bluray,85
bluray4k,71
blush,78
bmw,79
bmwe46,31
bmwe90,61
bmx,201
bmx20pouces,74
bmx24pouces,67
bmxenfant,75
bo7,47
bob,48
bocaux,79
bocauxenverre,148
bocauxleparfait,76
bocauxpoursterilisation,61
bodybebe,62
bodyfemme,57
bogistm5pro,58
bois,62
boisbande,48
boisdechauffage,74
boisson,66
boite,75
boiteabijoux,122
boiteacafe,84
boiteachaussures,102
boiteacigarette,77
boiteacle,117
boiteaclefsmural,19
boiteacouture,59
boiteafromage,79
boiteagateau,99
boiteagouter,83
boiteahistoire,63
boitealimentaire,58
boitealimentaireenverre,83
boitealimentairehermetique,68
boiteamontre,79
boiteamouchoirs,85
boiteamusique,42
boiteaoutils,133
boiteapain,157
boiteapeche,57
boiteasucre,80
boiteathe,90
boiteauxlettres,413
boiteauxlettres2portes,79
boitecadeau,60
boitedechocolat,58
boitedeconservation,89
boitederangement,769
boitederangementaveccouvercle,67
boitederangementcarton,59
boitederangementcuisine,73
boitederangementplastique,106
boitedoseusedelait,83
boitedragees,53
boiteenbois,69
boitehermetique,19
boiteisothermepourrepaschaud,72
boitelego,53
boiteplastique,63
boiteplastiqueaveccouverclealimentaire,46
boitesarchives,25
boitesdeconservationenverreaveccouvercleaclipser,62
boitier,84
boitierandroidtv,68
boitieraquarium,60
boitieratx,67
boitierdisquedur25,67
boitierdisquedurexterne,24
boitieriptvxiaomi,55
boitiermicroatx,39
boitierpc,764
boitierpcaquarium,41
boitierpcatx,89
boitierpcblanc,65
boitierpcgameur,22
boitierpcmicroatx,51
boitierpcmsi,70
boitierssdm2nvme,52
bol,140
boladegrossesse,86
bolasoupe,64
bolpetitdejeuner,85
bombeantiagression,70
bombedepeinture,56
bombelacrymogene,109
bombershomme,44
bonbon,701
bonbonharibo,65
bonbonniere,89
bondachat,48
bondededouche,75
bondelavabo,83
bonnet,72
bonnetdebain,67
bonnetdenoel,21
bonnetfemme,52
bonnethomme,128
bonnetiere,29
bonnetlacoste,45
bonnetnike,37
bonnetsatin,79
bonsai,77
booknook,75
boombox,59
booster,90
boosterbatterievoiture,561
boosterdebatterie,67
boosternicotine,112
boosterpokemon,829
bootsfemme,74
bootshomme,22
borderlands4,51
borduredejardin,277
borduredejardinenbois,29
borduredejardinflexible,32
bornearcade,64
bornederechargevoitureelectrique,69
bosch,396
boschlavevaisselle,43
boschpro,26
boschprofessional,85
bose,348
boseecouteur,97
bosequietcomfort,106
bosequietcomfortultra,130
boss,53
botox,31
botoxcapillaire,84
bottecaoutchouchomme,49
bottemotohomme,64
bottes,67
bottesdepluie,61
bottesdepluiefemme,56
bottesdepressotherapie,64
bottesdesecuritehomme,79
bottesfemme,473
bottesfourreesfemme,42
botteshomme,29
bottesugg,51
bottines,23
bottinesfemme,467
bottinesfemmeencuir,55
bottineshomme,87
bouchondoreille,69
bouchonevier,73
bouchonsdoreilleantibruit,87
boucledoreillecreolefemme,24
boucledoreilleenfant,23
boucledoreillefemme,63
boucledoreillefemmeenor24carats,46
boucledoreillehomme,20
bouclesdoreilles,476
bouclesdoreillesargent,59
bouclesdoreilleshomme,33
bouclesdoreillesor,55
boucleur,544
boucleurautomatique,59
boucleurbabyliss,82
boucleurcheveux,201
boucleurdyson,25
boucleurghd,68
bouddha,66
boudindeporte,119
bouee,96
boueebebe,82
boueegonflable,30
boueepiscine,60
bougeoir,72
bougie,466
bougieanniversaire,55
bougiebijoux,38
bougieparfumee,121
bougieschauffeplat,73
bougiesled,41
bougiesyankeecandle,22
bouillettecarpe,43
bouilloire,1428
bouilloireelectrique,616
bouilloireelectriquetemperaturereglable,167
bouilloireinox,75
bouilloirelectriquesansfil,82
bouilloiremoulinex,31
bouilloirerussellhobbs,68
bouilloiresmeg,531
bouilloiretefal,64
bouilloiretemperaturereglable,66
bouilloirevintage,78
bouillotte,161
bouillotteelectrique,83
bouillottemicroonde,78
boulanger,75
bouleafacette,85
bouledenoel,24
bouledepetanque,331
bouledepetanqueobut,36
boulefiltrantepiscine,10
boulequies,79
boulesdebain,68
boulesdepetanquecompetition,64
boulloireelectrique1litres,68
boulonneuseachocsansfil,70
bourgogne,54
boussole,57
boutdecanape,174
boutdelit,75
bouteille,59
bouteilledegaz,80
bouteilleenverre,66
bouteilleisotherme,60
bouteillesodastream,165
bouteillesodastreamenverre,69
boutis,65
box,25
boxandroidtv,177
boxbonbon,85
boxcigaretteelectronique,56
boxe,115
boxeenfant,55
boxer,46
boxercalvinklein,55
boxerfemme,26
boxerfreegunhomme,47
boxerhomme,556
boxiptv,35
boxtv,74
boxtvandroidx96mini4k,63
boyuedaq7pro,71
brabantia,39
bracelet,125
braceletapplewatch,163
braceletapplewatchse40mm,61
braceletconnecte,71
braceletcouple,47
braceletfemme,449
braceletfemmeargent,44
bracelethomme,458
braceletlacoste,54
braceletlacostehomme,45
braceletmontre,47
braceletmontreconnectee,52
braceletmontrehomme,67
braceletor,54
braceletor18carat,65
braceletorfemme,50
braceletpandora,58
braceletpersonnalise,41
braceletpierrenaturelle,51
brainrot,34
brandt,75
brasdecran,132
brasecran,21
brasero,447
braserobarbecue,92
braseroexterieur,108
braseroplancha,88
brasmicro,59
brasmixeur,71
brassardtelephone,52
brasseurdair,27
brassierefemme,56
brassieresport,63
brastv,64
braun,65
braunsilkepil9,69
braunsilkexpertpro5epilateurlumierepulsee,66
brawlstars,40
breathofthewild,50
bretelleshomme,56
bricolage,117
briquet,155
briquetbic,73
briquetelectrique,67
briquettempete,78
briquetzippo,107
brisebise,77
brisevue,475
brisevue120x10m,95
brisevue15x10m,98
brisevuebalcon,96
brisevuebois,86
brisevuejardin,91
brisevueretractable,77
brita,131
broderiediamant,73
broderiediamantkitcomplet,61
brodeuse,77
bromespa,59
bronzer,48
brosse,75
brosseacheveux,129
brosseacheveuxelectrique,79
brosseadent,103
brosseadentelectrique,1130
brosseadentelectrique2brossesadentelectrique,79
brosseadentelectriqueenfant,84
brosseadentelectriqueoralb,216
brosseadentelectriqueoralbpro3,48
brosseadentelectriquepourenfants,96
brosseaspirateur,70
brosseaspirateurdyson,74
brosseaspirateurrowenta,75
brossebrushing,49
brossechat,77
brossechauffante,151
brossecheveuxboucles,74
brossechien,82
brossecoiffante,80
brossedenettoyage,80
brossedyson,76
brossedysonv10,70
brossedysonv7,82
brossedysonv8,81
brosseghd,70
brosselavagevoiture,43
brosselissante,108
brossenettoyageelectrique,96
brossenettoyantevisage,62
brossepourdysonv11,60
brosserevlon,79
brosserotative,35
brosserotativepourcheveuxcourt,98
brossesechecheveux,62
brossesoufflante,679
brossesoufflante5en1,77
brossesoufflantebabyliss,94
brossesoufflantedyson,67
brossesoufflanteremington,70
brossesoufflanterevlon,68
brossesoufflanterotative,89
brossetteinterdentaire,71
brossetteoralb,122
brossetteoralbio,72
brossewc,148
brossewcsilicone,18
brother,31
brothermachineacoudre,69
brouette,134
brouettedejardin,82
brouetteelectrique,73
brouetteenfant,54
broyeur,90
broyeurcafe,101
broyeurpapier,79
broyeursdebrancheselectrique,68
broyeurvegetaux,352
broyeurvegetauxthermique,88
bruder,39
bruleparfum,54
bruleurdegraisse,89
bruleurgaz,52
brume,88
brumeparfumee,71
brumesoldejaneiro,110
brumevictoriasecret,153
brumisateur,48
brumisateurterrasse,14
bts,75
buds3,65
buds3pro,119
buffalo,54
buffet,5002
buffet100cm,68
buffet120cm,67
buffet140cm,72
buffet150cm,52
buffet160cm,64
buffet180cm,85
buffet200cm,77
buffet2portes,65
buffet4portes,74
buffetbahut,81
buffetbas,565
buffetbasblanc,66
buffetbasbois,69
buffetbascuisine,80
buffetbasdecuisine,100
buffetbassalleamanger,73
buffetblanc,554
buffetblancbrillant,63
buffetblancetbois,126
buffetblancetgris,67
buffetblanclaque,110
buffetbois,490
buffetboisetblanc,71
buffetcannage,93
buffetchambre,78
buffetchene,75
buffetcuisine,12
buffetcuisine80cm,67
buffetcuisineavecplandetravail,74
buffetcuisinebas,44
buffetcuisinenoir,55
buffetdecuisine,2142
buffetdecuisine120cm,75
buffetdecuisinebas,39
buffetdecuisineblanc,69
buffetdecuisinebois,28
buffetdecuisinegris,69
buffetderangement,54
buffetenfilade,70
buffetentree,34
buffetgris,80
buffetgrisbeton,70
buffethaut,547
buffethautcuisine,80
buffethautsalleamanger,97
buffetindustriel,114
buffetled,102
buffetmanguier,25
buffetmarbre,63
buffetmoderne,75
buffetnoir,134
buffetnoiretbois,151
buffetnoyer,65
buffetphoenix,101
buffetpilvi,70
buffetportecoulissante,58
buffetsalleamanger,1763
buffetsalleamangerblanc,74
buffetsalleamangerbois,57
buffetsalon,1096
buffetsalonblanc,66
buffetsalonbois,67
buffetscandinave,89
buffetssalleamanger180cm,34
buffetstyleindustriel,63
buffettv,121
buffetvaisselier,125
buffetvasagle,67
buffetvintage,71
buffetvitrine,54
buggy,65
buggyelectriqueenfant,49
bulbesfleurs,101
bulleurpouraquarium,77
bultex,71
bunalarmstickcam,20
burberry,45
bureau,6583
bureau100cm,60
bureau120cm,55
bureau2personnes,64
bureau80cm,59
bureau90cm,61
bureauado,99
bureauadolescent,106
bureauadulte,59
bureauanglegamer,64
bureauassisdebout,607
bureauassisdeboutelectrique,78
bureauavecetagere,106
bureauavecrangement,1029
bureauavectiroir,147
bureaubebe,84
bureaubibliotheque,64
bureaublanc,876
bureaublancavecrangement,64
bureaublancavectiroir,73
bureaublancetbois,78
bureaublanclaque,71
bureaubois,140
bureauchaise,77
bureauchambre,115
bureaucoiffeuse,126
bureaudangle,1067
bureaudangleavecetagere,83
bureaudangleavecrangement,41
bureaudangleblanc,60
bureaudanglegaming,61
bureauelectrique,92
bureauenfant,1561
bureauenfant10ans,54
bureauenfant3ans,72
bureauenfant6ans,70
bureauenfantavecchaise,86
bureauenfantfille,76
bureauenl,66
bureauetagere,65
bureauextensible,60
bureaufille,183
bureaugamer,2606
bureaugameravecrangement,86
bureaugaming,65
bureaugamingangle,122
bureaugamingblanc,119
bureaugamingled,130
bureaugarcon,70
bureaugris,74
bureauindustriel,79
bureauinformatique,178
bureauled,82
bureaumural,69
bureaunoir,110
bureaunoiretbois,29
bureaupascher,34
bureaupetitespace,68
bureaupliable,125
bureaurose,76
bureauscandinave,70
bureausecretaire,28
bureausimple,71
bureautravail,66
bureauvasagle,75
bureauxgaming,71
burineur,59
burkini,72
busfortnite,21
busjouet,19
busplaymobil,21
busyboard,42
but,56
butdefoot,93
buteedeporte,83
buzzleclair,34
bw,62
byoma,83
bz,584
bz140x190couchagequotidien,63
bzavecmatelas20cm,69
c,91
ca,69
cabaia,440
caban,50
cabanechat,31
cabanechatexterieur,72
cabanedejardinenbois,79
cabanedejardinenfant,108
cabaneenbois,75
cabaneenfant,399
cabaneenfantbois,77
cabaneenfantexterieur,71
cabaneexterieurenfant,94
cabanejardin,88
cabanelapin,12
cabanesmoby,85
cabanon,84
cabanondejardin,141
cabinededouchecomplete,60
cabinededoucheintegrale,85
cabinededoucheintegrale90x90complete,68
cabinedouche,407
cable,73
cableantennetv,71
cableapple,35
cablechargeur,75
cablechargeursamsung,56
cabledalimentation,56
cablededemarrage,23
cabledisplayport,67
cableelectrique,81
cableenceinte,24
cableethernet,165
cableethernet10m,57
cablefibreoptique,76
cablehdmi,427
cablehdmi21,85
cablehdmi4k,26
cablehdmiusbc,72
cableimprimante,53
cableinternet,65
cableiphone,163
cableiphone13,28
cablejack,43
cablelightning,54
cableoptique,69
cablerca,70
cablerechargevoitureelectrique,58
cablerj45,80
cablerj45cat8,90
cablesamsung,63
cablesata,58
cabletypec,47
cableusb,90
cableusbc,579
cableusbc2m,54
cableusbchdmi,65
cableusbcversusbc,63
cableusbcversusbcsamsung,42
cableusbversusbc,65
cablexlr,59
caca,56
cachecable,69
cacheclimatiseurexterieur,73
cachecou,53
cachemoyeuvolkswagen,58
cachepieddesapin,44
cacheplaquedecuissonelectrique,88
cachepot,145
cachepoubelle,77
cachepoubelleexterieur,86
cacheprise,73
cacheradiateur,152
cachesommier,87
cachesommier140x190,75
cachesommier160x200cm,68
cactus,81
cactusquidanseparlerepete,26
caddie,8
caddiedecoursesenfant,22
caddiepourcourses,55
cadeau,94
cadeauadogarcon,28
cadeauanniversaire,59
cadeauanniversairehomme,69
cadeaubebe,80
cadeaucouple,48
cadeauenfantde3ans,37
cadeaufetedesmeres,6
cadeaufille,24
cadeauhomme,610
cadeaumaitresse,52
cadeaumaman,46
cadeaunoel,71
cadeaupapa,60
cadeaupersonnalise,75
cadeaupourado,39
cadeausaintvalentinfemme,7
cadeaustitch,59
cadeauxanniversairefemme,76
cadeauxdenoel,31
cadeauxdenoelpourfemme,48
cadeauxdenoelpourhomme,38
cadeauxpersonnalise,42
cadenas,126
cadenasacode,61
cadenastrotinetteelectrique,83
cadenasvelo,68
cadiepourcourses,93
cadre,132
cadre30x40,77
cadre40x40,50
cadre40x60,73
cadredelit,546
cadredelit140x190,129
cadredelit140x200,18
cadredelit160x200,333
cadredelit160x200cm,62
cadredelit180x200,104
cadredelit200x200,64
cadredelit90x190,68
cadredelitbois140x190,140
cadredelitbois160x200,111
cadredelitbois90x190,58
cadrelit140x190sanssommier,77
cadrepersonnalise,44
cadrephoto,549
cadrephoto40x60,88
cadrephoto50x70,99
cadrephotonumerique,109
cadresalon,75
cafard,36
cafe,504
cafecapsule,62
cafedelta,122
cafedosette,59
cafeengrain,35
cafeengrains1kg,92
cafegrain,113
cafegrandmere,75
cafelavazza,70
cafelor,73
cafemoulu,111
cafesenseo,88
cafetassimo,72
cafetiere,2715
cafetiere5en1,70
cafetiereadosette,35
cafetiereadosettesouple,60
cafetiereafiltre,71
cafetiereagrain,1656
cafetiereagraindecafe,11
cafetiereagraindelonghi,136
cafetiereagrainkrups,42
cafetiereagrainphilips,97
cafetiereapiston,72
cafetierebarista,64
cafetierebialetti,64
cafetierebroyeur,142
cafetierecapsule,133
cafetierececotec,72
cafetierecombine,65
cafetieredelonghi,514
cafetieredolcegusto,677
cafetieredolcegustoautomatique,67
cafetieredosette,157
cafetiereelectrique,204
cafetiereexpresso,146
cafetierefiltre,508
cafetiereisotherme,162
cafetiereitalienne,213
cafetiereitalienneelectrique,79
cafetiereitalienneinduction,72
cafetierekrups,123
cafetierelavazza,52
cafetierelor,63
cafetieremoulinex,65
cafetieremulticapsule,10
cafetiereneo,187
cafetierenespresso,844
cafetiereninja,24
cafetierephilips,99
cafetiereportable,231
cafetiereprogrammable,97
cafetiereprogrammableisotherme,51
cafetiererose,66
cafetieresenseo,1442
cafetieresenseodosette,76
cafetieresenseopromo,71
cafetieretassimo,134
cage,81
cageapoule,51
cagechienxxl,74
cagechinchilla,70
cagecochondinde,91
cagedechastete,69
cagedefoot,78
cagedetransportpourchat,67
cagedetransportpourchien,67
cagefuret,67
cagehamster,153
cagelapin,440
cagelapininterieur,71
cageoiseau,56
cageoiseaux,335
cageperroquet,72
cagepourchat,74
cagepourchien,491
cagepourlapin,74
cagerat,66
cagerongeur,80
cagesdefootenfant,52
cagoule,95
cagoulemoto,72
cahier,70
cahier24x32,8
cahierdebrouillon,31
cahierdecoloriage,54
cahierdetexte,10
cahierdevacances,35
caillebotisexterieur,96
caisse,77
caisseachat,69
caisseaoutils,604
caisseaoutilscomplete,83
caisseaoutilsvide,81
caissederangement,126
caissedetransportchat,109
caissedetransportchien,77
caisseenbois,104
caisseenregistreuse,73
caisseenregistreusepourenfant,40
caisselitierechat,27
caisseplastique,78
caisson,95
caissondebasse,116
caissondebasseamplifievoiture,25
caissondebassevoiture,106
caissondebureau,465
caissondecuisine,85
caissonderangement,84
caissondressing,46
caissonmtx,29
cakefactory,497
cakefactoryinfinity,98
cakefactoryxlinfinity,64
calculatrice,76
calculatricecasio,56
calculatricecasiofx92,39
calculatricecollege,60
calculatricelycee,68
calculatricelyceenumworks,79
calebebe,78
calecon,70
caleconcalvinklein,52
caleconhomme,532
calendrier,43
calendrier2025,33
calendrier2026,47
calendrierdelavent,190
calendrierdelavent2025,151
calendrierdelaventado,61
calendrierdelaventadulte,54
calendrierdelaventbeaute,62
calendrierdelaventbebe,11
calendrierdelaventbiere,80
calendrierdelaventbijoux,40
calendrierdelaventbougie,48
calendrierdelaventchocolat,47
calendrierdelaventdemonslayer,23
calendrierdelaventenfant,38
calendrierdelaventfille,44
calendrierdelaventfoot,53
calendrierdelaventgarcon,31
calendrierdelaventharrypotter,44
calendrierdelaventhomme,42
calendrierdelaventkinder,68
calendrierdelaventkpop,27
calendrierdelaventkpopdemonhunter,41
calendrierdelaventlabubu,21
calendrierdelaventlego,46
calendrierdelaventlegofleur,28
calendrierdelaventmaquillage,61
calendrierdelaventmarvel,20
calendrierdelaventmaybelline,37
calendrierdelaventminecraft,40
calendrierdelaventnivea,49
calendrierdelaventonepiece,15
calendrierdelaventparfum,37
calendrierdelaventpatpatrouille,16
calendrierdelaventpeche,37
calendrierdelaventplaymobil,29
calendrierdelaventpokemon,39
calendrierdelaventpop,46
calendrierdelaventrhum,35
calendrierdelaventsaucisson,30
calendrierdelaventsephora,58
calendrierdelaventstarwars,21
calendrierdelaventstitch,34
calendrierdelaventstrangerthings,29
calendrierdelaventthe,35
calendrierdelaventwhisky,30
calendrierpokemon,31
caleporte,83
calespourcampingcar,51
calgon,44
calicosy,63
callofduty,85
callofdutyblackops6,63
callofdutyblackops6ps4,53
callofdutyblackops7,144
callofdutyps4,25
callofdutyps5,64
calor,73
calvinklein,68
cama,64
camera,672
camera360,69
camera4k,28
cameraanran,67
camerabebe,158
cameracanon,68
cameradechasse,197
cameradechasseavecledinvisibledenuit,35
cameraderecul,345
cameradereculsansfil,75
cameradesurveillance,1643
cameradesurveillancebebe,79
cameradesurveillanceexterieur,126
cameradesurveillanceinterieur,127
cameradesurveillancesansfil,84
cameradesurveillancesolaire,466
cameradesurveillancesolaire4g,66
cameradesurveillancevoiture,68
cameradesurveillancewifisansfilavecbatterie,38
cameradevoiture,71
cameradigital,51
cameraendoscope,67
cameraenfant,41
cameraespion,560
cameraexterieur,139
cameraexterieursansfil,104
cameraexterieursansfilabatterie,76
cameraexterieursolaire,72
cameraezviz,76
cameragopro,72
cameraimou,42
camerainterieur,118
cameramoto,27
camerapc,36
cameraprofessionnelle,51
cameraps5,49
camerasansfil,46
camerasolaire,124
camerasolaireexterieur,68
camerasony,57
camerasport,79
camerasurveillancebebe,75
camerasurveillanceexterieur,743
cameraswitch2,33
cameratapo,346
camerathermique,75
cameravideo,63
cameravlog,68
cameravoiture,111
camerawifi,66
camerawifiinterieur,71
cameraxiaomi,74
camescope,123
camescopenumerique,58
camion,41
camionenfant,50
camionjouet,47
camionpatpatrouille,50
camionpompier,65
camionpompierplaymobil,21
camionpoubelle,36
camiontelecommande,43
camping,89
campingcar,99
campingcarbarbie,39
campingcarplaymobil,29
campinggaz,72
campus,235
campus00s,56
campusadidasfemme,86
campusenfant,74
campusfemme,64
campusnoir,70
canadagoose,59
canaltoys,34
canape,15686
canape1place,119
canape1placeconvertible,60
canape2placeconvertible,53
canape2places,1141
canape2placesconvertible,92
canape2placesvelours,60
canape32,69
canape321,28
canape3places,1538
canape3placesbeige,49
canape3placesentissu,20
canape3placesfixe,95
canape3placestissu,31
canape3placesvelours,9
canape4places,442
canape4placesconvertible,59
canape5places,184
canape6places,124
canape7places,179
canapeangledroit,30
canapeanglegauche7places,19
canapeantitache,50
canapearrondi,63
canapeassiseprofonde,102
canapeavecpouf,29
canapebanquette,64
canapebeige,851
canapebeigevelours,16
canapeblanc,107
canapebleu,87
canapebleucanard,60
canapebobochic,72
canapebouclette,89
canapebubble,122
canapebz,104
canapecapitonne,67
canapecezanne,60
canapechambre,58
canapechesterfield,108
canapechien,116
canapeclicclac,530
canapeclicclacmatelasbultex,68
canapecoffre,76
canapecompresse,97
canapeconfort,98
canapeconvertible,9322
canapeconvertible1place,64
canapeconvertible2places,564
canapeconvertible3places,994
canapeconvertible4places,74
canapeconvertible5places,77
canapeconvertible6places,61
canapeconvertible7places,67
canapeconvertibleaveccoffre,85
canapeconvertibleavecmatelas,26
canapeconvertibleavecvraimatelas,279
canapeconvertiblebeige,145
canapeconvertiblebleu,61
canapeconvertiblecdiscount,66
canapeconvertiblecuir,42
canapeconvertibleenlit,8
canapeconvertibleexpress,115
canapeconvertibleexpress2places,33
canapeconvertiblegris,61
canapeconvertiblelit,52
canapeconvertiblemarron,58
canapeconvertiblenoir,87
canapeconvertiblepascher,68
canapeconvertiblevelourscotele,249
canapeconvertiblevert,64
canapecotele,151
canapecotelebeige,65
canapecuir,499
canapecuir3places,67
canapedangle,6394
canapedangle2places,66
canapedangle3place,65
canapedangle4places,69
canapedangle5place,65
canapedangle5places,70
canapedangle6places,85
canapedangle7places,87
canapedanglebeige,384
canapedangleblanc,63
canapedanglebleu,57
canapedangleconvertible,3340
canapedangleconvertible4places,58
canapedangleconvertible5places,83
canapedangleconvertiblebeige,66
canapedangleconvertiblegris,64
canapedangleconvertiblenoir,57
canapedangleconvertiblereversible,57
canapedangleconvertiblevelourscotele,66
canapedanglecotele,64
canapedanglecuir,124
canapedangledroit,87
canapedangledroitconvertible,107
canapedangledroitconvertible6places,57
canapedangleelectrique,58
canapedanglegauche,141
canapedanglegaucheconvertible,67
canapedanglegris,89
canapedanglenoir,90
canapedanglepanoramique,69
canapedanglepascher,66
canapedanglereversible,76
canapedanglereversibleconvertiblecoffret,10
canapedanglesimilicuir,57
canapedangletissu,64
canapedanglevelourcotele,66
canapedanglevelours,139
canapedanglevelourscotele,12
canapedanglevelourscotelebeige,44
canapedanglevert,12
canapedanglexxl,77
canapedaytona,61
canapedehoussable,65
canapedesalon,61
canapedesign,66
canapedeuxplaces,102
canapedeuxplacesconvertible,56
canapedroit,216
canapedroitconvertible,144
canapeelectrique,105
canapeenfant,128
canapeenmousse,70
canapeenu,487
canapeenuconvertible,66
canapeetfauteuil,18
canapeexpress,68
canapeexterieur,112
canapefauteuil,33
canapefixe,58
canapegonflable,118
canapegris,119
canapejardin,92
canapejaune,61
canapejosh,53
canapel,39
canapelit,68
canapelit1place,69
canapelit2places,176
canapelitavecmatelas,38
canapelitconvertible,8
canapelitenfant,80
canapelitgigogne,62
canapelithautdegamme,74
canapemarocain,81
canapemarron,112
canapemeridienne,102
canapemika,15
canapemoderne,63
canapemodulable,573
canapemoelleux,56
canapenoir,179
canapenuage,91
canapepanoramique,877
canapepanoramiqueconvertible,92
canapepanoramiquevelourscotele,56
canapepascher,143
canapepharell,70
canapepouf,74
canaperangleetconvertible,120
canaperapido,65
canaperay,63
canaperelax,460
canaperelax2places,79
canaperelax3places,82
canaperelaxelectrique,83
canapereversible,60
canaperond,30
canaperose,72
canaperotin,48
canaperouge,23
canapes2placesconvertible,100
canapes3placesconvertible,3
canapesalon,93
canapescandinave,90
canapesimili,57
canapesimilicuir,105
canapetaupe,69
canapeterracotta,74
canapetroisplaces,26
canapeturc,67
canapeuneplace,46
canapevelours,614
canapevelourscotele,441
canapevelourscotelebeige,42
canapeveloursnoir,53
canapevert,124
canapexxl,336
candy,65
canevas,46
canevasavecfils,61
canisse,101
canissebambou,84
canissepvc,85
cannage,67
canneacarpe,72
canneantivolvoiture,29
canneapeche,277
cannedemarche,91
canoekayakgonflable2places,18
canon,105
canoneos,19
canoneos2000d,66
canoneosr50,57
canong7x,77
canong7xmarkii,69
canonpowershotsx740hs,52
canonr6markii,61
canonr7,67
canonselphycp1500,65
canva,107
canvaspro,112
capedebain,61
capedebainbebe,81
cappuccino,79
capsulecafe,76
capsuledolcegusto,143
capsulelor,75
capsulenespresso,150
capsulenespressovertuo,92
capsuleongle,80
capsuletassimo,102
capybara,29
carabine,56
carabineaplomb,123
carafe,66
carafeavin,29
carafeawhisky,27
carafebrita,73
carafebritaenverre,66
carafedeau,29
carafefiltrante,171
carafefiltrantebrita,71
caravane,68
carburateurdebroussailleuse,30
carchernettoyeurhautepression,97
cardiganfemme,20
cardiganhomme,31
cargohomme,54
carhartt,47
carlocrado,31
carnet,60
carpe,65
carplay,705
carplayandroidvoiture,140
carplayclio3,103
carplayclio4,60
carplaymoto,68
carplaysansfil,110
carplayvoiture,74
carport,140
carportbois,91
carportvoiture,78
carrelage,103
carrelageadhesifcuisine,59
carrelageadhesifsalledebain,39
carrelageexterieur,92
carrelette,48
carrepotager,103
cars,53
carsdisney,32
cartable,154
cartablearoulette,61
cartablearoulettefille,70
cartablearoulettestitch,33
cartablefille,66
cartablegarconprimaire,63
cartableminecraft,22
cartablestitch,142
carte,52
carteanniversaire,59
cartecadeau,440
cartecadeauamazon,45
cartecadeaucdiscount,80
cartecadeauillicado,35
cartecadeauplaystation,54
cartecadeausteam,43
cartecdiscount,80
cartecdiscountavolonte,71
cartecdiscountfloa,29
cartefortnite,45
cartegoogleplay,47
cartegraphique,1033
cartegraphique3070,8
cartegraphique4070,30
cartegraphiqueamd,66
cartegraphiquenvidia,70
cartegraphiquertx,98
cartegraphiquertx4060,63
cartegraphiquertx5070,58
cartememoiresd,69
cartemere,579
cartemeream4,102
cartemeream5,99
cartemereamd,51
cartemereasus,56
cartemereb550,55
cartemereb650,51
cartemereddr5,26
cartemerelga1700,55
cartemeremsi,69
cartemicrosd,436
cartemicrosd128go,57
cartemicrosd256go,23
cartemicrosd32gb,57
cartemicrosd512go,66
cartemicrosdswitch,54
cartemicrosdxc256go,97
carteonepiece,51
carteplaystation,72
cartepokemon,934
cartepokemonbooster,45
cartepokemonenfrancais,58
carteps5,48
cartepsn,368
carteroblox,86
carterobux,86
cartesd,106
cartesd128go,107
cartesd1to,100
cartesd256go,78
cartesd32go,61
cartesd512go,47
cartesd64go,52
cartesdswitch,116
cartesgraphiques,49
cartesim,102
carteson,87
cartespokemonfrancaise,21
cartesteam,53
cartevbucks,48
cartewifi,67
cartexbox,67
carton,78
cartonemballage,81
cartonspourdemenagement,72
cartouche,52
cartouche305,30
cartouchebrita,120
cartouchecanon540541,107
cartouchecanon560561,28
cartouchecanonpixmats3350,45
cartouchedencre,35
cartouchedencrecanon,17
cartouchedencrecanon540541,71
cartouchedencrecanon575576,62
cartouchedencrehp,52
cartouchedencrehp301,125
cartouchedencrehp305,48
cartoucheencrecanon540541,46
cartoucheencreepson,41
cartoucheencreepson604xl,72
cartoucheencrehp301,69
cartoucheencrehp305,81
cartoucheepson,67
cartoucheepson604,84
cartoucheepsonxp2200,175
cartouchegaz,76
cartouchehp,70
cartouchehp301xl,55
cartouchehp302,403
cartouchehp303,86
cartouchehp304,100
cartouchehp305,659
cartouchehp305xl,88
cartouchehp62,29
cartouchehp924,66
cartouchehpdeskjet2810e,67
cartoucheimprimante,118
caseroleetpoeles,106
casier,60
casierabouteille,81
casierderangement,119
casio,85
casiofx92,50
casque,853
casqueaconductionosseuse,47
casqueantibruit,127
casqueantibruitbebe,62
casqueantibruitbluetooth,42
casqueantibruitenfant,86
casqueapple,868
casquearai,76
casqueaudio,512
casqueaudiobluetooth,71
casqueaudioenfant,38
casqueaudiofilaire,83
casqueaudiosansfil,64
casquebeats,100
casquebluetooth,1966
casquebluetoothavecmicro,73
casquebluetoothenfant,96
casquebluetoothjbl,121
casquebluetoothpourtelevision,32
casquebluetoothps5,197
casquebluetoothreductiondebruit,68
casquebluetoothsansfil,52
casquebluetoothsony,123
casquebmxenfant,59
casquebosequietcomfortultra,49
casqueconductionosseuse,99
casquecorsair,58
casquecrossenfant,63
casquedesoudureautomatique,73
casquedj,60
casqueenfant,84
casqueenfantmoto,56
casquefilaire,87
casquegamer,1142
casquegamerpc,62
casquegamerps5,68
casquegamersansfil,177
casquegamingpc,36
casquegamingps5,41
casquehjc,72
casquehyperx,68
casqueintegral,45
casqueiphone,68
casquejbl,710
casquejblbluetooth,70
casquejblsansfil,98
casquejet,61
casquelegostarwars,35
casquelogitech,96
casquelogitechgprox,61
casquemarshall,111
casquemicro,91
casquemicrosansfil,58
casquemodulable,71
casquemoto,740
casquemotobluetoothintegre,70
casquemotocross,150
casquemotocrossenfant,68
casquemotoenfant,134
casquemotofemme,80
casquemotohomologue,57
casquemotojet,66
casquemotols2,66
casquemotomodulable,75
casquepc,70
casqueplaystation,51
casqueplaystation5,97
casquepourtrottinetteelectrique,67
casqueprotectionbebe,30
casqueps4,138
casqueps5,777
casqueps5pulse3d,50
casquerazer,81
casquerealitevirtuelle,54
casquereducteurdebruit,62
casquesansfilpourtelevision,29
casquescooter,99
casquesony,495
casquesonyps5,46
casquesonywh1000xm4,57
casquesteelseries,24
casquestitch,34
casqueswitch,127
casquetelevisionsansfil,67
casquetrotinette,148
casquetrotinetteelectrique,110
casquetrottinette,74
casquetrottinetteadulte,78
casquetrottinetteelectriqueadulte,50
casquetrottinetteenfant,67
casquette,124
casquetteenfant,82
casquettefemme,69
casquettegertrude,73
casquettegucci,57
casquettehomme,444
casquettelacoste,71
casquettenewera,70
casquettenike,55
casquetteny,69
casquettesweetpants,73
casquetteunderarmour,70
casquettevondutch,73
casqueturtlebeach,37
casquetv,68
casquetvsansfil,68
casquetvsansfilrechargeablesursocle,36
casquevelo,135
casqueveloadulte,76
casqueveloenfant,137
casquevelofemme,75
casquevelofille,62
casquevelovisiere,71
casquevirtuel,76
casquevirtuelps5,5
casquevr,417
casquevr2ps5,48
casquevroculus,10
casquevrpc,44
casquevrps4,46
casquevrps5,94
casquevtt,57
casquexbox,300
casquexboxsansfil,61
casquexboxseriex,53
cassenoix,95
casserole,1647
casserolearthurmartin,86
casseroleceramique,92
casseroleenfonte,75
casseroleinduction,655
casseroleinox,595
casseroleinoxinduction,71
casseroletefal,491
casseroletefalinduction,80
casseroletefalingenio,71
casserolier,95
cassetete,36
castrol5w30,37
caterpillarhomme,55
caveavin,1182
caveavinbizone,21
caveavindevieillissement,95
caveavinencastrable,64
caveavinhaier,72
caveavinlasommeliere,67
caveavinvintage,72
cbd,77
cccreme,70
cccremeerborian,99
cd,95
cdiscount,1052
cdiscountavolonte,57
cdiscountavolonter,50
cdmusique,97
cdvierge,51
ce,79
cecotec,143
cecotecmachineacafe,32
ceintre,75
ceinture,52
ceintureabdominale,75
ceinturecuirhomme,62
ceinturefemme,70
ceinturehomme,414
ceinturelombaire,76
cellublue,31
cendrier,80
centella,38
centerparc,55
centraleelectriqueportable,23
centralevapeur,1238
centralevapeurcalor,171
centralevapeurphilips,112
centralevapeurphilipsperfectcare,73
centralevapeurrowenta,23
centrifugeuse,171
centrifugeuseextracteurdejus,73
cerave,120
cerceauminceurhulahoop,29
cerclepatisserie,87
chablis,64
chabrand,26
chaine,61
chaineargent,59
chaineargentfemme,53
chaineargenthomme,51
chainedetronconneuse,118
chainehifi,494
chainehifiaveclecteurcd,86
chainehifiavecplatinevinyle,59
chainehomme,54
chaineneige,50
chaineor,57
chaise,5112
chaiseabascule,167
chaisealunite,70
chaiseamanger,113
chaisearoulette,89
chaiseauto,27
chaiseavecaccoudoir,115
chaisebalancoire,73
chaisebebe,473
chaisebeige,612
chaisebistrot,85
chaiseblanche,423
chaiseblancheetbois,91
chaisebleu,70
chaisebois,600
chaisebouclette,113
chaisebureaucharge200kg,52
chaisebureauergonomique,82
chaisebureaufille,140
chaisebureaurose,41
chaisebureauvelours,67
chaisecannage,57
chaisecapitonnee,80
chaisechambre,93
chaisecoiffeuse,1489
chaiseconfortable,79
chaisecoquillage,138
chaisecuir,63
chaisecuisine,32
chaisecuisinelotde4,104
chaisedebar,53
chaisedebarenrotin,40
chaisedebureau,4272
chaisedebureauaroulettes,56
chaisedebureaubeige,54
chaisedebureaublanche,82
chaisedebureauenfant,206
chaisedebureauergonomique,190
chaisedebureaurose,78
chaisedebureausansroulette,85
chaisedecuisine,524
chaisededouche,53
chaisedejardin,436
chaisedejardinaluminiumempilables,64
chaisedejardinblanc,21
chaisedejardinenbois,18
chaisedejardinplastique,46
chaisedejardinpliante,94
chaisedejardinresine,45
chaisedepeche,59
chaisedeplage,54
chaisedesalleamangerdossierhaut,39
chaisedesalon,9
chaisedesign,80
chaisedetable,76
chaisedore,71
chaiseenfant,163
chaiseenvelours,70
chaiseergonomique,187
chaisefauteuil,125
chaisegaming,3732
chaisegamingavecled,119
chaisegamingblanc,64
chaisegamingenfant,61
chaisegamingergonomique,64
chaisegamingmassage,58
chaisegamingrose,68
chaisegamingtissu,63
chaisegamingxl,63
chaisegrise,111
chaisehaute,769
chaisehautebebe,1238
chaisehautebebe3en1,77
chaisehautebebeconfort,81
chaisehautebebeevolutive,76
chaisehautebebekinderkraft,72
chaisehautebebepliante,86
chaisehautechicco,75
chaisehautecuisine,142
chaisehautedebar,198
chaisehauteenfant,73
chaisehauteevolutive,105
chaisehautekinderkraft,83
chaisehautepoupee,35
chaisehautepoupon,17
chaisehautepourtablebarcuisine,85
chaisehautetransat,82
chaiseilotcentral,71
chaiseindustriel,85
chaiseindustrielle,21
chaiselonguedejardin,42
chaiselonguepliante,90
chaiselotde6salleamanger,102
chaisemangedebout,75
chaisemarron,109
chaisemedaillon,126
chaisemetal,40
chaisemoderne,17
chaisemusicale,29
chaisenoir,171
chaisenoiretbois,67
chaisenoyer,118
chaiseosier,92
chaisepascher,64
chaisepatchwork,67
chaisepieddore,71
chaisepivotante,100
chaiseplastique,99
chaisepliante,882
chaisepliantecamping,230
chaisepliantedejardin,71
chaisepliantedeplages,64
chaisepliantesalleamanger,73
chaisepolypropylene,44
chaiserelax,97
chaiserobinet,55
chaiseromaine,101
chaiserose,129
chaiserotin,139
chaiseroulante,79
chaises,45
chaisesalleamanger,9908
chaisesalleamanger4,65
chaisesalleamanger6,72
chaisesalleamangerbeige,102
chaisesalleamangerblanche,36
chaisesalleamangerbois,169
chaisesalleamangerdesign,103
chaisesalleamangergris,31
chaisesalleamangergrise,69
chaisesalleamangerlotde2,44
chaisesalleamangerlotde4,86
chaisesalleamangerlotde6,146
chaisesalleamangermarron,71
chaisesalleamangernoir,95
chaisesalleamangerpivotante,79
chaisesalleamangerrotin,75
chaisesalleamangerscandinave,74
chaisesalleamangervelours,53
chaisesalon,174
chaisescandinave,1256
chaisescandinavebeige,70
chaisescandinaveblanche,27
chaisescandinavenoir,70
chaisescandinavetissu,32
chaisesdebalcon,15
chaisesdesalleamanger,734
chaisesdesalleamangerblanche,57
chaisesdesalleamangerrotin,76
chaisesdesalleamangerscandinave,63
chaisesdesalleamangervelours,20
chaisesenvelours,60
chaisesfauteuildesalleamanger,88
chaisesimilicuir,36
chaisesindustrielleslotde6,57
chaisesnoires,75
chaisessalleamangerbleu,20
chaisessalleamangerpar4ensoldes,12
chaisessalleamangerpar6ensoldes,38
chaisessallesamangeravecaccoudoirs,150
chaisesscandinaveslotde6,72
chaisesuspendu,96
chaisesuspendue,88
chaisesvelours,62
chaisetaupe,77
chaiseterracotta,88
chaisetissus,75
chaisetransparente,119
chaisetransparentesalleamanger,49
chaisevasagle,68
chaisevelours,461
chaiseveloursbeige,90
chaisevelourscotele,64
chaiseveloursnoir,71
chaiseverte,76
chaisevintage,72
chaisewoltu,34
chaisseslotde4salleamanger,74
chaissessalleamangerparlot,62
chalet,53
chaletbois,78
chaletdejardinenbois,34
chaletenboishabitable,62
chalumeau,76
chalumeaudecuisine,143
chambre,153
chambreaacouchercompleteadulte,54
chambreaair,73
chambreaairvelo,66
chambreacoucher,112
chambreacouchercomplete,78
chambreado,78
chambreadocomplete,55
chambreadulte,378
chambreadultecompleteavecarmoire,52
chambrebebe,1066
chambrebebecomplete,154
chambrebebeduo,66
chambrebebeevolutif,31
chambrebebefille,78
chambrebebetrio,72
chambrecomplete,119
chambrecompleteado,29
chambrecompleteadofille,58
chambrecompleteadulte,1157
chambrecompleteadulte140x190cm,69
chambrecompleteadulte160x200,71
chambrecompletebebe,118
chambrecompleteenfant,118
chambrecompletefille,85
chambrecompletegarcon,64
chambredeculture,90
chambreenfant,534
chambreenfantfille,72
chambreenfantgarcon,65
chambrefille,104
chambrefillecomplete,56
chambregarcon,71
champagne,738
champagne6bouteilles,91
champagnebrut,62
champagnedemisec,41
champagnedomperignon,54
champagnemoetchandon,29
champagnenicolasfeuillatte,47
champagnepar12bouteilles,71
champagnerose,57
champagneruinart,84
champoinneuse,52
chanceliere,79
chancelierepoussette,87
chandelier,69
chandellevoiture,85
chanel,73
chapeau,40
chapeaucowboy,65
chapeauhomme,53
chapelet,62
chapiteau,77
chapiteautentedereception,41
charbon,43
charbonactif,59
charbonchicha,73
charbondebois,36
charentaisehomme,48
chargeur,153
chargeur120w,56
chargeur45w,60
chargeurallumecigare,67
chargeurapple,116
chargeurapplewatch,60
chargeurasus,55
chargeurbatterievoiture,174
chargeurboosterbatterievoiture,45
chargeurdebatterie,80
chargeurdebatterieauto,71
chargeurdemanetteswitch,42
chargeurdepiles,95
chargeurhoverboard,71
chargeurinduction,113
chargeurinductionapple,59
chargeurinductionsamsung,63
chargeuripad,57
chargeuriphone,1110
chargeuriphone11,67
chargeuriphone12,105
chargeuriphone13,126
chargeuriphone14,145
chargeuriphone15,198
chargeuriphone16,132
chargeuriphone16promax,63
chargeuriphoneapple,44
chargeuriphoneinduction,59
chargeuriphoneusbc,27
chargeurmacbook,66
chargeurmacbookpro,63
chargeurmagsafe,67
chargeurmakita,76
chargeurmanetteps4,51
chargeurmanetteps5,106
chargeurnintendoswitch,50
chargeurordinateurportable,66
chargeurpchp,32
chargeurpcportable,54
chargeurpilesrechargeables,76
chargeurportable,57
chargeurps5,50
chargeurrapide,445
chargeurrapideiphone,319
chargeurrapideiphone13,62
chargeurrapideiphone15,47
chargeurrapidesamsung,115
chargeurrapideusbc,60
chargeurrapidexiaomi,41
chargeursamsung,939
chargeursamsung25w,57
chargeursamsung45w,120
chargeursamsunga15,67
chargeursamsunga16,59
chargeursamsungoriginal,78
chargeursamsungs22,31
chargeursamsungs23,50
chargeursamsungs23ultra,32
chargeursamsungs24,59
chargeursansfil,84
chargeursansfiliphone,58
chargeursansfilsamsung,64
chargeursolaire,54
chargeurswitch,72
chargeurtablettesamsunga9,53
chargeurtelephone,44
chargeurtrotinette,169
chargeurtrottinetteelectrique,73
chargeurtrottinetteelectriqueescooter,50
chargeurtrottinetteelectriqueurbanglide,56
chargeurtypec,56
chargeuruniversel,64
chargeuruniverselpcportable,37
chargeuruniverselpourmontreconnectee,42
chargeurusb,76
chargeurusbc,386
chargeurvoiture,69
chargeurvoitureelectrique,69
chargeurxiaomi,67
chargeurxiaomi120w,66
chargeurxiaomi67w,46
chargeurxiaomim365,72
chariot,114
chariotaroulette,71
chariotcourse3roues,53
chariotcoursesroulettes,58
chariotdecourses,515
chariotdecourses4roues,52
chariotdecourses6roues,51
chariotdecuisine,75
chariotdejardin,106
chariotdemarchebebe,69
chariotdepeche,87
chariotdeplage,86
chariotderangement,76
chariotmenageenfant,34
chariotplancha,71
chariotpliable,100
charms,30
charmspandora,66
charniere,81
chasse,90
chassedeauwc,88
chassetaupe,26
chat,477
chateaudisneylego,35
chateaugonflable,232
chateaugonflableavecsouffleur,9
chateauneufdupape,35
chateauplaymobil,48
chatgpt,41
chatiere,104
chatiereapuceelectronique,62
chatinteractif,26
chauffage,165
chauffageapetrole,81
chauffageaquarium,84
chauffagebaindhuile,71
chauffagedappoint,729
chauffagedappointaugaz,103
chauffagedappointeconomique,62
chauffagedappointpetrole,61
chauffagediesel,56
chauffageelectrique,462
chauffageexterieur,84
chauffagegaz,471
chauffagepetrole,87
chauffagepiscine,68
chauffagepourvoiture,87
chauffagesoufflant,143
chauffagesoufflantsalledebain,34
chauffebiberon,619
chauffebiberonnomade,105
chauffebiberonportable,107
chauffecire,96
chauffeeau,92
chauffeeauagaz,67
chauffeeauelectrique,147
chauffeeauinstantaneelectrique,80
chauffeeauthermodynamique,60
chauffeplat,77
chauffeplatelectrique,62
chaufferettemain,75
chaufferettemainrechargeable,38
chauffeserviette,41
chauffeuse,640
chauffeuse1place,63
chauffeuse2places,66
chauffeuse2placesconvertible,106
chauffeuseconvertible1place,116
chauffeuseenfant,77
chause,70
chaussepied,79
chaussettebebe,44
chaussettehomme,557
chaussetteneige,49
chaussettenike,98
chaussettepaillette,146
chaussettes,446
chaussettesadidas,47
chaussettesapaillettes,8
chaussetteschauffantes,64
chaussettesfemme,96
chaussettespaillettes,47
chaussettesrigolotes,20
chaussettessporthomme,19
chausson,19
chaussonbebe,49
chaussonenfant,37
chaussonfemme,130
chaussonhomme,114
chaussons,59
chaussonsfemme,48
chaussonshomme,56
chaussure,464
chaussureadidas,54
chaussureasics,54
chaussurebebe,61
chaussuredebasketball,59
chaussuredecuisine,52
chaussuredefoot,115
chaussuredefootenfant,79
chaussuredemarchehomme,72
chaussurederandonneehomme,91
chaussuredesecuritefemme,139
chaussuredesecuritehomme,535
chaussuredesecuritepuma,65
chaussureenfant,86
chaussurefemme,461
chaussurefille,10
chaussurefootenfant,32
chaussureguess,49
chaussurehomme,1051
chaussurehommehiver,22
chaussurehommenike,124
chaussurejordan,18
chaussurelacoste,61
chaussuremoto,66
chaussuremotohomme,32
chaussurenewbalance,63
chaussurenike,42
chaussureorthopediquefemme,51
chaussuresadidas,68
chaussuresalomonhomme,49
chaussurescuirhomme,48
chaussuresdefootball,61
chaussuresdesecurite,445
chaussuresdesecuritehomme,147
chaussuresdesecuritemontantehomme,78
chaussuresdesport,65
chaussuresdesporthomme,11
chaussuresdetefemmes,80
chaussuresdevillehomme,54
chaussuresenfant,52
chaussuresenfantfille,38
chaussuresenfantsgarcon,67
chaussuresfemme,481
chaussureshomme,135
chaussureshommelacoste,61
chaussuresnike,151
chaussuresrandonnee,81
chaussuresrunning,56
chaussuresrunninghomme,80
chaussurestn,57
chaussuretn,26
chemindetable,108
chemindetablenoel,8
cheminee,67
chemineebioethanol,202
chemineedecorative,55
chemineedetable,75
chemineedetableethanol,74
chemineeelectrique,714
chemineeelectriqueencastrable,56
chemineeethanol,74
chemise,53
chemiseblanchehomme,39
chemisedenuitfemme,72
chemisefemme,64
chemisehomme,395
chemisehommemanchecourte,60
chemisehommemancheslongues,35
chenil,21
chenilpourchien,92
chercheettrouve,21
chesterfield,64
cheval,51
chevalabascule,65
chevalet,55
chevaletpeinture,55
chevalierehomme,74
chevet,606
chevetblanc,68
chevetdelit,104
chevetdelitparlotde2,143
chevetsuspendu,74
cheveux,96
chevillemolly,74
chevredelevage,63
chewinggum,71
chicco,79
chicha,370
chichaelectronique,63
chien,125
chieninteractif,38
chienrobot,20
chiffonierenbois,56
chiffonmicrofibre,72
chiffonnier,466
chiffonnierblanc,51
chilienne,97
chips,71
chiq,55
chlore,44
chlorechoc,67
chlorelent,16
chloremultifonctions,13
chlorepiscine,58
chocolat,510
chocolatdenoel,180
chocolatdenoelaoffrir,19
chocolatdepaques,39
chocolatdubai,137
chocolatlindt,68
chocolatnoir,76
chouchou,75
chromebook,474
chromebookacer,59
chromebooktactile,35
chromecast,653
chromecasttv,116
chronobomb,22
chronometre,58
chucky,14
chuckypoupee,25
cialis,59
cibi,71
cibleflechette,49
cibleflechetteelectronique,52
ciblenerf,29
cicalfate,65
cicciobello,43
cieldelit,110
cieldelitbebe,77
cieldelitcabane,105
cigare,3
cigarette,83
cigaretteelectronique,1055
cigaretteelectroniquegeekvape,71
cigaretteelectroniquekitcomplet,220
cigaretteelectroniquevaporesso,68
cimentdentaire,37
cintreenfant,49
cintres,136
cintresbois,63
circuit,17
circuitbille,21
circuithotwheels,28
circuitpatpatrouille,30
circuitvoiture,77
circuitvoitureelectrique,44
circuitvoitureenfant,30
cire,73
cirecheveux,60
ciredesoja,48
cireepilation,93
cirepourbougie,55
cireredone,56
ciseaucoiffeur,55
ciseaux,73
ciseauxabois,52
ciseauxcoiffureprofessionnel,74
ciseauxcouture,46
ciseauxdecuisine,74
citizen,42
citysports,61
clairobscur,56
clairobscurexpedition33,52
clairobscurexpedition33ps5,177
clapier,71
clapierlapin,75
clapierlapinexterieur,81
claquetteadidas,41
claquetteenfant,30
claquettefemme,69
claquettehomme,238
claquettehommenike,54
claquettelacoste,52
claquettenike,33
clarkshomme,58
classeur,65
classeurbudget,69
classeurcartepokemon,44
classeurpokemon,82
classeurrangementpapier,52
claustra,115
claustraboisexterieur,74
claustraexterieur,67
clavier,940
clavier60,55
clavierazerty,68
clavierblanc,58
clavierbluetooth,58
claviercorsair,61
claviergamer,833
claviergamerazerty,49
claviergamerblanc,53
claviergamerlogitech,51
claviergamermecanique,65
claviergamersansfil,100
clavieripad,258
clavieripad10egeneration,69
clavieripada16,89
clavierlogitech,98
claviermac,47
claviermagnetique,70
clavierordinateur,54
clavierpc,57
clavierpiano,52
clavierpourtablette,50
clavierrazer,69
claviersansfil,167
claviersouris,149
claviersourisgamer,113
claviersourissansfil,455
claviersourissansfilgamer,69
claviertablette,38
claviertablettesamsunga9plus,61
claviertablettesamsungs9fe,48
cle,79
cleachoc,499
cleachocdewalt,56
cleachocmakita,65
cleachocpneumatique,57
cleachocsansfil,68
cleacliquet,79
cleacliquetelectrique,51
cleactivationoffice,1015
cleactivationoffice2021,104
cleactivationoffice365,409
cleactivationwindows10famille,73
cleactivationwindows11,257
cleamolette,78
cleaner,81
cleapipe,80
clearomiseur,34
clebluetooth,29
cledynamometrique,132
clefiltreahuile,63
clefwindows11,70
clefwindows11pro,70
clementoni,61
clemicrosoftoffice,86
cleoffice,138
cleoffice365,76
clepackoffice,67
cleplate,32
cletv,68
cleusb,1082
cleusb128go,83
cleusb16go,51
cleusb1to,74
cleusb256gb,103
cleusb256go,60
cleusb32go,65
cleusb512go,63
cleusb64go,61
cleusb8go,54
cleusbbootablewindows10,53
cleusbbootablewindows11,337
cleusbc,79
cleusbiphone,72
cleusbiptv,118
cleusbpourtelephoneportable,57
cleusbsandisk,70
cleusbwifi,54
clewifi,137
clewindows,159
clewindows10,98
clewindows10pro,74
clewindows11,1687
clewindows11famille,190
clewindows11pro,619
cleword,70
clicclac,2272
clicclac2places,72
clicclac2placesaveccoffre,77
clicclac3places,68
clicclacconvertible,94
clicclaccouchage140x190,81
clicclaccouchagequotidien,54
clicclacmatelas25cm,48
clicclacmatelasepais,76
clicclacsolide,127
clickeez,39
clignotantmoto,73
clignotantpourtrottinette,3
clignotanttrottinetteelectrique,62
clignotantvelo,71
climatisationmobilesilencieux,34
climatisationreversible,50
climatisationreversiblepretaposer,73
climatiseur,600
climatiseur12000btu,12
climatiseuravecevacuation,15
climatiseurcaravane,6
climatiseurfixe,50
climatiseurmobile,593
climatiseurmobile12000btu,67
climatiseurmobile14000btu,7
climatiseurmobileavecevacuation,12
climatiseurmobileoceanic,13
climatiseurmobilereversible,95
climatiseurmobilesansevacuation,58
climatiseurmobilesansevacuationsilencieux,222
climatiseurmobilesilencieux,68
climatiseurmonobloc,27
climatiseurmural,79
climatiseurmuralsansevacuation,43
climatiseuroceanic,14
climatiseurportable,65
climatiseurreversible,296
climatiseursansevacuation,217
climatiseursanstuyau,17
climatiseursplit,103
climatiseurvoiture,37
climmobile,59
climportable,29
climreversible,64
clio3,58
clipper,64
clochemicroonde,86
cloison,67
cloisondeseparation,128
clostra,94
cloture,87
cloturebois,86
clotureelectrique,92
clotureelectriquepourchien,68
cloturejardin,110
cloueuseelectrique,75
cloueusepneumatique,65
cloueusesansfil,62
cluedo,31
cmfbudspro2,31
cmfphone1,52
cmfphone2pro,78
cobi,37
coca,31
cocacola,74
cochonnetdepetanque,69
cockpitsimracing,67
cockring,61
coco,39
cocomelon,41
cocoonababy,74
cocosolis,28
cocoteminutte,148
cocoteteminuteseb,48
cocotte,215
cocotteenfonte,614
cocotteminute,1778
cocotteminute3litres,91
cocotteminute4l,81
cocotteminute4litres,76
cocotteminuteinduction,88
cocotteminuteseb,515
cocotteminuteseb45l,74
cocotteminuteseb4l,75
cocotteminuteseb8litres,67
cocotteminutesebclipso,95
cocotteminutetefal,57
cocotteseb,123
cocottetefal,82
codeiptv,63
codename,35
codepromo,103
codevipcdav,4
cododo,1349
cododobebe,160
cododobeige,37
cododochicco,80
coffeeb,39
coffre,108
coffreajouet,571
coffreapellets,77
coffrebois,82
coffredejardin,296
coffrederangement,450
coffrederangementexterieur,99
coffrederangementinterieur,63
coffrederangementjardin,89
coffrederangementjardinetanche,75
coffredetoit,178
coffredetoitvoiture,83
coffreenbois,58
coffreexterieur,86
coffrefort,165
coffrerangementexterieur,9
coffretabijoux,22
coffretadouille,76
coffretbarbe,38
coffretbeaute,76
coffretbeautefemme,44
coffretbebe,21
coffretbiere,50
coffretbougie,41
coffretbougiesparfumees,33
coffretcadeau,82
coffretcadeaufemme,166
coffretcadeauhomme,113
coffretcartepokemon,39
coffretcliquet,78
coffretcouteauxdecuisine,82
coffretdresseurdelite,32
coffretdvd,65
coffretelectrique,35
coffretfemme,80
coffretgourmand,198
coffrethomme,43
coffretmaquillage,102
coffretmontrehomme,46
coffretnaissance,86
coffretnoel,44
coffretnuxe,76
coffretoitpliable,55
coffretoutils,46
coffretparfum,111
coffretparfumfemme,109
coffretparfumhomme,101
coffretpokemon,390
coffretpokemonev09,7
coffretrepasbebe,67
coffretrhum,41
coffretricard,42
coffretrituals,63
coffretsophielagirafe,82
coffretthe,48
coffretvictoriasecret,29
coffretvin,46
coffretwhisky,65
cognac,56
coifeuseavecmiroirledtabouret,189
coiffeuse,10545
coiffeuseado,64
coiffeuseadulte,98
coiffeuseavecled,70
coiffeuseavecmiroir,664
coiffeuseavecmiroirettabouret,1867
coiffeuseavecmiroirled,1048
coiffeuseavecplateauenverre,49
coiffeuseavecprise,68
coiffeuseavecrangement,75
coiffeuseavectiroir,68
coiffeusebeige,62
coiffeuseblanche,81
coiffeusebureau,84
coiffeusechambre,75
coiffeusedangle,163
coiffeuseenbois,127
coiffeuseenfant,588
coiffeuseenfantfille,59
coiffeuseenverre,67
coiffeusefemme,47
coiffeusefille,129
coiffeusegrise,65
coiffeuseled,134
coiffeusemeuble,130
coiffeusemoderne,67
coiffeusemurale,74
coiffeusenoir,139
coiffeusepascher,85
coiffeusepetitefille,75
coiffeuseprincesse,41
coiffeuserose,38
coiffeuses,66
coiffeusesansmiroir,177
coiffeusesuspendue,81
coiffeusevasagle,127
coinrepas,23
cokeo6litres,124
cokeoconecter,12
colierantiaboimentchien,81
colisdeviande,67
colisperdu,55
collagene,106
collagenemarin,298
collagenemarinarticulationettendon,74
collantfemme,72
colle,69
colleabois,83
colleb7000,77
collefauxongles,72
colleforte,68
colleneoprene,73
collepapierpeint,71
colleparebrise,65
collepuzzle,51
colleuhu,71
collier,95
collierantiaboiement,365
collierantiaboiementpetitchien,71
collierantifugue,75
collierantipuce,84
collierantipucechat,82
collierantipucesseresto,97
collierchat,87
collierchien,175
collierdeserrage,81
collierdressagechien,137
collierelectriquepourchien,71
collierfemme,151
colliergpschat,67
collierhomme,73
collierlumineuxchien,85
collieror,58
collieror18carats,58
collierseresto,78
collierserestochat,84
collierserestochien,79
colonne,130
colonnechambre,62
colonnecuisine,720
colonnecuisine60cm,61
colonnedebain,62
colonnedecuisinepourfourencastrable,58
colonnededouche,743
colonnededoucheavecmitigeur,68
colonnededouchedoree,82
colonnededouchegrohe,33
colonnededouchehydromassante,37
colonnededouchenoir,80
colonnededouchethermostatique,86
colonnederangement,613
colonnederangementchambre,78
colonnederangementcuisine,54
colonnederangementsalon,61
colonnedesalledebain,74
colonnedressing,73
colonnefour,98
colonnefouretmicroonde,116
colonnesalledebain,1154
colonnesalledebainavecmiroir,32
colonnesalledebainavecpanieralinge,60
colonnesalledebainbois,71
colonnesalon,19
colonnetiroir,74
colonnewc,75
colorantalimentaire,78
colorationcheveux,125
coloriage,89
coloriageadulte,165
coloriagedisney,64
coloriagemystere,469
coloriagemysteredisney,124
coloriagestitch,40
colorino,56
combinaisonbebe,36
combinaisonfemme,46
combinefouretplaquedecuisson,80
combinerefrigerateurcongelateur,124
combustiblepourpoeleapetrole,30
combustiblepourpoeleapetrole20l,93
commande,145
commide,77
commode,6331
commode120cm,68
commode3tiroirs,96
commode4tiroirs,90
commode5tiroirs,75
commode6tiroirs,820
commode8tiroirs,96
commodealanger,485
commodeatiroirs,41
commodebebe,371
commodebebealanger,87
commodebeige,27
commodeblanche,771
commodeblancheetbois,74
commodeblanchelaquee,61
commodebois,146
commodeboismassif,37
commodebureau,62
commodecannage,71
commodechambre,2102
commodechambre6tiroirs,62
commodechambreadulte,160
commodechambrebebe,76
commodechambreblanche,61
commodechambrebois,77
commodechambreenfant,116
commodechene,28
commodecoiffeuse,71
commodecuisine,73
commodedentree,74
commodederangement,58
commodedouble,47
commodeenfant,133
commodegrise,90
commodehaute,69
commodeindustrielle,72
commodeled,68
commodemiroir,21
commodenoir,159
commoderotin,84
commodesalledebain,105
commodesalon,122
commodescandinave,45
commodestiroirschambrerangement,61
commodetablealanger,77
commodetiroir,133
commodetissu,89
commodetv,66
commodevasagle,67
comodedechambreadulte,518
comodepoursalon,55
companionmoulinex,75
compas,42
complementalimentaire,84
composteur,81
composteurdecuisine,38
composteurdejardin,97
compresseur,408
compresseur100l,66
compresseur100litres,84
compresseur200litres,68
compresseur50litres,35
compresseurdair,631
compresseurdair100l,70
compresseurdair50l,72
compresseurderessort,56
compresseurportatif,95
compresseurvoiture,63
comprimeantipucepourchien,61
comprimesantipucespourchats,53
compteurvelo,56
compteurvelosansfil,18
comptoir,61
comptoirbar,60
comptoirdaccueil,75
comptoirdemagasin,18
concordelego,22
condensateurdedemarrage,67
confiture,73
confitureindividuelle,77
conforama,26
congelateur,2910
congelateur3tiroirs,82
congelateurarmoire,2312
congelateurarmoireclassea,73
congelateurarmoirefroidventiledegivrageautomatique,92
congelateurarmoirenofrost,77
congelateuratiroir,90
congelateurbahut,76
congelateurcoffre,1466
congelateurcoffre300litres,63
congelateurcoffreclassea,65
congelateurencastrable,70
congelateurmini,22
congelateurnofrost,85
congelateurnoir,74
congelateurtabletop,54
congelateurtiroir,624
congelateurtiroirs,68
congelateurtop,154
console,1100
consoleavectiroirs,72
consoleblanche,86
consolebois,133
consolebureau,68
consolecuisine,78
consoledejeux,539
consoledejeuxportable,63
consoledejeuxretro,56
consoledentree,1461
consoledore,23
consoleenfant,37
consoleextensible,159
consoleextensibleavecrallongesintegrees,53
consolemeuble,140
consolenintendo,47
consolenintendods,22
consolenintendoswitch,72
consoleportable,112
consoleportableretro,26
consoleps3,50
consoleps5,421
consoleps5pro,1489
consolepsp,41
consoleretro,129
consolesalon,71
consolesuspendue,68
consoleswitch,178
consoletable,67
consoletableextensible,31
consolewii,51
consolexboxseriesx1to,67
consolexboxseriex,49
constructionmagnetique,32
contact,68
contactercdiscount,76
conteneuracroquettes,67
conteurdhistoire,29
continentaledison,263
contourdelit,76
contourdelit140x190,49
contreplaque,21
controleurdj,103
converse,147
converseenfant,68
conversefemme,306
conversehomme,70
convertible,78
convertisseur12v220v,114
convertisseur12v220vpursinus,70
cookeo,3381
cookeo3l,65
cookeo6l,82
cookeoairfryer,47
cookeoconnect,72
cookeoinfinity,707
cookeoinfinity20modesdecuisson,44
cookeoinfinityavecpale,23
cookeomini,92
cookeomoulinex,591
cookeonoir,75
cookeorouge,60
cookeotouch,30
cookeotouchwifi,109
cookut,128
coolmaker,43
coque,406
coquea14,63
coquea15,65
coquea16,69
coquea35,55
coquea54,64
coquea55,31
coquea56,72
coqueairpods,62
coqueairpods4,69
coqueairpodspro2,30
coquecpcompany,30
coquedetelephone,47
coquegalaxys22,56
coquegalaxyzflip4,69
coquegooglepixel7a,52
coquegooglepixel7pro,53
coquegooglepixel8,27
coquegooglepixel8a,19
coquegooglepixel8pro,61
coquegooglepixel9a,47
coquehonor200,64
coquehonor200lite,67
coquehonor200smart,44
coquehonor400,74
coquehonor400lite,110
coquehonor90,38
coquehonor90lite,25
coquehonormagic6lite,58
coquehonormagic7lite,99
coquehonorx6b,56
coquehuaweip30,64
coquehuaweip30lite,141
coquehuaweip30pro,68
coqueipad,133
coqueipad102,65
coqueipad102022,65
coqueipad109,34
coqueipad10emegeneration,64
coqueipad11,65
coqueipada16,137
coqueiphone,121
coqueiphone11,413
coqueiphone11pro,57
coqueiphone11promax,65
coqueiphone12,1016
coqueiphone12128go,65
coqueiphone12mini,551
coqueiphone12pro,140
coqueiphone12promax,98
coqueiphone13,1490
coqueiphone13magsafe,27
coqueiphone13mini,166
coqueiphone13pro,310
coqueiphone13promax,156
coqueiphone13rose,54
coqueiphone13transparente,60
coqueiphone13verretrempe,66
coqueiphone14,1599
coqueiphone14plus,211
coqueiphone14pro,460
coqueiphone14promax,195
coqueiphone14promaxantichoc,70
coqueiphone15,1024
coqueiphone15plus,165
coqueiphone15pro,140
coqueiphone15promax,125
coqueiphone16,861
coqueiphone16plus,129
coqueiphone16pro,287
coqueiphone16promax,313
coqueiphone17,249
coqueiphone17pro,159
coqueiphone17promax,230
coqueiphone6s,64
coqueiphone7,65
coqueiphone8,76
coqueiphone8plus,34
coqueiphonese,63
coqueiphonese2020,61
coqueiphonese2022,54
coqueiphonex,71
coqueiphonexr,87
coqueiphonexs,61
coquemacbookair13pouces,72
coquenote20ultra,48
coquepixel7,63
coquepixel8,56
coquepixel8pro,30
coquepocox7pro,59
coqueps5,75
coqueredmi12,67
coqueredmi125g,19
coqueredmi13,62
coqueredmi13c,124
coqueredmi14c,301
coqueredmi15c,38
coqueredmia3,59
coqueredmia5,88
coqueredminote10,47
coqueredminote105g,54
coqueredminote11,59
coqueredminote11pro5g,21
coqueredminote13,66
coqueredminote134g,39
coqueredminote13pro,54
coqueredminote13pro5g,91
coqueredminote14,79
coqueredminote144g,58
coqueredminote145g,94
coqueredminote14pro,62
coqueredminote14pro4g,32
coqueredminote14pro5g,142
coqueredmipadse,60
coquerinoshieldiphone13,66
coques21,70
coques21ultra,58
coques22,124
coques22plus,76
coques22ultra,130
coques23,127
coques23fe,29
coques23plus,73
coques23ultra,509
coques24,96
coques24fe,78
coques24plus,60
coques24ultra,305
coques25,105
coques25plus,35
coques25ultra,108
coquesamsung,42
coquesamsunga05s,86
coquesamsunga10,98
coquesamsunga12,61
coquesamsunga13,62
coquesamsunga14,163
coquesamsunga145g,65
coquesamsunga15,151
coquesamsunga155g,63
coquesamsunga16,216
coquesamsunga165g,48
coquesamsunga17,106
coquesamsunga20e,70
coquesamsunga21s,82
coquesamsunga225g,50
coquesamsunga23,58
coquesamsunga25,42
coquesamsunga255g,65
coquesamsunga26,70
coquesamsunga34,55
coquesamsunga35,73
coquesamsunga355g,65
coquesamsunga36,48
coquesamsunga40,52
coquesamsunga50,66
coquesamsunga51,61
coquesamsunga52,59
coquesamsunga525g,31
coquesamsunga53,63
coquesamsunga535g,62
coquesamsunga54,50
coquesamsunga545g,73
coquesamsunga55,62
coquesamsunga555g,48
coquesamsunga56,131
coquesamsunga71,56
coquesamsunga9,58
coquesamsunggalaxya13,54
coquesamsunggalaxya14,80
coquesamsunggalaxya16,654
coquesamsunggalaxya555g,33
coquesamsunggalaxys21,62
coquesamsunggalaxys21ultra,27
coquesamsunggalaxys22,62
coquesamsunggalaxys22128go5g,40
coquesamsunggalaxys22ultra,74
coquesamsunggalaxys25ultra,64
coquesamsungnote10plus,47
coquesamsungs10,59
coquesamsungs20,63
coquesamsungs20fe,82
coquesamsungs20fe5g,52
coquesamsungs21,192
coquesamsungs21fe,56
coquesamsungs21plus,88
coquesamsungs21ultra,60
coquesamsungs22,137
coquesamsungs22plus,74
coquesamsungs22ultra,150
coquesamsungs23,192
coquesamsungs23fe,50
coquesamsungs23plus,70
coquesamsungs24,125
coquesamsungs24fe,9
coquesamsungs24plus,59
coquesamsungs25,110
coquesamsungs25ultra,77
coquesamsungs9,44
coquesamsungzflip4,60
coquesamsungzflip5,40
coquesamsungzfold4,11
coqueswitch,50
coqueswitch2,25
coquetablettesamsunga9,138
coquetablettesamsunga9plus,114
coquetelephone,59
coquetransparenteiphone14,41
coquexiaomi13,41
coquexiaomi13t,49
coquexiaomi14t,53
coquexiaomi14tpro,64
coquexiaomi15tpro,29
coquexiaomiredminote10pro,27
coquexiaomiredminote144g,58
coquexiaomiredminote145g,68
coquexiaomiredminote14pro5g,118
coquezflip3,66
coquezflip4,95
coquezflip5,143
coquezflip6,139
coquezfold4,66
coran,77
corbeilleafruits,109
corbeilleapain,71
corde,58
cordealinge,75
cordeasauter,91
cordonlunettes,56
cordontelephone,100
cornhole,23
coros,64
corospace3,63
correcteurdeposture,66
corsair,59
corsair4000dairflow,54
corsairvengeanceddr532go,79
cortezhomme,56
cosori,191
cosoriairfryer,59
cosoriairfryer10ltwinfry,113
cosplay,23
costume,52
costumeenfant,45
costumehomme,303
costumehommemariage,60
costumekpopdemonhunter,65
costumeperenoel,31
costumespiderman,56
costway,92
cosy,83
cosybebe,104
cosycybex,93
cosyjoie,79
cotedurhone,52
coterotie,27
coton,78
cotonbebe,71
cotontige,73
coucheadulte,22
couchebebe,292
couchebebetaille1,54
couchebiolane,78
coucheculotte,52
couchepampers,62
couches,103
couchesculottespouradultes,71
couchespamperstaille1,64
couchetaille1,80
couchetaille2,56
couchetaille3,57
couchetaille4,19
couchetaille5,59
couchetaille6,54
couchetaille7,63
couchetaille8,66
couette,1054
couette140x190,79
couette140x200,775
couette160x200,111
couette180x200,73
couette1personne,144
couette1place,74
couette200x200,597
couette200x220,78
couette220x240,1913
couette240x220,59
couette240x260,856
couette240x260imprimee,83
couette4saisons240x260,77
couette90x190,119
couette90x200,74
couettebebe,67
couettechaude,107
couettechaude140x200,80
couettechaude220x240,109
couettedodo,113
couettedodo140x200,74
couettedodo200x200,68
couettedodo220x240,104
couettedodo240x260,70
couetteduvet,56
couetteenfant,130
couetteepaisse,19
couetteete,92
couetteete220x240,73
couettehiver,76
couetteimprimee,143
couetteimprimee1personne,66
couetteimprimee220x240,110
couettelestee,71
couettelit2personnes,121
couetteoreiller,83
couetteplumedoie,81
couettepolaire,40
couettepourlit160x200,64
couettestitch,69
couettetreschaude,70
couettetreschaude240x260,78
couffinbebe,204
coupdepouce,447
coupeachampagne,64
coupebordure,258
coupebordureabatterie,75
coupebordureelectrique,75
coupebordureryobi,54
coupeborduresansfil,57
coupebordurestihl,32
coupebordurethermique,65
coupebranche,75
coupebranchestelescopique,84
coupecarrelage,71
coupefaim,70
coupefourche,71
coupefrites,64
coupehaie,64
coupelegumes,110
coupelegumeselectrique,80
coupelleraclette,35
coupelleraclettetefal,71
coupeongle,98
coupeonglechien,30
coupeongleelectrique,97
coupeventhomme,50
couronnedenoel,37
couscoussier,511
couscoussierinduction,80
coussin,974
coussin40x40,71
coussin45x45,80
coussin50x50,65
coussin60x60,36
coussinbaindesoleil,62
coussinbebe,90
coussincanape,569
coussincervical,29
coussinchaisehautebebe,21
coussinchat,85
coussinchauffant,86
coussinchien,147
coussindallaitement,420
coussindebainbebe,69
coussindebanc,47
coussindechaise,151
coussindeco,23
coussindecocanape,15
coussindecoratif,80
coussindegrossesse,428
coussindejardin,78
coussindelecture,123
coussindesol,104
coussindevoyage,62
coussindodo,38
coussinenfant,79
coussinergonomique,74
coussinetdallaitement,82
coussinlombaire,67
coussinpalette,86
coussinpourcanape,73
coussinpourchienxxl,62
coussinpoursalondejardin,116
coussinrectangulaire,27
coussinsalondejardin,36
coussinstitch,65
coussintetedelit,76
coussintransat,87
couteau,524
couteauaenduire,77
couteauasteak,85
couteauceramique,91
couteaudeboucher,72
couteaudechasse,61
couteaudecuisine,743
couteaudepoche,70
couteaudesurvie,70
couteauelectrique,126
couteaujaponais,90
couteaulaguiole,37
couteauopinel,80
couteaupapillon,21
couteaupersonnalise,63
couteaupliant,89
couteausuisse,67
couteauxdecuisinejaponaise,65
couteauxdetable,116
couture,70
couvercle,72
couverclecasserole,94
couvercletefal,87
couvercletefalingenio,79
couverts,215
couvertsdetable,512
couverture,548
couverture1personne,63
couverture220x240,28
couverturebebe,138
couverturecanape,81
couverturechaude,70
couverturechauffante,571
couverturedesurvie,82
couvertureenfant,74
couverturelestee,141
couverturepolaire,120
couverturepourlit,54
couverturepourlit2personne,26
couveuse,77
couveuseaoeufautomatique,91
couvrecanape,107
couvrelit,136
couvrelit220x260,75
couvrelit240x260,86
couvrelitmatelasse,65
couvresiegeauto,63
couvrevolant,85
cpcompany,22
cpl,87
cplwifi,61
cracklist,53
craie,56
crampons,70
cramponsdefoot,106
cramponsdefootnike,63
crashbandicoot,23
cravatehomme,43
crayola,53
crayolacolorwonderpinceaulumineuxmagique,50
crayon,89
crayonalevres,64
crayonapapier,44
crayondecouleur,94
crayonyeux,19
creality,62
create,75
creatine,119
creatinemonohydrate,94
creation,39
creationstylo,41
crechedenoel,30
credence,78
credenceadhesive,93
credenceadhesivecuisine,68
credencecuisine,417
credencecuisineverretrempe,69
credit,33
cremant,63
creme,80
cremeantiride,61
cremedepistache,70
cremeeclaircissante,67
cremeepilatoire,58
cremehydratante,68
cremehydratantevisage,72
crememain,29
crememixa,65
cremenivea,75
cremesolaire,68
cremesolaire50,6
cremevisage,122
crepeparty,153
crepiere,774
crepiereelectrique,224
crepiereinduction,80
crepiereprofessionnel,33
crepieretefal,122
cric,77
cricelectrique,61
crichydraulique,439
crichydraulique3t,59
cricpneumatique,69
cricut,392
cricutjoy,44
cricutmaker3,60
cricutmaker4,86
cricvoiture,97
crispcookeo,10
cristauxdesoude,56
criterium,50
crochet,87
crochetadhesif,85
crochetmural,36
crocs,420
crocscars,50
crocsdentiste,34
crocsenfant,55
crocsfemme,78
crocshomme,71
cronus,61
cronuszen,92
cronuszenps5,45
croquecarotte,51
croquemonsieur,171
croquettechat,378
croquettechien,121
croquetteschatsterilise,75
cross,65
crosscall,107
crucialp3,25
crucialp3plus,53
crybabies,34
cube,74
cubederangement,314
cubederangementenbois30x30,41
cubemagnetique,33
cubirhum,49
cubot,30
cuillereacafe,69
cuillerebebe,68
cuillereenbois,82
cuilleres,81
cuiseur,75
cuiseurariz,186
cuiseurarizmoulinex,61
cuiseurderiz,974
cuiseurderiztefal,75
cuiseurvapeur,494
cuisine,3896
cuisineaccessoire,57
cuisineamenagee,96
cuisineangle,61
cuisineavecplandetravail,67
cuisinebebe,57
cuisineblanche,97
cuisineblanclaque,92
cuisinebois,56
cuisinecomplet,70
cuisinecomplete,2528
cuisinecomplete240cm,61
cuisinecomplete300cm,70
cuisinecompleteangle,69
cuisinecompleteaveccolonne,29
cuisinecompleteavecelectromenagerinclusl,62
cuisinecompleteavecplandetravail,521
cuisinecompleteblanclaque,33
cuisinecompletedangle,43
cuisinecompletedangleavecplandetravail,69
cuisinecompletenoir,78
cuisinedangle,136
cuisinedanglecompleteavecplandetravail,70
cuisinedete,83
cuisineenbois,55
cuisineenboisenfant,93
cuisineenfant,613
cuisineenl,81
cuisineequipee,928
cuisineequipeecomplete,82
cuisineequipeepascher,60
cuisineexterieure,98
cuisinejunona,70
cuisinelassen,75
cuisinenoir,78
cuisinerline,64
cuisinerouge,57
cuisineverte,76
cuisinevicco,71
cuisiniere,1003
cuisiniereabois,85
cuisiniereelectrique,654
cuisiniereelectriqueinduction,80
cuisiniereelectriquevitroceramique,67
cuisiniereenfant,52
cuisinieregaz,556
cuisinieregazfourelectrique,102
cuisinieregazfourgaz,79
cuisiniereinduction,1112
cuisiniereinduction60cm,62
cuisinierelectique,74
cuisinieremixte,115
cuisinierepiano,77
cuisinieretableinduction,65
cuisinieretoutgaz,72
cuisinierevitroceramique,617
cuisiniergazffourgaz,49
cuisson,58
cuissonvapeur,74
cuistodingo,57
cuitvapeurelectrique,69
culotte,41
culotteantifuiteurinairefemmelavable,50
culottedapprentissage,55
culottefemme,109
culottefemmecoton,48
culottemenstruelle,66
cumulus,45
curcuma,72
cutter,77
cuvecookeo,197
cuvettewc,148
cyberpunk,48
cyberpunk2077,87
cybex,482
cybexbalios,86
cybexbaliosslux,67
cybexeos,90
cybexgazelle,51
cybexlibelle,77
cybexorfeo,75
cybextrioeos,63
cylindredeporte,59
d,66
dalep2100,57
dallebeton,44
dalleenmousse,85
dallepiscine,38
dallepourterrasse,11
dallepvcadhesivesol,56
dallesdejardinclipsable,48
dallesdesoladhesive,82
dallespvcautocollantespoursol,73
damejeanne,28
darty,77
dashcam,475
dashcamavantarrieresansfil,41
dashcamcameraavantetarriere,59
dashcamsansfil,54
dashcamvoiture,95
davinciresolve,37
dcshoes,62
ddr3,64
ddr4,573
ddr416go,111
ddr5,541
ddr532go,122
ddr564go,29
de,21
deadpool,34
deambulateur,79
deathstranding,33
deathstranding2,55
debardeurfemme,42
debardeurhomme,59
deboucheurcanalisation,111
deboucheurwc,66
debouloneuse,71
debrouissalleusesthemique,29
debrousailleuse,25
debroussailleuse,259
debroussailleusebatterie,279
debroussailleuseelectrique,94
debroussailleusesansfil,28
debroussailleusestihl,78
debroussailleusethermique,553
debroussailleusethermiquestihl,89
debuyer,71
decalaminagemoteurdiesel,68
decapeurthermique,93
dechiqueteuseapapier,78
decoboheme,68
decochambrefille,74
decodenoel,21
decodeuriptvsansabonnement,91
decodeurtnt,110
decodeurtv,56
decogamer,22
decogaming,65
decolleusepapierpeint,78
decolorationcheveux,27
decomural,69
decomuralecuisine,65
deconoel,51
deconoelgonflable,17
decoration,942
decorationanniversaire18ans,72
decorationanniversairepatpatrouille,81
decorationanniversairepokemon,59
decorationanniversairespiderman,74
decorationanniversairestitch,132
decorationaquarium,99
decorationbapteme,68
decorationbois,65
decorationchambre,546
decorationchambreado,59
decorationchambrebebe,93
decorationchambreenfant,102
decorationchambrefille,92
decorationcuisine,101
decorationdenoel,166
decorationdenoelexterieur,24
decorationdetable,65
decorationexterieur,59
decorationgaming,109
decorationgateau,70
decorationhalloween,32
decorationinterieur,66
decorationjardin,120
decorationmaison,538
decorationmariage,85
decorationmurale,889
decorationmuralebois,79
decorationmuralemetal,87
decorationmuralesalon,77
decorationnoelexterieurxxl,31
decorationpouranniversaire,108
decorationramadan,75
decorationsalledebain,80
decorationsalon,127
decorationsapindenoel,33
decorationtablenoel,24
decorationvoiture,56
decoterrasse,40
decoupelegumes,79
decoupeurplasma,68
decrassantmoteurdiesel,55
deepcool,34
defonceuse,114
defrisantcheveux,51
defroisseur,668
defroisseurcalor,108
defroisseurphilips,27
defroisseurvapeurvertical,113
defroisseurvertical,64
deguisement,100
deguisementadulte,130
deguisementenfant,442
deguisementfemme,82
deguisementfille,71
deguisementgonflable,21
deguisementhalloween,11
deguisementhalloweenfemme,10
deguisementharrypotter,27
deguisementhomme,57
deguisementkpop,51
deguisementkpopdemonhunter,51
deguisementpolicier,58
deguisementpolicierenfant,52
deguisementpompier,43
deguisementpompomgirl,55
deguisementprincesse,49
deguisementreinedesneiges,49
deguisementsonic,62
deguisementspiderman,72
deguisementsquidgame,63
deguisementsquidgameenfant,63
deguisementvaiana,57
dehumidficateur,35
dekal,38
dell,99
dellinspiron15,49
delllatitude,60
dellxps,54
delonghi,954
delonghidedica,60
delonghidinamica,61
delonghielettaexplore,43
delonghimagnifica,121
delonghimagnificaevo,80
delonghimagnificassmart,63
delonghimagnificastart,30
delonghirivelia,77
deloreanlego,40
delphids150e,72
delsey,127
demarreurbatterievoiture,62
demeliss,59
demiparasol,16
demonhunter,26
demonhunterskpop,31
demonslayer,91
demontepneu,53
demontepneumanuel,64
dent,53
dentier,60
dentierprovisoirepourmanger,59
dentifrice,117
dentifricemarvis,75
dentifricemiswak,62
denudeurdecable,98
deodorant,111
deodorantfemme,74
deodoranthomme,73
dermaroller,69
derniersamsung,59
derouleurpapieraluetfilmalimentaire,28
derouleurpapierwc,94
des,49
descentedelit,84
desertedecuisinearoulette,82
desherbant,85
desherbantpuissant,106
desherbeurthermiquegaz,42
deshumidificateur,649
deshumidificateurdair,73
deshumidificateurelectrique,94
deshydrateuralimentaire,121
desigual,41
desodorisantmaison,63
desodorisantvoiture,102
dessertearoulettes,99
dessertecuisine,1161
dessertecuisineavecplandetravail,54
dessertedecuisinearoulettes,107
desserteexterieure,99
dessertemicroonde,33
desserteplancha,78
dessertesalledebain,62
dessin,61
dessineo,37
dessousdeplat,84
dessousdeverre,52
dessusdelit,109
destructeurdepapier,140
detartrantdelonghi,164
detartrantmachineacafe,79
detartreurdentaire,23
detartreurdentaireultrasons,67
detaupeur,57
detecteurdefumee,154
detecteurdemetaux,509
detecteurdemetauxenfants,66
detecteurdemouvement,97
detecteurmonoxydedecarbone,96
detendeurgazbutane,91
devialet,59
devidoirmuraltuyauarrosage,54
devidoirtuyauarrosage,86
devinetete,32
dewalt,161
dexeryl,75
diable,127
diabledemanutention,46
diablepliable,69
diagnosticauto,70
diagnosticautoaveceffacerdefaut,66
diamondpainting,507
diamondpaintingpersonnalise,58
dictaphone,69
diddl,80
diesel,53
diffuseur,75
diffuseurcheveux,67
diffuseurcheveuxboucles,71
diffuseurdeparfum,102
diffuseurdeparfumautomatique,73
diffuseurhuileessentielle,470
dildo,64
dinausore,31
dinette,77
dinetteenboisenfant,47
dinetteenfant,97
dinosaure,69
dinosauretelecommande,27
dior,105
diorb22,63
diorb30,49
dirt,76
disney,66
disneylandparc,10
displaypokemon,86
displayport,66
disquedur,531
disquedur1to,67
disquedur2to,67
disquedur4to,45
disquedurexterne,1567
disquedurexterne1to,126
disquedurexterne1toenpromo,60
disquedurexterne2to,116
disquedurexterne2toenpromo,116
disquedurexterne4to,76
disquedurexterne4toenpromo,62
disquedurexterne5to,61
disquedurexterneps4,64
disquedurexterneps5,79
disquedurexternesamsung,66
disquedurexternessd,166
disquedurexternessd1toenpromo,74
disquedurinterne,127
disquedurinternessd,56
disquedurnas,36
disquedurps4,55
disquedurps5,139
disquedurssdinterne,53
disquessd,72
disquessdexterne,43
disquessdinterne,33
disqueuse,78
disqueusesansfil,85
disquevinyle,73
distributeurcroquetteschat,118
distributeurdeau,64
distributeurdeboisson,58
distributeurdecartes,40
distributeurdesavon,101
distributeurdesavonautomatique,70
distributeurdesavonmural,74
distributeureauchat,81
divan,72
divanlit,30
djeco,38
dji,121
djimini3,88
djimini4k,66
djimini4pro,77
djineo,61
djineo2,64
djiosmo,64
djiosmoaction5pro,22
djiosmopocket,62
djiosmopocket3,123
dn,64
dobble,63
dobblestitch,31
dockswitch,32
docmartens,122
docteurmaboul,66
dodo,57
dodolotde2oreillers,103
dolcegusto,1103
dolcegustoautomatique,70
dolcegustominimeautomatique,59
domepiscine,53
domino,27
donkeykong,46
donkeykongbananza,104
donkeykongswitch,63
doogee,119
doogee5g,56
doogeen55,63
doogees200,59
doomoo,69
doorables,40
doppler,71
dopplerfoetal,187
doro,71
dosettecafe,69
dosettedolcegusto,119
dosettedolcegustoneo,65
dosettesenseo,469
dosettesnespresso,78
dosettestassimo,433
doubleecranpourpcportable,76
doubleface,82
doublerideaux,113
doublerideauxthermiqueetoccultant,35
douche,145
douchecamping,92
doucheitaliennecomplete,79
douchesolaire,70
douchette,77
douchettepoursallebain,104
douchettewc,285
doudou,131
doudoubebe,110
doudoune,434
doudounecanadagoose,25
doudounechauffante,39
doudouneenfant,49
doudounefemme,490
doudounefille,32
doudounegarcon,50
doudounegertrude,60
doudounehelvetica,33
doudounehomme,679
doudounehommehelvetica,36
doudounehommehiver,43
doudounehommenorthface,43
doudounejott,33
doudounejottfemme,57
doudounejotthomme,47
doudounelonguefemme,35
doudounelonguehomme,51
doudounenike,59
doudounenikefemme,40
doudounenikehomme,50
doudounesansmanche,40
doudounesansmanchefemme,49
doudounesansmanchehomme,66
doudounethenorthface,65
doudouneunderarmour,39
doudoustitch,75
douille,68
douillee27,77
douillepatisserie,84
dove,76
dracaufeu,30
dragee,55
dragees,87
drageesmariage,54
dragon,31
dragonball,62
dragonballsparkingzero,50
dragonballz,60
dragonquest,42
dragonquestiiihd2dremake,43
draisienne,363
draisienne2ans,61
draisienneadulte,68
draisiennebebe,53
draisienneelectrique,1142
draisienneelectrique50kmhadulte,81
draisienneelectriqueadulte,57
draisienneelectriqueenfant,63
draisienneelectriqueurbanglide,66
draisienneenfant,60
draisiennegarcon,50
drap,137
drap160x200,36
drap90x190,20
drapbebe,71
drapdebain,108
drapdelit,68
drapdeplage,83
drapeaufrancais,88
drapeaufrance,16
draphouse140x190coton,31
draphousse,687
draphousse120x190,76
draphousse140190coton,62
draphousse140sur190,9
draphousse140x190,293
draphousse140x200,108
draphousse160x200,470
draphousse160x200bonnet30cm,89
draphousse160x200coton,28
draphousse180x200,139
draphousse1personne,72
draphousse200x200,123
draphousse220x240,69
draphousse2personnes,75
draphousse60x120,69
draphousse70x140,89
draphousse80x160,98
draphousse80x200,74
draphousse90x190,113
draphousse90x190coton,78
draphousse90x190enfant,70
draphousse90x200,131
draphoussebebe,34
draphoussebebe60x120,34
draphoussecododo,80
draphousseencoton140x190,629
draphousseencoton140x200,71
draphousseencoton160x200,595
draphousseencoton160x200hauteur35,53
draphousseencoton180x200,84
draphousseencoton90x190,102
draphousselitbebe,55
draplitbebe,81
drapplat,84
drapplat1personne,78
drapplat240x300,71
drapplat2personnes,135
drapplatpourlit160x200,59
draps160x200,67
dreame,679
dreameh12,63
dreameh12dual,75
dreameh12pro,515
dreameh12proflexreach,101
dreameh12proultra,119
dreameh13pro,71
dreameh14,68
dreameh14pro,333
dreameh15pro,108
dreameh15proheat,107
dreamel10prime,76
dreamel10sproultraheat,77
dreamel10sultra,51
dreamel10sultragen2,96
dreamel40sproultra,78
dreamel40ultra,71
dreamel40ultraae,72
dreamer20,62
dreamex40ultracomplete,77
dreamex50ultracomplete,65
dreamez30,32
dremel,113
dresienneelectriqueadulte150kgavecsiege,121
dressing,7037
dressing2personnes,42
dressingavecmiroir,29
dressingavecporte,157
dressingavecportecoulissante,70
dressingavecrideau,560
dressingavectiroir,29
dressingblanc,123
dressingbois,66
dressingchambre,1106
dressingdangle,520
dressingenfant,230
dressingextensible,35
dressingferme,61
dressingmodulable,67
dressingnoir,66
dressingpascher,69
dressingpenderie,105
dressingsouspente,77
dripex,67
drmartensfemme,86
drone,1028
droneaveccamera,135
droneaveccameraettelecommandeaecran,127
dronedji,359
dronedjimini4k,67
dronedjimini4pro,52
droneenfant,125
dronefpv,60
droneprofessionnel,69
ds,124
dt770pro,63
dualsense,318
dualsenseedge,69
dualshock4,44
dualtron,492
dualtronmini,102
dualtronthunder,28
dualtronthunder3,73
dualtrontogo,69
dualtronvictor,74
ducati,46
dunk,66
dunksb,65
duottsc29,27
duplo,56
duralex,52
durex,78
dustgo,101
duvet,74
dvd,487
dvddisney,64
dvdserietvintegralecoffret,89
dvdvierge,55
dvdx,63
dyinglight,47
dyinglightthebeast,14
dymo,41
dynastywarriorsorigins,15
dyson,1853
dysonairstrait,130
dysonairwrap,818
dysoncheveux,134
dysonv10,100
dysonv11,90
dysonv12,154
dysonv15,420
dysonv15absolute,77
dysonv16,68
dysonv7,77
dysonv8,542
dysonv8absolute,70
dysonwashg1,61
e,69
eafc26,38
earpods,64
easportsfc24,44
eastpak,174
eastpaksac,71
easysoupmoulinex,77
eau,48
eaudecologne,75
eaudeparfum,70
eaudeparfumfemme,67
eaudeparfumhomme,70
eauderose,70
eaudetoilettefemme,69
eaudetoilettehomme,42
eausauvagedior,56
ebike,73
ebook,49
echafaudage,104
echarpe,51
echarpedeportage,108
echarpefemme,110
echarpehomme,84
echelle,129
echellepiscine,44
echelletelescopique,430
echelletelescopique5m,90
echiquier,35
echiquierelectronique,28
echodot,85
echoshow,45
echoshow8,24
eclairageexterieur,108
eclairageexterieursolaire,76
eclairagesolaireavecdetecteurdemouvement,70
eclairagevelo,73
ecoflow,109
ecoiffier,48
ecoleplaymobil,35
econome,81
ecorcedepin,34
ecotank,68
ecotankepson,131
ecouteurapple,150
ecouteurbluetooth,52
ecouteurbluetoothapple,46
ecouteurbluetoothbose,58
ecouteurbluetoothiphone,66
ecouteurbluetoothjbl,129
ecouteurbluetoothsamsung,94
ecouteurbluetoothsony,48
ecouteurbluetoothsport,63
ecouteurbluetoothxiaomi,81
ecouteurconductionosseuse,85
ecouteurfilaire,463
ecouteurfilaireapple,71
ecouteurfilaireiphone,70
ecouteurfilairesamsung,65
ecouteurfilaireusbc,60
ecouteurgaming,31
ecouteurhonor,52
ecouteuriphone,488
ecouteuriphone13,55
ecouteuriphone15,64
ecouteuriphone16,56
ecouteurjbl,483
ecouteurjblsansfil,77
ecouteurnatation,59
ecouteurps5,56
ecouteurs,748
ecouteursamsung,161
ecouteursansfil,2108
ecouteursansfilandroid,61
ecouteursansfilapple,64
ecouteursansfilhuawei,46
ecouteursansfiljbl,96
ecouteursansfilsamsung,26
ecouteursmarshall,62
ecouteursport,61
ecouteurssamsung,75
ecouteurssansfilbluetooth,59
ecouteurssansfilsamsung,65
ecouteurtypec,86
ecouteurxiaomi,24
ecovacs,406
ecovacsdeebott30proomni,52
ecovacst50proomnigen2,67
ecran,898
ecran120hz,140
ecran144hz,81
ecran180hz,94
ecran240hz,106
ecran24pouces,70
ecran27pouces,85
ecran32pouces,69
ecran34pouces,66
ecran360hz,59
ecran4k,87
ecranaoc,80
ecranasus,63
ecrancarplay,93
ecrandell,51
ecrandeprojection,100
ecrandeprojectionmotorise,58
ecrangamermsi,74
ecranhp,56
ecranhuaweip30lite,48
ecranincurve,156
ecranincurve34pouces,28
ecranincurve49pouces,55
ecranincurvepc27pouces,68
ecraniphone11,353
ecraniphone11pro,58
ecraniphone11promax,61
ecraniphone12,154
ecraniphone12mini,75
ecraniphone12pro,57
ecraniphone12promax,54
ecraniphone13,130
ecraniphone13pro,27
ecraniphone13promax,65
ecraniphone14,69
ecraniphone14pro,51
ecraniphone14promax,46
ecraniphone15,58
ecraniphone7,19
ecraniphone8,64
ecraniphonex,50
ecraniphonexr,107
ecraniphonexs,53
ecranmsi,120
ecranoled,97
ecranordinateur,145
ecranordinateur27pouces,28
ecranpc,2279
ecranpc240hz,63
ecranpc24pouces,70
ecranpc27pouces,162
ecranpc2k,59
ecranpc32pouces,66
ecranpc34pouces,63
ecranpc4k,114
ecranpcacer,67
ecranpcaoc,50
ecranpcavechautparleurintegre,59
ecranpcblanc,51
ecranpcgamer,2253
ecranpcgamer240hz,65
ecranpcgamer27pouces,76
ecranpcgamer32pouces,69
ecranpcgamer4k,63
ecranpcgamerincurve,566
ecranpcgameroled,26
ecranpchdmi,67
ecranpcincurve,76
ecranpcmsi,63
ecranpcoled,89
ecranpcpascher,53
ecranpcportable,59
ecranpcsamsung,67
ecranplat,101
ecranprojecteur,72
ecranps5,93
ecranqhd,71
ecranretroprojecteur,36
ecransamsung,67
ecransamsunggalaxya14,53
ecransamsungs23ultra,79
ecrantactile,63
ecrantele,52
ecrantv,60
ecranvideoprojecteur,114
ecranvoiture,63
edenparkhomme,40
edredon,111
effacerayurevoiture,54
egouttoirbiberon,97
egouttoirvaisselle,763
egouttoirvaisselledessusevier,134
egouttoirvaisselleinox,60
einhell,94
elagueuse,82
elagueusebatterie,34
elagueusesurperche,81
elagueusesurperchesansfil,88
elagueusethermique,107
elastique,70
elastiquecheveux,92
elastiquemusculation,114
eldenring,79
eldenringps5,46
electricscooter,65
electrificateurcloture,64
electrolux,101
electromenager,575
electromenagerappareilcroquemonsieur,60
electronique,79
electrostimulateurmusculaire,82
electrostimulation,77
elementdecuisine,152
elementdecuisinehaut,107
elementsdecuisine,9
elgato,62
elica,44
eliquide,171
eliquide100ml,68
eliquideliquide,26
elmordjene,69
elseve,48
emballagecolis,57
embauchoirchaussure,59
emboutvisseuse,76
embryolisse,77
emma,110
emmahybride2,52
emportepiece,98
enceinte,814
enceinteactive,54
enceinteamplifiee,66
enceintebluetooth,1805
enceintebluetooth1000w,66
enceintebluetoothbose,79
enceintebluetoothjbl,385
enceintebluetoothmarshall,65
enceintebluetoothportable,83
enceintebluetoothpuissante,123
enceintebluetoothsony,65
enceintebose,118
enceintecolonne,64
enceinteconnectee,92
enceintedj,58
enceintehifi,63
enceintejbl,949
enceintejblcharge5,53
enceintejblflip5,60
enceintejblflip6,94
enceintekaraoke,73
enceintelg,57
enceintelgxboom,27
enceintemarshall,142
enceintemonitoring,56
enceinteordinateur,58
enceintepc,171
enceintesbluetooth,90
enceintesjbl,54
enceintesono,157
enceintesony,49
enceintestitch,30
enceintetv,61
enceintevoiture,72
encens,113
enclos,87
encloschat,76
encloschien,62
encloslapin,100
enclospoulailler,214
enclospourchatexterieur,47
enclostortue,58
encrecanon545546,57
encreepson,67
encrehp304,61
encrehp305,127
encresublimation,65
encretatouage,44
enduitderebouchage,82
enfant,72
enfiladebahutbuffetmeubledesalleamanger,75
enfilechaussettes,61
engrais,125
engwe,88
engwem20,81
enjoliveur14pouces,91
enjoliveur16pouces,81
enregistreurvocal,74
enrouleurbachepiscine,33
enrouleurelectrique,104
enrouleurtuyauaircomprime,74
enrouleurtuyauarrosage,91
ensemble,65
ensembleassiette,73
ensemblebebe,48
ensemblecanape,142
ensemblecasserole,57
ensemblechaiseettableamanger,22
ensemblechambreacoucheradulte,63
ensemblecouetteetoreiller,74
ensemblecuisine,73
ensembledecouverts,8
ensembledejardin,15
ensemblefemme,55
ensemblefoot,66
ensemblefootenfant,57
ensemblefouretmicroondeencastrable,75
ensemblegarcon,46
ensemblehomme,103
ensemblehommeete,25
ensemblejogginghomme,78
ensemblelacoste,63
ensemblelit,72
ensembleliterie140x190,13
ensembleliterie160x200,68
ensemblelitmatelas,70
ensemblelitsommieretmatelas140x190,128
ensemblelitsommieretmatelas160x200,23
ensemblematelascouetteetoreillers,64
ensemblematelassommier,73
ensemblematelassommier140x190,117
ensemblematelassommier160x200,73
ensemblemeuble,65
ensemblemeublecuisine,73
ensemblemeublesalledebain,373
ensemblemeublesalon,116
ensemblemeublesalonsejour,76
ensemblemeubletv,387
ensemblemeubletvetbuffet,70
ensemblemeubletvettablebasse,130
ensemblenike,71
ensemblenikeenfant,32
ensemblenikehomme,66
ensemblepsg,59
ensemblesalleamanger,380
ensemblesalleamangercomplete,42
ensemblesalledebain,319
ensemblesalon,349
ensemblesaloncomplet,71
ensemblesalondejardin,120
ensemblesalonsalleamanger,67
ensemblesejour,49
ensembleshortteeshirthomme,26
ensemblesommiermatelas,550
ensemblesommiermatelas120x190,48
ensemblesommiermatelas140x190,107
ensemblesommiermatelas160x200,510
ensemblesommiermatelas90x190,76
ensemblesurvetementhomme,93
ensembletableamanger,88
ensembletableamangeretchaise,66
ensembletablebartabourets,67
ensembletabledejardin,104
ensembletableet4chaises,57
ensembletableetchaise,934
ensembletableetchaisecuisine,44
ensembletableetchaisedebalcon,19
ensembletableetchaisedejardin,135
ensembletableetchaisessalleamanger,117
ensembletefal,70
ensembleunderarmour,83
ensemblevaisselle,64
entonnoir,79
enveloppe,57
enveloppesabulles,67
eolienne,58
epeeminecraft,33
epicerie,76
epices,82
epidermecreme,53
epilateur,123
epilateurbraun,70
epilateurelectrique,68
epilateurelectriquefemme,460
epilateurlaser,93
epilateurlumierepulsee,630
epilateurlumierepulseebraun,26
epilateurlumierepulseephilips,33
epilateurvisage,79
epilateurvisagefemme,67
epilation,66
epilationlaser,62
epinglealinge,114
eplucheurlegumes,89
eponge,95
epongelavable,43
epson,65
epsonecotank,108
epsonecotanket2850,60
epuisettepeche,68
epuisettepiscine,70
equerre,74
equerrepouretagere,78
equipementmoto,94
equitation,61
eraser,85
erazercrawlere30e,65
erazerdeputyp60,50
erazerdeputyp60i,63
erborian,106
erection,64
erexol,56
erexolhomme,73
escabeau,395
escabeau2marches,71
escabeau3marches,114
escabeau4marches,73
escabeau5marches,98
escabeau7marches,74
escabot,67
escalier,76
escapegame,30
escarpinfemme,36
escarpins,64
escarpinsfemme,39
espadrillesfemme,53
espadrilleshomme,58
essoreuseasalade,186
essuieglace,114
essuiemain,23
essuietout,67
et,49
etabli,124
etabliatelier,129
etablienfant,73
etabligarage,50
etablipliant,81
etagere,2807
etagereachaussures,102
etagereaepices,148
etagereaposersurplandetravailcuisine,45
etagereavectiroir,60
etagerebambou,72
etagerebasse,68
etagerebibliotheque,12
etagereblanche,126
etagerebois,130
etagerebureau,72
etagerechambre,130
etagerechambreenfant,33
etagerechargelourde,106
etagerechaussure,60
etagerecolonne,83
etagerecube,109
etagerecuisine,867
etageredangle,496
etageredanglecuisine,74
etageredangledouche,18
etageredegarage,77
etageredeplacard,68
etagerederangement,1294
etagerederangementchambre,77
etagerederangementchargelourdesoussol,83
etagerederangementcuisine,83
etageredouche,147
etageredouchesanspercage,65
etageredouchetelescopique,66
etageredressing,69
etagereechelle,78
etagereenfant,4
etagereenverre,29
etagereescalier,63
etagereexterieur,35
etagereflottante,81
etageregarage,167
etagereindustrielle,69
etagerelivre,74
etageremachinealaver,103
etageremetallique,129
etageremicroonde,162
etageremodulable,75
etageremurale,1674
etageremuraleavectiroir,75
etageremuraleblanche,83
etageremuralebois,107
etageremuralechambre,34
etageremuralecuisine,115
etageremuralenoire,46
etageremuralesalledebain,78
etageremuralesanspercer,70
etagerenoir,67
etagerenoire,10
etagereplante,95
etagereplantes,100
etagereplastique,99
etageresalledebain,613
etageresalon,109
etageresousevier,58
etageretoilette,92
etageretonies,70
etagerevasagle,98
etagerewc,107
etandoirlingeinterieur,85
etau,59
etaudetabli,78
etbpokemon,82
etendage,81
etendagealingeinterieur,84
etendoir,183
etendoiralinge,1489
etendoiralingechauffant,61
etendoiralingeelectrique,46
etendoiralingeextensible,78
etendoiralingeexterieur,96
etendoiralingemural,58
etendoiralingepliable,116
etendoiralingepourdraps,59
etendoiralingetour,67
etendoiralingevileda,75
etendoirchauffant,68
etendoiresechoirealinge,83
etendoirexterieur,25
etendoirmural,38
ethanol,65
ethylotestelectroniquehomologue,71
etiaxil,66
etiqueteuse,116
etiqueteusedymo,34
etiquette,23
etiquettebagage,58
etiquettesautocollantes,48
etuiiphone12,58
etuisamsunggalaxya15g5,48
etuitablettesamsunga9plus,59
eucerin,79
eufy,76
euinformatique,34
eureka,65
eveilbebe,24
eventail,88
evercade,50
evercross,64
evier,712
evier1bac,78
evier2bacs,81
evierblanc,49
eviercascade,42
evierceramiqueblanc,74
eviercuisine,478
eviercuisine1bac,179
eviercuisine2bacs,86
eviercuisinenoir,67
evierencastrable,70
evierinox,86
evierinox1bac,63
eviermultifonction,90
eviernoir,98
eviersalledebain,83
evoluderm,75
evolutionprismatiquepokemon,38
excel,119
expedition33,91
expresso,126
expressobroyeur,69
extensiondecheveux,56
exterieur,121
extincteur,76
extincteurvoiture,56
extracrispcookeo,116
extracteurdair,97
extracteurdejus,960
extracteurdejusninja,83
extracteurderoulement,68
eyeliner,77
ezviz,90
f1,49
f125,64
f125ps5,49
f1lego,49
f50,53
fabercastell,56
fabriqueastylo,46
facadelavevaisselle,66
facadeps5,89
facom,123
facomdecrassantmoteurdiesel,46
facture,57
fagor,71
fairphone,62
fairy,72
faitout,619
faitoutinduction,144
faitoutinox,94
faitouttefal,111
fanatec,72
fardapaupieres,66
farmingsimulator25,94
farmingsimulator25ps5,22
farmingsimulatorswitch,46
fastandfurious,18
fatbike,119
fatbikeelectrique,99
fatbikeveloelectrique,114
fauconmilleniumlego,37
faussecheminee,140
faussedents,65
faussepelouse,99
fausseplante,106
fauteuil,3547
fauteuil1place,119
fauteuil2places,82
fauteuilabascule,815
fauteuilabasculeexterieur,122
fauteuilallaitement,104
fauteuilavecreposepied,64
fauteuilbebe,107
fauteuilbeige,135
fauteuilblanc,96
fauteuilbleu,36
fauteuilbois,68
fauteuilbouclette,98
fauteuilcabriolet,76
fauteuilcamping,57
fauteuilchambre,124
fauteuilchesterfield,76
fauteuilclub,76
fauteuilcocooning,64
fauteuilcoiffeuse,171
fauteuilcoiffure,69
fauteuilconfortable,75
fauteuilconvertible,173
fauteuilconvertiblelit1place,138
fauteuilconvertiblelit2places,58
fauteuilcoquillage,122
fauteuilcorsair,49
fauteuilcrapaud,99
fauteuilcuir,62
fauteuildangle,63
fauteuildebar,54
fauteuildebureau,1103
fauteuildebureauconfortable,23
fauteuildebureaugamer,47
fauteuildejardin,346
fauteuildelecture,60
fauteuildemassage,52
fauteuildesign,69
fauteuildetable,69
fauteuilelectrique,147
fauteuilelectriquereleveur,8
fauteuilenfant,515
fauteuilergonomique,71
fauteuilgonflable,108
fauteuilgris,89
fauteuilinclinable,40
fauteuiljaune,72
fauteuillit,135
fauteuillit1place,60
fauteuilmarron,31
fauteuilmassage,36
fauteuilmassant,144
fauteuilmassantetchauffant,80
fauteuilnoir,77
fauteuiloeuf,97
fauteuiloeufsuspendu,72
fauteuilosier,72
fauteuilparesseux,32
fauteuilpatchwork,73
fauteuilpivotant,114
fauteuilpliant,92
fauteuilpouf,108
fauteuilrelax,1576
fauteuilrelaxant,80
fauteuilrelaxelectrique,139
fauteuilrelaxmanuel,86
fauteuilreleveur,82
fauteuilrockingchair,36
fauteuilrose,94
fauteuilrotin,112
fauteuilroulant,81
fauteuilroulantelectrique,80
fauteuilsalleamanger,156
fauteuilsalon,1322
fauteuilsalonconfortable,44
fauteuilscandinave,413
fauteuilsuspendu,290
fauteuilsuspendudejardin,98
fauteuilsuspenduexterieur,29
fauteuiltantra,92
fauteuilterracotta,64
fauteuiluneplace,49
fauteuilvelours,127
fauteuilvelourscotele,18
fauteuilvert,50
fauteuilvintage,63
fauxcils,63
fauxgazon,93
fauxongles,120
fauxseins,46
fc25,128
fc25ps4,67
fc25ps5,48
fc25switch,46
fc26,670
fc26ps4,96
fc26ps5,460
fc26switch,77
fc26xbox,25
fcbarcelone,62
feandreaarbreachat,44
febreze,82
feliway,79
feliwaypourchat,70
felixchat,73
femme,102
fendeurdebuche,91
fendeuseabois,91
fendeuseaboiselectrique,129
fenetre,66
fenetrecampingcar,30
fenetrepvc,76
fenugrec,30
feraboucler,168
ferafriser,76
feralisserghd,29
ferarepasser,1079
ferarepassercalor,60
ferarepasserdevoyage,74
ferarepasserphilips,49
ferarepassersansfil,96
ferarepasservapeur,185
ferasouder,149
feravapeur,65
ferme,18
fermeplaymobil,28
fermepourenfant,30
fermetureeclair,55
ferrari,35
ferrerorocher,87
fessiermasturbateur,51
festina,53
festool,84
fetedesmeres,14
feuagaz,50
feuapetrole,108
feudartifice,58
feuille,81
feuillea4,69
feuillearouler,357
feuillearoulerslim,57
feuilleocb,61
feuilleslim,27
feutre,101
feutreaalcool,86
feutreacrylique,909
feutreacryliqueguangna,69
feutreardoise,47
feutreposca,51
feutresdecoloriagepouradulte,55
feutresohuhu,61
feuxderemorque,65
feuxremorquesansfil,64
fibreoptique,61
fifa,52
fifa25,51
fifa25ps4,52
fifa25ps5,51
fifa25switch,50
fifa26,418
fifa26ps4,65
fifa26ps5,79
fifa26switch,62
fifaps5,51
fifaswitch,41
fifine,56
fighterfuel,42
figurine,80
figurineamiibo,22
figurinedemonslayer,32
figurinedragonball,14
figurinedragonballz,45
figurinegoldorak,38
figurineharrypotter,30
figurinekpop,29
figurinekpopdemonhunter,14
figurinemanga,45
figurinemario,39
figurinemarvel,33
figurineminecraft,30
figurinenaruto,37
figurineonepiece,61
figurinepatpatrouille,38
figurinepokemon,56
figurinepop,85
figurinesonic,34
figurinespiderman,40
figurinestitch,39
figurinetonie,72
figurinetoniebox,50
filacoudre,49
filaire,17
filalinge,58
filamentimprimante3d,35
filamentpla,82
fildebroussailleuse,93
fildefer,76
fildepeche,35
filetalinge,37
filetantioiseaux,74
filetdecamouflage,90
filetdombrage,35
filetpoule,64
film,32
filmalimentaire,59
filmfenetre,73
filmoccultantpourfenetre,66
filmpourfenetrevoirsansetrevu,115
filorga,25
filpourcoupebordure,33
filtre,78
filtreacafe,63
filtreacharbon,61
filtreaeau,186
filtreahuile,44
filtreaquacleanphilips,63
filtreaquarium,81
filtrearouler,39
filtreasable,30
filtreasablepiscine,14
filtreaspirateur,117
filtreaspirateurrowenta,84
filtrebrita,90
filtrecafetieredelonghi,55
filtrecharbonhotteuniverselle,55
filtrecigarette,58
filtredelonghi,84
filtredelonghimagnificas,66
filtreeaupourrobinet,72
filtrefontainechat,17
filtrehepa,77
filtrehotte,58
filtrehotteaspirante,83
filtreocb,66
filtrepiscine,58
filtrescigaretteantigoudron,65
filtresfontaineaeauchat,78
filtrespa,75
finalfantasy,32
finalfantasytactics,44
finalfantasyviirebirth,47
firetvstick,496
firetvstick4k,76
fisherprice,54
fitbit,70
fitness,80
fixateurdemaquillage,43
fixodent,91
flechettes,83
flechetteselectroniques,41
flechettespointeacier,43
fleshlight,59
fleur,104
fleurartificiellecimetiere,73
fleurdebach,86
fleurdebachpertedepoids,48
fleurlego,37
fleursartificielles,131
fleursartificiellesexterieur,15
fleursdebachminceur,57
fleurssechees,97
flexiblededouche,114
flightsimulator,43
flip,59
flip4,51
flip6samsung,45
flip7,105
flip7jeu,26
flipper,73
flipperenfant,32
flipperzero,63
flipslide,17
floa,79
floatbank,63
floattube,74
flotteurchassedeau,74
flotteurpiscine,11
flstudio,82
fnac,56
fnaf,49
focal,50
foiegras,61
foireauvin,29
fold,79
fold4,76
fold5,7
fold6,92
fold7,92
fonddehotte,76
fonddeteint,166
fonddeteintloreal,64
fondue,111
fondvert,32
fontaine,90
fontaineachocolat,8
fontaineaeau,111
fontaineaeaupourchat,563
fontaineaeaupourchatsansfil,77
fontaineapunch,50
fontainechat,22
fontainedejardin,105
fontainedinterieur,68
fontaineexterieur,95
fontainesolaire,95
foot,89
football,74
forcapil,68
forerunner225,64
forerunner55,75
foret,71
foretbeton,78
foretmetal,50
forfaitmobileavectelephone,118
forfaitmobilesanstelephone,113
formule1,40
formulerz11promax,54
fortnite,358
fortniteps4,27
fortniteps5,47
fortniteswitch,35
forzahorizon5,45
forzahorizon5pourps4,46
forzahorizon5ps5,353
fossibot,90
fossibotf2400,66
fouet,42
fouetcuisine,37
fouetelectrique,80
foulard,49
foulardfemme,67
four,2193
four60l,35
fouragaz,89
fourairfryer,112
fourapizza,760
fourapizzabois,65
fourapizzaelectrique,130
fourapizzaexterieur,71
fourapizzagaz,86
fourapizzaninja,21
fourapizzaooni,74
fouraposer,90
fouravecplaqueinduction,41
fourbeko,78
fourblanc,76
fourbosch,126
fourboschserie8,63
fourbrandt,82
fourcandy,76
fourchaleurtournante,112
fourchette,98
fourcombine,67
fourcontinentaledison,75
fourelectrique,1668
fourelectrique60l,78
fourelectriqueaposer,76
fourelectriqueencastrable,111
fourelectrolux,93
fourencastrable,6134
fourencastrablebeko,70
fourencastrableblanc,106
fourencastrablebosch,119
fourencastrablebrandt,77
fourencastrablecandy,73
fourencastrablechaleurtournante,186
fourencastrablecontinentaledison,39
fourencastrableelectrolux,79
fourencastrablenoir,85
fourencastrablepyrolisechaleurtournanteportefroide,585
fourencastrablepyrolyse,154
fourencastrablerosieres,67
fourencastrablesamsung,86
fourencastrablesauter,31
fourencastrablesiemens,20
fourencastrabletournebroche,70
fourencastrablevapeur,30
fourencastrablewhirlpool,97
fourgaz,61
fourhisense,25
fourmicroonde,632
fourmicroondeavecfour,57
fourmicroondecombine,74
fourmicroondeencastrable,132
fourmicroondesmultifonction,70
fourmicroondesposelibre,72
fourmicroondessansplateautournant,87
fourmoulinex,71
fourneff,43
fourniturescolaire,52
fournoir,48
fourplaque,73
fourposablechaleurtournante,69
fourpyrolyse,476
fourpyrolysechaleurtournante,71
fourrosieres,69
foursamsung,91
foursamsungdualcook,54
foursauter,71
foursiemens,73
fourvapeur,73
fourwhirlpool,85
fractal,77
fredperry,41
freegun,49
freixenetbrut,35
friandisechien,22
friends,55
frigidaire,1
frigo,8386
frigoamericain,2361
frigoamericainblanc,70
frigoamericaincongelateurclassea,67
frigoamericaindoubleporte,96
frigoamericainglacon,30
frigoamericainhaier,60
frigoamericainlg,82
frigoamericainnoir,91
frigoamericainsamsung,130
frigobeko,126
frigoblanc,79
frigobloc,48
frigoboisson,43
frigobosch,104
frigobrandt,74
frigocandy,75
frigoclasseb,66
frigocongelateur,6580
frigocongelateur150cmhauteurfroidventile,70
frigocongelateuramericain,127
frigocongelateurbeko,65
frigocongelateurblanc,73
frigocongelateurbosch,64
frigocongelateurclassea,109
frigocongelateurfroidventile,52
frigocongelateurnoir,102
frigocongelateurpetit,26
frigocongelateursamsung,87
frigocongelateurtiroir,61
frigocongelateurventile,72
frigocongelateurwhirlpool,30
frigocontinentaledison,161
frigodechambre,63
frigodistributeurdeau,68
frigoencastrable,816
frigoencastrable122cm,67
frigoencastrable178cm,55
frigogris,68
frigohaier,137
frigohotpoint,70
frigolargeur70cm,247
frigolg,107
frigonofrost,102
frigonoir,353
frigooceanic,64
frigopascher,71
frigoretro,75
frigorouge,28
frigosamsung,150
frigosanscongelateur,79
frigosmeg,65
frigotop,342
frigoventile,52
frigovintage,103
frigovitre,30
frigowhirlpool,72
frisemuraleadhesive,74
friteuse,1968
friteuseagaz,94
friteuseairchaud,115
friteuseairfryer,108
friteuseavechuile,912
friteuseavechuilecuveamovible,79
friteuseclassique,58
friteusecuveamovible,78
friteuseelectrique,758
friteuseelectriqueavechuile,21
friteusehuile,128
friteusemoulinex,104
friteuseprofessionnelle,78
friteusesanshuile,1055
friteusesanshuileninja,76
friteusesanshuilephilips,83
friteusesanshuileseb,76
friteuseseb,52
friteusetefal,70
froidventiledegivrageautomatique,74
fromage,68
frontline,74
frontlinecombochat,87
frontpro,65
fruitssecs,63
fuckmachine,58
fujifilm,72
fumigene,66
fumigeneantipuce,64
fumoir,127
fumoirafroid,57
fumoirviandeetpoisson,69
funkopop,74
furby,57
furetdeboucheur,73
fusion360,78
fut2litres,23
futdebiere5litres,61
futon,107
futuroscope,39
fuxtec,68
g,48
g2,137
g29,75
g2master,124
g2max,280
g2pro,84
g3,81
g3pro,75
g4,96
g920,46
g923,48
gabby,55
gabbychat,269
gabbyetlamaisonmagique,292
gabion,69
gachetteaccelerateurtrottinetteelectrique,60
gadget,50
gagnetonpapa,34
gaine,51
gaineamincissanteventreplat,22
gainethermoretractable,23
gaineventreplat,54
galaxies24,63
galaxy,111
galaxya17,55
galaxya26,61
galaxya32,64
galaxya36,39
galaxya54,63
galaxybook,55
galaxybuds,123
galaxybuds2pro,50
galaxybuds3,96
galaxybuds3pro,425
galaxybudsfe,57
galaxyflip5,51
galaxynote20,71
galaxynote20ultra5g,40
galaxys10,58
galaxys20fe,8
galaxys23plus,13
galaxys24,430
galaxys24plus,39
galaxys24ultra,494
galaxys25edge,56
galaxys25plus,90
galaxys25ultra,541
galaxys9,62
galaxytaba9,29
galaxytaba9plus,76
galaxytabs10,63
galaxytabs10fe,55
galaxytabs10ultra,16
galaxytabs7,55
galaxytabs9,16
galaxyultra,51
galaxywatch,113
galaxywatch4,52
galaxywatch6,93
galaxywatch7,424
galaxywatch8,96
galaxywatchultra,91
galaxyzflip,69
galaxyzflip4,53
galaxyzflip7,65
galaxyzfold5,65
galaxyzfold7,48
galettedechaise,112
gameboy,432
gameboyadvance,48
gameboycolor,25
gameboylego,36
gamecube,52
gamelleantigloutonchat,65
gamellechat,151
gamellechauffante,124
gamellechien,110
gamellesureleveepourchien,71
gamer,110
gaming,510
gaminglaptop,54
gantchauffantmoto,47
gantdecuisine,66
gantdetoilettejetable,79
gants,94
gantschauffants,117
gantsdeboxe,119
gantsdegardien,37
gantsdetoilette,119
gantsdetravail,66
gantsfemme,33
gantshiver,50
gantshomme,37
gantsjetables,62
gantsmoto,155
gantsmotohiver,75
gantsmotohomologue,73
gantsmusculation,74
gantstrottinetteelectrique,66
gantsvelo,76
garage,94
garageenfant,45
garagehotwheels,39
garagemetallique,58
garagerobottondeuse,79
garagevoiture,58
garagevoitureenfant,30
garancia,75
garantie,44
gardecorpsexterieur,78
gardemanger,107
gardena,88
garderobe,143
garmin,418
garmin225,103
garminfenix,73
garminfenix7,76
garminfenix8,58
garminforerunner,59
garminforerunner165,71
garminforerunner225,28
garminforerunner265,64
garminforerunner55,80
garminforerunner955,22
garminvenu,64
garminvenu2,22
garminvenu2s,74
garminvenu3,75
garminvenu3s,60
garminvivoactive5,79
garnier,73
gasiniere,59
gasiniereetfouragaz,117
gateau,147
gauffre,33
gauffrierelectrique,78
gauffrierelectriquemultifonction,148
gaufrier,1124
gaufriercroquemonsieur,86
gaufrierlagrange,154
gaufriermultifonction,87
gaufrierprofessionnel,81
gaufriertefal,148
gaz,83
gazelle,72
gazellefemme,62
gaziniere,2421
gaziniere5feux,39
gazinierebeko,74
gaziniereelectrique,805
gaziniereelectriqueinduction,34
gazinierefourchaleurtournante,111
gazinierefourelectrique,79
gazinieregaz,632
gazinieregazavecfourelectrique,556
gazinieregazavecfourgaz,611
gazinieregazbouteille,33
gazinieregazdeville,78
gazinieregazetfourelectrique,72
gaziniereinduction,182
gazinieremixte,44
gazinierepiano,100
gazinierevitroceramique,103
gazon,99
gazonsynthetique,296
gecko,25
geckoradiocommande,49
gedtech,67
geekom,21
geekvape,86
gel,52
gelaloevera,26
gelcheveux,53
geldouche,158
geldouchebebe,58
geldouchehomme,58
gelhydroalcoolique,74
gelongle,69
generateur,31
generateurelectrique,72
generateurelectriqueportable,94
generateursolaire,129
genouillere,85
genouillerearthrose,51
geomag,25
geotextile,106
geox,53
geoxhomme,57
gerlinea,71
gertrude,43
ghdchronos,152
ghdgold,31
ghdmax,28
ghdplatiniumplus,68
ghdplatinum,64
ghostoftsushima,40
ghostoftsushimaps5,67
ghostofyotei,433
ghostofyoteips5,46
gicleurgazbutane,68
gigoteuse,86
gigoteusebebe,79
gigoteusehiver,21
gilet,19
giletchauffant,72
giletchauffantavecbatterieincluse,35
giletdesauvetage,70
giletfemme,80
gilethomme,74
giletjaune,11
giletleste,76
giletsansmanchehomme,45
gin,64
girafe,78
glace,70
glaceitalienne,86
glaciere,223
glaciereacompresseur,82
glaciereacompressionvevor,32
glaciereelectrique,179
glacon,27
glissierepourtiroir,49
glissieretoboggan,17
globber,58
globe,37
globeinteractif,26
globeterrestre,52
gloss,99
glosskiko,52
glp1,103
glp1gouttes,41
glp1pertedepoids,75
glucometre,66
glutamine,70
glyphosate,73
gobeletplastique,64
gobeletreutilisable,48
gode,675
godeanal,64
godeceinture,102
godefemme,74
godehomme,61
godemichet,63
godepourfemme,56
godepourhommesvibrant,46
goderealiste,62
godeventouse,61
godeventousepourhomme,26
godevibrant,58
godexxl,64
godofwar,45
godofwarragnarok,17
godofwarragnarokps5,53
goldengoose,67
goldorak,62
golf,64
golf4,74
golf5,68
gommagevisage,61
gomme,72
gommettes,54
gonfleur,70
gonfleurballon,67
gonfleurelectrique,51
gonfleurpneu,59
gonfleurpneusansfil,71
gonfleurpneuvoiture,509
google,93
googlehome,115
googlenest,24
googlenesthub,64
googlepixel,1033
googlepixel10,140
googlepixel10pro,99
googlepixel10proxl,90
googlepixel6,100
googlepixel6pro,71
googlepixel7,409
googlepixel7a,84
googlepixel7pro,270
googlepixel8,551
googlepixel8256go,58
googlepixel8a256go,28
googlepixel8pro,1027
googlepixel8pro256go,63
googlepixel9,1147
googlepixel9pro,872
googlepixel9pro256go,54
googlepixel9profold,51
googlepixel9proxl,352
googlepixel9proxl256go,58
googlepixelbuds,60
googlepixelfold,81
googlepixelpro,75
googlepixelwatch3,55
googletv,80
goojitzu,35
gopro,506
goprohero,59
goprohero12,60
goprohero13,92
goulotteelectrique,74
goupillon,69
goupillonbiberon,82
gourde,425
gourdeairup,390
gourdeavecpaille,35
gourdeenfant,91
gourdefiltrante,72
gourdeinox,26
gourdeisotherme,120
gourdeisothermeenfant,79
gourdesport,69
gourdestanley,64
gourdestitch,84
gourmettehomme,35
gourmettehommeargent,41
goutchicha,73
goutcigaretteelectronique,60
govee,73
gpl1,58
gps,97
gpscampingcar,68
gpsgarmin,69
gpspoidslourds,84
gpstomtom,52
gpsvelo,40
gpsvoiture,115
grainedechia,78
graines,96
grainesdefleurs,78
grainespotageres,87
granboard,53
granboard3s,43
grandarbreachat,73
grandarbreachatxxl,87
grandbuffet,76
grandbureau,83
granddressing,74
grandearmoire,122
grandebibliotheque,70
grandecasserole,80
grandecoiffeuse,99
grandecommode,103
grandehorlogemurale,71
grandemarmite,68
grandepiscine,73
grandeplanteartificielle,73
grandepoupee,33
grandepoupee105cm,25
grandetablebasse,76
grandetelevision,54
grandevalise,104
grandfrigo,69
grandmeubletv,94
grandmiroir,640
grandmiroirmural,101
grandmiroirsurpied,84
grandparasol,94
grandpotdefleurexterieur,32
grandsacamainfemme,53
grandtapis,30
grandtapisdesalon,121
grandtapissalon,75
grandvase,63
grandvaseaposerausol,68
granionscollagene,49
granite,79
granturismo,23
granturismo7,123
granturismo7ps4,42
granulesdebois,39
granulespellets,63
grattedos,73
grattelangue,33
grattoirchat,77
gravel,25
graveurlaser,135
gravier,43
gravitrax,44
grelinette,96
griffoir,69
griffoirchat,162
grill,133
grillage,131
grillageapoule,111
grillagecloture,6
grillagehauteur150m,92
grillagerigide,91
grilleaeration,14
grillebarbecue,85
grillefour,56
grillelectrique,86
grillepain,1704
grillepain2fentesextralargeetlongues,134
grillepain4tranches,69
grillepainmoulinex,85
grillepainnoir,79
grillepainrouge,46
grillepainrussellhobbs,73
grillepainsmeg,162
grillepaintefal,82
grillepainvintage,79
grilleviande,172
grillmultifonction,60
grillpanini,68
grilltefal,66
grinch,34
grinder,64
groot,35
groslego,38
grospotdefleurexterieur,90
grossepeluche,26
groupeelectrogene,489
groupeelectrogenediesel,74
groupeelectrogeneinverter,75
groupeelectrogenesilencieux,104
grue,20
gruetelecommandee,24
gshock,58
gshockcasio,39
gta,68
gta5,111
gta5nintendoswitch,60
gta5ps4,59
gta5ps5,98
gta6,87
gtaps4,40
gtaswitch,49
gtx1660super,28
gucci,77
gueridon,87
guerlain,54
guess,100
guessfemme,8
guidechainetronconneuse,83
guigal,62
guirlande,63
guirlandedenoel,22
guirlandeexterieur,82
guirlandeguinguette,83
guirlandeled,79
guirlandelumineuse,142
guirlandelumineuseexterieur,79
guirlandelumineuseexterieuredenoel,56
guirlandelumineuseinterieure,49
guirlandelumineusesapinnoel,34
guirlandesapin,34
guirlandesolaire,54
guirlandesolaireexterieur,143
guitare,148
guitareacoustique,72
guitarebasse,52
guitareclassique,62
guitareelectrique,157
guitareelectriqueenfant,56
guitareelectroacoustique,65
guitareenfant,77
gummies,55
gunai,83
gymnastique,76
gyrophare,67
gyroroue,41
h1led,71
h7led,98
habillagepluiepoussetteuniversel,92
hache,56
hachoir,545
hachoiraviande,572
hachoiraviandeelectrique,91
hachoiraviandemanuel,35
hachoiraviandeprofessionnel,31
hachoirelectrique,275
hachoirmanuel,94
hachoirmoulinex,82
haieartificielle,57
haier,68
haierrefrigerateurcongelateur,75
hairefrayer,110
halloween,61
halogenesurpied,47
haloknight,24
haloknightt104,64
haloknightt107,62
haloknightt107pro,85
haltere,75
halteremusculation,111
halteres,146
halteresmusculation,37
halteresreglables,66
hamac,275
hamacavecsupport,110
hamacchat,80
hamacsurpied,89
handpan,62
handspinner,49
haribo,66
harleydavidson,60
harmankardon,66
harmonica,60
harnaischat,100
harnaischien,353
harnaischienantitraction,20
harnaisdebroussailleuse,79
harnaispourpetitchien,55
harrypotter,329
harrypotterlego,28
harrypotterlivre,36
hasbro,42
hauteaspirantedecuisine,120
hautfemme,54
hautparleur,73
hautparleur13cm,12
hautparleurbluetooth,66
hautparleurpc,99
hautparleurvoiture,86
hautparleurvoiture165cm,65
hawai,56
hawaii,62
hdd,65
hdmi,75
headphones,59
helicopteretelecommande,48
helium,74
hellisus,13
hello10,66
hellokitty,70
helvetica,45
helveticawilson,62
henne,78
hennessy,33
herbeachat,73
heroquest,45
hesperide,75
hifi,59
hilti,71
hippoglouton,33
hisense,94
hitster,30
hitway,89
hobbyhorse,67
hochetbebe,112
hogwartslegacy,61
hokafemme,56
hokaoneone,74
hollowknight,46
homcom,128
homcombuffet,62
homecinema,770
homecinema51,63
homecinemasamsung,60
homecinemasansfil,104
homepod,76
homepodmini,58
hometrainer,69
homme,99
hommecinematv,62
hondrolife,67
honnor,27
honor,1089
honor200,227
honor200lite,66
honor200pro,180
honor400,574
honor400lite,583
honor400pro,121
honor50,50
honor5g,50
honor70,55
honor8x,58
honor90,70
honor90lite,54
honormagic,84
honormagic5pro,54
honormagic6,59
honormagic6lite,60
honormagic6lite5g,32
honormagic6pro,128
honormagic6pro5g,18
honormagic7lite,648
honormagic7lite5g,78
honormagic7pro,405
honormagic7pro5g,26
honormagicpad2,61
honormagicv2,77
honormagicv3,76
honormagicv5,114
honorpad9,58
honorpadx8a,70
honorx6b,71
honorx9c,72
hoover,68
hopitalplaymobil,36
horizonforbiddenwest,54
horloge,119
horlogeadhan,56
horlogecoucou,69
horlogemurale,619
horlogemuralecuisine,27
horlogenumerique,112
horlogenumeriquemurale,72
hoteaspiranteavecfiltres,107
hoteaspiranteavecfiltressansevacuation,41
hotpoint,65
hotte,674
hotte90cm,76
hotteaspirante,530
hotteaspirante60cm,1130
hotteaspirante90cm,515
hotteaspiranteencastrable,75
hotteaspirantesansevacuation,78
hotteblanche,31
hottebosch,62
hottecasquette,81
hottecasquette60cm,66
hottecuisine,134
hottedecorative,45
hotteencastrable,110
hotteencastrable60cm,73
hotteilot,68
hotteinclinee,10
hotteinclinee60cm,62
hottenoir,73
hottesansevacuation,71
hotwav,76
hotwheel,33
hotwheels,295
housse,81
houssebarbecue,92
houssebz,64
houssecanape3places,130
houssecanapedangle,560
houssecanapeextensible,61
houssecanaperelax,64
houssechaisejardin,62
housseclicclac,172
housseclicclac140x190,78
housseclicclacsansaccoudoir,77
houssecouette220240,70
houssecoussin40x40,91
houssedecanape,597
houssedecanape2places,88
houssedecanape34places,62
houssedecanapedangle34places,110
houssedecanapedangle3places,71
houssedechaise,665
houssedechaisedossierhautesalleamanger,69
houssedechaisemariage,69
houssedechaisesalleamanger,70
houssedechaisescandinave,130
houssedeclicclacmatelassee,74
houssedecouette,1491
houssedecouette140x190,72
houssedecouette140x200,449
houssedecouette140x200coton,75
houssedecouette160x200,75
houssedecouette1personne,72
houssedecouette200200,32
houssedecouette200x200,90
houssedecouette200x200encoton,21
houssedecouette200x200unie,85
houssedecouette220x240,499
houssedecouette220x240encoton,113
houssedecouette240260coton,78
houssedecouette240x260,132
houssedecouette260x240,93
houssedecouette260x240coton,48
houssedecouette260x240encoton,540
houssedecouette2personnes,69
houssedecouette90x190,100
houssedecouette90x190enfant,64
houssedecouettebeige,75
houssedecouettecoton,83
houssedecouetteenfant,118
houssedecouettegamer,62
houssedecouettegazedecoton220x240,57
houssedecouetteminecraft,60
houssedecouettepatpatrouille,61
houssedecouettepolaire,67
houssedecouettepsg,62
houssedecouetterealmadrid,51
houssedecouetterose,55
houssedecouettespiderman,30
houssedecouettestitch,108
houssedecouettestitch1personne,64
houssedecoussin,141
houssedecoussin45x45,61
houssedecoussin60x60,81
houssedefauteuil,126
houssedefauteuilcabriolet,64
houssedematelas,101
houssedematelas140x190,79
houssedeprotectionmobilierdejardin,81
houssedeprotectionvoiture,81
houssederangement,24
houssedesiegeautouniverselle,62
houssefauteuilrelax,74
housseipad,59
housseiphone11,58
houssemacbookair13,74
houssematelas140x190,89
houssematelas160x200,74
houssematelas90x190,87
houssematelasalanger,42
housseordinateur,56
housseordinateur14pouces,72
housseordinateur16pouces,64
housseoreiller,66
housseparasol,69
housseparasoldeporte,46
housseplancha,74
housseprotectionmatelas,71
housseprotectionsalondejardin,62
houssesalondejardin,92
houssesdechaises,83
houssesiegeauto,57
houssesiegevoiture,98
housseswitch2,42
houssetablearepasser,104
houssetabledepingpong,70
houssetablette,75
houssetablette10pouces,78
houssetablette11pouces,63
houssetablettesamsunggalaxytaba9plus,71
houssevelo,73
houssevetement,56
houssevoiture,122
houssevoiturechien,28
hoverboard,112
hp,329
hp302,69
hp302xl,42
hp304,71
hp305,117
hplaptop,54
hpomen,60
hpordinateurportable,48
hpvictus,93
hpvictus15,59
hpvictus16,20
huawei,948
huaweigt5pro,16
huaweimate,26
huaweimate20pro,57
huaweip20,56
huaweip20lite,62
huaweip20pro,56
huaweip30,133
huaweip30lite,440
huaweip30pro,445
huaweip30pro256go,52
huaweip40,68
huaweip40lite,57
huaweip40pro,93
huaweip50,88
huaweipura70ultra,71
huaweiwatch,51
huaweiwatchfit3,59
huaweiwatchfit4pro,58
hubusb,141
hubusbc,63
hucheapain,86
hudabeauty,78
hue,82
hugoboss,85
huile,84
huile2temps,63
huile5w30,59
huilebarbe,68
huilecheveux,78
huiledargan,56
huiledebatana,95
huiledechainetronconneuse,59
huiledecoco,76
huiledefenugrec,68
huiledelin,75
huiledemassage,111
huiledenigelle,77
huiledericin,107
huilederomarin,40
huiledolive,104
huileessentielle,162
huileessentiellelavande,72
huileessentiellementhepoivree,27
huilemoteur,39
huilemoteur5w30,151
huilemoteur5w30diesel,24
hulk,35
humidificateur,58
humidificateurdair,143
huntrix,60
huntrixkpop,38
husqvarna,76
hydratis,68
hydropulseurdentaire,174
hygrometre,77
hyperx,58
hyperxcloud2,65
hyperxcloudiii,63
hyrulewarriors,46
i,55
i5,48
i512400f,55
i514400f,7
i514600kf,62
i7,60
i714700k,45
i714700kf,33
i9,52
i914900k,49
icarsoft,66
icewatch,102
ideecadeau,73
ideecadeaufemme,598
ideecadeauhomme,106
ideecadeaunoelfemme,55
ideecadeaunoelhomme,33
idmarket,687
idmarketbuffetdecuisine,10
idmarketmeubletv,78
idmarkettableamangerextensible,49
ihone13reconditionne,34
ihone14pro,83
ihone15,61
ihone16,31
ihpone14pro,61
iiyama,61
ikea,494
illicado,67
ilot,106
ilotcentral,1881
ilotcentralavectabouret,80
ilotcentralblanc,56
ilotcentralcuisine,686
ilotcentralcuisineavecrangementetplandetravail,63
ilotcentralmangedebout,75
ilotcentralnoir,58
ilotcuisine,164
imac,453
imac27poucesapple,54
imacm4,46
imacreconditionne,58
imou,78
impermeablefemme,55
impressionsurtoile,24
imprimante,3150
imprimante3d,624
imprimante3dresine,52
imprimantea3,66
imprimanteaveccartouche,65
imprimantebluetooth,105
imprimantebluetoothwifi,48
imprimantebrother,80
imprimantecanon,420
imprimantecanonpixma,67
imprimantecanonpixmamg5750,71
imprimantedtf,25
imprimanteepson,479
imprimanteepsonxp2200,89
imprimanteetiquette,57
imprimanteetiquetteautocollante,67
imprimantehp,730
imprimantehpdeskjet,75
imprimantehpenvy,60
imprimantehpwifi,69
imprimantejetdencre,66
imprimantelaser,443
imprimantelasercouleur,95
imprimantelasercouleurmultifonction,69
imprimantelasermultifonction,23
imprimantemultifonction,831
imprimantemultifonctioncanon,57
imprimantemultifonctionepson,55
imprimantemultifonctionhp,33
imprimantemultifonctionwifi,61
imprimantephoto,147
imprimantephotopourtelephoneportable,56
imprimanteportable,437
imprimantereservoirdencre,74
imprimantesansencre,121
imprimantescanner,90
imprimantesublimation,90
imprimantetank,56
imprimantetatouage,37
imprimantethermique,812
imprimantethermiquea4,81
imprimantethermiqueportable,29
imprimantewifi,401
imprimantewifisansfil,56
imprimentehptouten1,56
inazumaeleven,33
indesit,54
indianajonesetlecercleancienps5,42
indianajonesps5,72
induction,100
infinix,63
informatique,85
infuseurathe,41
ingenio,41
inhalateur,82
injecteurextracteur,118
inox,81
insecticide,45
insertabois,64
insta360,117
insta360x4,53
insta360x5,74
instantpot,23
instax,69
instaxmini,73
instaxmini12,80
instrumentdemusique,68
intelcorei5,47
intelcorei7,48
intercom,35
intercommoto,102
interphone,72
interphonesansfillongueportee,31
interphonevideosansfil,77
interrupteur,116
interrupteursansfil,81
interrupteurvoletroulantconnecte,32
intex,44
iohone14pro,61
iohone15,70
iohone16,61
ipad,5709
ipad10,77
ipad109,79
ipad10emegeneration,58
ipad10generation,558
ipad112025,54
ipad128go,58
ipad129,54
ipad13pouces,79
ipad2021,81
ipad2022,113
ipad2023,30
ipad2024,98
ipad2025,353
ipad256go,45
ipad6,22
ipad7,36
ipad8,37
ipad9,81
ipad9emegeneration,60
ipada16,163
ipadair,910
ipadair11,88
ipadair13,59
ipadair13pouces,108
ipadair2,55
ipadair2022,80
ipadair2024,64
ipadair2025,32
ipadair4,63
ipadair5,71
ipadairm2,59
ipadairm3,89
ipadairreconditionne,56
ipadapple,62
ipadavecclavier,62
ipadavecclavieretstyletapple,65
ipadclavier,57
ipadmini,482
ipadmini6,63
ipadmini7,67
ipadneuf,50
ipadpascher,64
ipadpro,781
ipadpro11,630
ipadpro129,59
ipadpro13pouces,75
ipadpro2022,50
ipadpro2024,44
ipadprom1,26
ipadprom2,51
ipadprom4,61
ipadproreconditionne,57
ipadreconditionne,578
ipadrose,176
iphon11,54
iphone,19814
iphone10,518
iphone100,52
iphone10128goreconditionne,30
iphone10reconditionne,58
iphone11,5042
iphone11128go,56
iphone11256go,57
iphone1164go,52
iphone1164goreconditionne,123
iphone11blanc,29
iphone11mini,95
iphone11neuf,69
iphone11pascher,59
iphone11pro,853
iphone11pro128goreconditionne,64
iphone11promax,755
iphone11promax128go,117
iphone11promax128goreconditionne,36
iphone11promax256go,57
iphone11promaxreconditionne,62
iphone11propromaxreconditionne,144
iphone11proreconditionne,49
iphone11reconditionne,306
iphone11reconditionne128go,635
iphone12,8233
iphone12128go,358
iphone12128gomini,445
iphone12128gominireconditionne,60
iphone12128gopro,131
iphone12128gopromax,525
iphone12128gopromaxneuf,48
iphone12128gopromaxreconditionne,830
iphone12128goproreconditionne,65
iphone12128goreconditionne,1449
iphone12128reconditionne,62
iphone12256go,78
iphone1264go,62
iphone12blanc,62
iphone12bleu,56
iphone12mauve,88
iphone12mini,1683
iphone12mini128goreconditionne,58
iphone12minireconditione128go,59
iphone12minireconditione64go,59
iphone12minireconditionne,57
iphone12neuf,101
iphone12noir,24
iphone12pascher,58
iphone12plus,45
iphone12pro,1985
iphone12pro128go,49
iphone12pro128goreconditionne,70
iphone12pro256go,59
iphone12pro256goreconditionne,61
iphone12promax,1468
iphone12promax128go,19
iphone12promax128goreconditionne,28
iphone12promax256,54
iphone12promax256go,44
iphone12promaxreconditionne,73
iphone12propromax,52
iphone12propromaxreconditionne,141
iphone12proreconditionne,75
iphone12reconditionne,590
iphone12rose,63
iphone12vert,23
iphone13,18099
iphone13128go,85
iphone13128gopromaxreconditionne,65
iphone13128goreconditionne,1353
iphone13256,51
iphone13256go,130
iphone13256goreconditionne,53
iphone13512go,60
iphone1364go,48
iphone13blanc,120
iphone13bleu,60
iphone13max,59
iphone13mini,1769
iphone13mini128go,36
iphone13mini128goreconditionne,57
iphone13minireconditione128go,372
iphone13minireconditione256go,61
iphone13minireconditione64go,41
iphone13minireconditionne,71
iphone13minireconditionner,78
iphone13minirose,60
iphone13neuf,604
iphone13noir,50
iphone13occasion,62
iphone13pascher,54
iphone13plus,113
iphone13pri,42
iphone13pro,5204
iphone13pro128gb,42
iphone13pro128go,220
iphone13pro128goreconditionne,67
iphone13pro256,58
iphone13pro256go,51
iphone13pro256goreconditionne,44
iphone13promax,3268
iphone13promax128gb,44
iphone13promax128go,86
iphone13promax128goreconditionne,92
iphone13promax256,819
iphone13promax256go,74
iphone13promax256goreconditionne,53
iphone13promaxneuf,99
iphone13promaxpascher,47
iphone13promaxreconditionne,230
iphone13promaxreconditionneexcellentetat,25
iphone13promaxtoutneuf,41
iphone13promaxtoutneuf256go,59
iphone13proneuf,68
iphone13propro,100
iphone13propro256,64
iphone13propromax,716
iphone13propromax256greconditionne,60
iphone13propromaxneuf,53
iphone13propromaxreconditionne,1206
iphone13proproreconditionne,97
iphone13proreconditionee,57
iphone13proreconditionne,321
iphone13recondiione,64
iphone13reconditionee,48
iphone13reconditionne,1320
iphone13reconditionneexcellentetat,67
iphone13reconditionner,65
iphone13rose,474
iphone13rosereconditionne,53
iphone13rouge,46
iphone13vert,59
iphone13violet,46
iphone14,21862
iphone14128go,79
iphone14128goreconditionne,1240
iphone14256,63
iphone14256go,208
iphone14512go,50
iphone14blanc,98
iphone14bleu,62
iphone14jaune,23
iphone14max,58
iphone14mini,443
iphone14neuf,644
iphone14noir,63
iphone14pascher,52
iphone14plus,1593
iphone14plus128gb,368
iphone14plus128gbreconditionne,76
iphone14plus128goreconditionne,73
iphone14plus256gb,62
iphone14plus256go,54
iphone14plusneuf,43
iphone14plusreconditionne,83
iphone14pri,40
iphone14pro,8724
iphone14pro128gb,35
iphone14pro128go,537
iphone14pro128goreconditionne,81
iphone14pro256,76
iphone14pro256go,91
iphone14pro256goreconditionne,48
iphone14problanc,57
iphone14promax,4855
iphone14promax128gb,24
iphone14promax128go,974
iphone14promax128goreconditionne,55
iphone14promax256,75
iphone14promax256go,91
iphone14promax256gonoir,163
iphone14promax256goreconditionne,34
iphone14promaxneuf,101
iphone14promaxreconditionne,305
iphone14promaxreconditionneexcellentetat,65
iphone14promaxtoutneuf256go,20
iphone14proneuf,126
iphone14pronoir,49
iphone14propromax,503
iphone14propromax256greconditionne,47
iphone14propromaxneuf,389
iphone14propromaxreconditionne,1565
iphone14propromaxreconditionne256,9
iphone14proproreconditionne,168
iphone14proreconditionee,79
iphone14proreconditionne,577
iphone14proreconditionner,51
iphone14reconditione,63
iphone14reconditione128go,66
iphone14reconditionne,1217
iphone14reconditionne256go,89
iphone14reconditionneexcellentetat,59
iphone14rose,102
iphone14violet,63
iphone15,21603
iphone15128go,63
iphone15128goreconditionne,1015
iphone15256,61
iphone15256go,157
iphone15256goreconditionne,44
iphone15512go,45
iphone15blanc,44
iphone15bleu,60
iphone15coque,38
iphone15mini,79
iphone15neuf,372
iphone15noir,59
iphone15plus,1743
iphone15plus128gb,190
iphone15plus128goreconditionne,68
iphone15plus256gb,50
iphone15plus256go,62
iphone15plusneuf,63
iphone15plusreconditionne,138
iphone15plusrose,59
iphone15pro,4890
iphone15pro128gb,63
iphone15pro128go,482
iphone15pro128goneuf,72
iphone15pro128goreconditionne,61
iphone15pro256,82
iphone15pro256g,73
iphone15pro256go,92
iphone15promax,5105
iphone15promax128gb,49
iphone15promax128go,99
iphone15promax128goneuf,39
iphone15promax128goreconditionne,57
iphone15promax256,63
iphone15promax256g,51
iphone15promax256go,1295
iphone15promax256goneuf,61
iphone15promax256gonoir,59
iphone15promax256goreconditionne,51
iphone15promax512go,50
iphone15promaxneuf,87
iphone15promaxreconditionne,99
iphone15proneuf,115
iphone15propro,128
iphone15propro256reconditionne,30
iphone15propromax,8
iphone15propromaxneuf,126
iphone15propromaxreconditionne,147
iphone15propromaxreconditionne256,30
iphone15proproreconditionne,405
iphone15proreconditionne,310
iphone15recoditionne,51
iphone15reconditione,104
iphone15reconditionee,111
iphone15reconditionne,1457
iphone15rose,183
iphone15vert,49
iphone16,20094
iphone16128go,65
iphone16128goreconditionne,211
iphone16256,58
iphone16256go,97
iphone16blanc,62
iphone16bleu,57
iphone16e,1499
iphone16ereconditionne,86
iphone16mini,56
iphone16neuf,188
iphone16plus,1772
iphone16plus128gb,71
iphone16plus256go,63
iphone16plusneuf,44
iphone16plusreconditionne,59
iphone16plusreconditionner,118
iphone16plusrose,65
iphone16pro,4733
iphone16pro128gb,71
iphone16pro128go,136
iphone16pro256,61
iphone16pro256gb,62
iphone16pro256go,63
iphone16promax,5276
iphone16promax128gb,25
iphone16promax128go,34
iphone16promax1to,58
iphone16promax256,769
iphone16promax256gb,143
iphone16promax256gonoir,1234
iphone16promax512go,67
iphone16promaxneuf,83
iphone16promaxreconditionne,71
iphone16proneuf,100
iphone16propro,443
iphone16propromax,465
iphone16propromaxneuf,101
iphone16propromaxreconditionne,125
iphone16proproneuf,50
iphone16proproreconditionne,58
iphone16proreconditionne,107
iphone16pros,55
iphone16prosmax,299
iphone16recondionne,113
iphone16reconditionne,885
iphone16rose,199
iphone16se,59
iphone17,8230
iphone17air,239
iphone17plus,67
iphone17pro,1966
iphone17promax,2348
iphone17promax256,1252
iphone17promax256go,54
iphone17promax256gonoir,72
iphone17propro,45
iphone17propromax,408
iphone17propromax512go,36
iphone17pros,119
iphone17reconditionne,58
iphone18,54
iphone256go,79
iphone4,113
iphone5,207
iphone5sreconditionne,57
iphone6,513
iphone6plus,62
iphone6s,90
iphone6splus,65
iphone7,694
iphone7plus,111
iphone7reconditionne,57
iphone8,1009
iphone8gris,10
iphone8plus,374
iphone8plusreconditionne,51
iphone8reconditionne,68
iphone9,104
iphoneair,647
iphoneapple16promax,66
iphonemax,42
iphonemini,195
iphonemoinscher,55
iphoneneuf,505
iphoneoccasion,68
iphonepascher,136
iphoneplus,70
iphonepro,507
iphonepromax,559
iphonepromaxreconditionne,56
iphoneproreconditionne,64
iphonereconditionne,1543
iphonereconditionne15,53
iphonereconditionnepascher,65
iphonereconditionnesansforfait,67
iphonerose,105
iphonese,571
iphonese2020,72
iphonese2022,108
iphonese202264go,68
iphonese3,48
iphonese4,38
iphonex,1104
iphonexneuf,50
iphonexr,1525
iphonexr128go,57
iphonexr128goreconditionne,124
iphonexreconditionne,55
iphonexrneuf,27
iphonexrreconditionne,89
iphonexrreconditionne64go,62
iphonexs,458
iphonexsmax,113
iphonexsreconditionne,51
iphonre14,27
ipod,132
ipodtouch,63
ipone,49
ipone13promaxneuf,16
ipone14pro,62
iptv,478
iptv12moisabonnement,616
iptvsmarterpro,47
irobot,140
irobotroomba,66
ironman,34
iscooter,113
iscooteri10,63
iscooteri10max,60
iscooteri9,72
iscooteri9max,90
iscooterix3,64
iscooterix4,92
iscooterix6,75
iscooterix7pro,71
iscooterix8,72
isolantthermique,78
ittakestwo,56
ix3,71
ix4,81
ix6,72
ix7pro,62
ix8,73
iztoss,56
jabra,61
jackdaniels,77
jackdaniels1l,93
jacuzzi6places,109
jacuzzicarre,50
jacuzziendur,26
jacuzzirigide,75
jagermeister,52
jambon,69
jamboncruentier,29
jamboree,47
janod,47
jardin,334
jardinage,99
jardiniere,110
jardiniereavectreillis,114
jardinierebois,85
jardiniereexterieur,379
jardinierehaute,32
jardinieresurpied,101
jbl,989
jblboombox,55
jblboombox3,77
jblboombox4,55
jblcasque,69
jblcharge5,78
jblcharge6,41
jblclip5,61
jblecouteurs,58
jblecouteurssansfil,274
jblflip7,65
jblgo3,58
jblgo4,86
jbllive770nc,45
jblpartybox,404
jblpartybox310,22
jblpartybox710,80
jblxtreme4,64
jeanfemme,104
jeanlevis,56
jeanlevis501homme,79
jeanlevishomme,24
jeanpaulgaultier,47
jeans,81
jeans501levishomme,31
jeansdieselhomme,58
jeanshomme,524
jeanshommeregular,42
jeanslevisfemme,57
jellyblox,31
jellycat,23
jenga,42
jerrican,60
jerricaneau,54
jetdescene,58
jetedecanape,107
jetedelit,76
jetonlotomagnetique,19
jetonsloto,52
jeuaimant,31
jeude7familles,51
jeudechec,73
jeudeconstructionmagnetique,27
jeudeflechettes,38
jeudeflechetteselectronique,48
jeudepalet,53
jeudeswitch,41
jeudevoitureps5,28
jeudupendu,37
jeuenfant3ans,84
jeuexterieur,68
jeumagnetique,34
jeumahjong,15
jeumario,45
jeuminecraft,21
jeunintendoswitch,72
jeupokemon,59
jeupourchat,84
jeupourlebainbebe,46
jeusexuel,47
jeuskyjo,60
jeuswitchlessisters,51
jeuswitchmario,42
jeuswitchmarioodyssey,51
jeux,375
jeux3ds,47
jeuxbebe1an,3
jeuxbebe1ans,51
jeuxbebe6mois,26
jeuxcreatif,28
jeuxcreatiffille,37
jeuxdeau,85
jeuxdebain,45
jeuxdecartes,78
jeuxdechec,22
jeuxdechecselectronique,13
jeuxdeconstruction,66
jeuxdeflechetteelectroniqueadulte,78
jeuxdelumiere,134
jeuxdelumieredj,143
jeuxdesociete,733
jeuxdesociete3ans,41
jeuxdesociete4ans,22
jeuxdesocieteadulte,70
jeuxdesocieteenfant,94
jeuxdesocietefamille,32
jeuxdeveil,95
jeuxdeveilbebe6mois,53
jeuxds,54
jeuxeducatif3ans,34
jeuxeducatifenfant2ans,14
jeuxeducatifpourenfantde2ans,39
jeuxeducatifs,64
jeuxenfant,7
jeuxenfant2ans,52
jeuxenfant4ans,38
jeuxenfant5ans,45
jeuxenfant6ans,15
jeuxenfants,55
jeuxenfants10ans,57
jeuxenfants2ans,51
jeuxexterieur,55
jeuxexterieurenfant,273
jeuxexterieurs,96
jeuxexterieursenfants,88
jeuxfille,66
jeuxfille10ans,42
jeuxfille3ans,21
jeuxfille4ans,32
jeuxfille7ans,34
jeuxgarcon,37
jeuxmarioswitch,54
jeuxmontessori,56
jeuxnintendods,48
jeuxnintendoswitch,98
jeuxpatpatrouille,41
jeuxpc,78
jeuxplaystation4,45
jeuxpokemonswitch,48
jeuxps2,34
jeuxps3,75
jeuxps4,1014
jeuxps4pascher,37
jeuxps5,2914
jeuxpsp,48
jeuxspiderman,38
jeuxswitch,1938
jeuxswitch1,68
jeuxswitch2,566
jeuxswitchlite,66
jeuxswitchmario,76
jeuxswitchminecraft,83
jeuxswitchpokemon,51
jeuxswitchsonic,50
jeuxswitchsport,34
jeuxswitchvoiture,17
jeuxvideo,89
jeuxwii,72
jeuxxbox,97
jeuxxbox360,49
jeuxxboxone,100
jeuxxboxseriex,58
jnet,33
jnr,109
jockstraphomme,47
jogging,81
joggingenfant,63
joggingfemme,108
joggingfemmenike,51
jogginghomme,439
jogginghommeadidas,77
jogginghommenike,66
joggingnike,73
joggingnikehomme,64
joggingunderarmour,61
johnnyhallyday,79
jointcocotteminuteseb,58
jointdeporte,80
jointportededouche,77
jordan,114
jordan1,58
jordan11,61
jordan4,271
jordanhomme,61
jordanretro4,73
jott,62
jottfemme,46
jotthomme,28
jouer,51
jouerbebe1ans,39
jouet,677
jouet18mois,37
jouet1erage,28
jouet2ans,53
jouet3ans,42
jouetadulte,84
jouetbain,31
jouetbebe,632
jouetbebe06mois,73
jouetbebe1218mois,38
jouetbebe12mois,40
jouetbebe18mois,24
jouetbebe1an,346
jouetbebe2ans,45
jouetbebe3mois,77
jouetbebe6mois,83
jouetbebefille,45
jouetbluey,34
jouetcars,36
jouetchat,530
jouetchien,190
jouetcoquin,23
jouetdebain,54
jouetdenoel,23
jouetdeveil,90
jouetdinosaure,44
jouetenbois,61
jouetenfant,33
jouetenfant1an,57
jouetenfant1ans,45
jouetenfant2ans,195
jouetenfant2ansfille,29
jouetenfant3ans,60
jouetenfant4ans,50
jouetenfant5ans,41
jouetenfant6ans,30
jouetenfant8ans,24
jouetenfantfille,36
jouetexterieur,72
jouetfille,307
jouetfille10ans,34
jouetfille1an,45
jouetfille2ans,68
jouetfille4ans,62
jouetfille5ans,65
jouetfille6ans,69
jouetfille7ans,41
jouetfille8ans,60
jouetfille9ans,25
jouetgarcon,309
jouetgarcon10ans,27
jouetgarcon2ans,57
jouetgarcon3ans,63
jouetgarcon4ans,51
jouetgarcon5ans,47
jouetgarcon6ans,44
jouetgarcon7ans,47
jouetgarcon8ans,37
jouetinteractif,32
jouetlapin,94
jouetminecraft,30
jouetminnie,34
jouetmontessori,24
jouetmoto,42
jouetmusical,16
jouetpapatrouille,63
jouetpeppapig,34
jouetpokemon,40
jouetpourbebe,42
jouetpourbebe9mois,48
jouetpourenfantde2ansfille,41
jouetpourfillede3ans,75
jouetpourlebain,56
jouetpoussette,30
jouetsenfants,500
jouetsenfants1224mois,33
jouetsexuel,41
jouetsexuellemasturbateurpourfemme,71
jouetsexuellemasturbateurpourhomme,68
jouetsexuelpourplaisirpourhomme,86
jouetsfille810ans,25
jouetsonic,35
jouetspiderman,60
jouetstitch,39
jouetvoiture,29
jouetvtech,46
journalintime,38
journalintimestitch,37
joycon,95
joyconswitch,504
joyconswitch2,63
joyor,92
joyors10sz,108
joyort10,95
joystickpc,49
joystickps5,51
jukebox,70
jul,79
jumelles,132
jumellesenfant,33
jumellespuissante,57
jumellesvtech,28
jumperoo,14
jumperoobebe,42
junona,72
jupe,52
jupefemme,42
jura,60
jurassicworld,33
justaucorps,58
justdance,48
justdance2025,47
justdance2026,62
justdanceswitch,53
k18,75
k7,29
kallax,69
kamagra,76
kamikazek1,64
kamikazek1max,29
kangourouportebebe,74
kapla,62
kaporal,44
karaca,126
karaoke,80
karaokeadulte,48
karaokeenfant,56
karcher,1244
karcherfc7,20
karcherinjecteurextracteur,51
karcherk2,29
karcherk3,94
karcherk4,89
karcherk5,99
karcherk7,131
karchersc3,118
karchersc4,10
karchersc4easyfix,36
karchersc5,71
karcherthermique,94
karchervapeur,90
karchervitre,118
karllagerfeld,61
karseell,61
karseellcollagenmasquecheveux,77
kart,50
kartapedales812ans,45
kartelectrique,21
karting,58
kartingelectrique,63
kaspersky,90
katana,81
kawaii,62
kayak,60
kayakgonflable,43
kenbarbie,27
kenwood,128
kerastase,143
keratine,69
keter,83
kettlebell,75
kickers,52
kickersfemme,54
kidicom,17
kididjmix,12
kidisecret,62
kidizoom,63
kiki,50
kikistitch,26
kiko,91
kimonojudo,56
kinder,118
kinderbueno,85
kinderkraft,95
kinderkraftpoussette,48
kindle,147
kindlepaperwhite,55
kineticsand,32
kingdomcomedeliverance,59
kingdomcomedeliverance2ps5,18
kirby,63
kirbyetlemondeoublie,22
kirbyswitch,38
kitanniversaire,47
kitbarbe,50
kitbougie,44
kitchenaid,560
kitchenaidartisan,65
kitchencook,64
kitchenette,74
kitcigaretteelectronique,62
kitcouture,15
kitcrochet,51
kitdessin,12
kitdesuperpositionlavelingesechelingeuniversel,69
kitdesurvie,85
kitdouchettewc,76
kitdressing,412
kitdressingavecrideau,71
kitevolutionpc,53
kitfabricationbougies,42
kitfenetrepourclimatiseurmobile,20
kithalteres,74
kitmanucure,64
kitmatcha,31
kitnettoyagevoiture,59
kitongle,114
kitonglesgel,68
kitpanneausolaire,61
kitpatisserie,91
kitpedicure,64
kitrenovateuroptiquesdephare,57
kitreparationpneu,66
kitsolaire,61
kitsuperpositionlavelingesechelinge,70
kitsushi,27
kittatouage,46
kitupgradepc,65
kitvernissemipermanent,71
klarstein,53
klorane,67
klorofil,24
kluster,43
knipex,74
koalaapaisant,20
kobolibracolour,60
kodak,63
kodakpixprofz55,98
kokeo,88
kong,60
konjac,71
koorui,58
kpop,309
kpopdemon,13
kpopdemonhunter,436
kpopdemonhunterbarbie,29
kpopdemonhunterdeguisement,22
kpopdemonhunterjouet,56
kpopdemonhunterpop,36
kpopdemonhunterpoupee,15
kpoppoupee,20
krampouz,78
krokmou,30
krups,135
krupsnescafedolcegusto,80
kstools,69
ktm,28
kugoos1pro,51
kukirin,471
kukirina1,71
kukirinc1pro,51
kukiring1pro,41
kukiring2,1056
kukiring22025,76
kukiring2master,418
kukiring2max,120
kukiring2pro,400
kukiring3,83
kukiring3pro,59
kukiring4,137
kukiring4max,74
kukirins1max,71
kukurin,64
kukuring2,125
kukuring2master,72
kukuring2max,29
kukuring2pro,71
kukuring4,65
kuromi,32
kway,370
kwayfemme,57
kwayhomme,47
labonnepaye,59
laboubou,50
labouboupeluche,16
labubu,476
labubucoca,36
labubucocacola,19
labubupopmart,647
labubustitch,388
labyrinthe,18
lacetfluffy,21
lacets,33
lacetselastiques,58
lacoste,492
lacostefemme,59
lacostehomme,103
lacrymogene,52
lafemmedemenage,124
lagostina,64
laguiole,77
laine,69
laineatricoter,82
lainedeverre,67
lainepourcrochet,59
laisseenrouleurpourchien,80
laissepourchat,79
laissepourchien,141
lait,31
laitbebe,59
lamborghini,48
lambrispvc,78
lamedebroussailleuse,59
lamederasoir,355
lamederasoirphilipsoneblade,57
lamedesciecirculaire,24
lamedetondeuse,84
lamellesoccultationpourgrillage,44
lameoneblade,94
lamerasoironeblade,33
lamerasoirphilipsoneblade,67
lamesciesabre,73
lamesderechangepourcoupebordures,8
laminoirapate,80
laminoirpatisserie,79
lampadaire,21
lampadairearc,27
lampadairebois,72
lampadairechambre,31
lampadairedore,70
lampadaireexterieur,93
lampadaireled,78
lampadaireledsurpied,68
lampadairerotin,41
lampadairesalon,123
lampadairesalonsurpied,1086
lampadairesolaire,90
lampadairesurpied,114
lampe,720
lampealave,120
lampeantimoustique,49
lampeapile,63
lampeaposer,128
lampeaquarium,79
lampeberger,53
lampechambre,75
lampechampignon,72
lampedebureau,570
lampedebureauenfant,56
lampedebureauled,74
lampedecamping,58
lampedechevet,1146
lampedechevetenfant,71
lampedechevetpourchambreadulte,79
lampedechevetsansfil,38
lampedechevettactileintensitevariable,70
lampedelecture,108
lampedemilune,23
lampedepoche,101
lampedesalon,509
lampedesalonaposer,89
lampedetable,66
lampedetecteurdemouvement,67
lampeenfant,72
lampeexterieur,52
lampeexterieuravecdetecteurdemouvement,72
lampeexterieursolaire,59
lampefrontale,154
lampefrontalerechargeable,73
lampegaming,44
lampehalogene,81
lampehalogenesurpied,55
lampehorticole,82
lampeled,133
lampeloupe,79
lampeluminotherapie,55
lampemeduse,48
lampeminecraft,52
lampemurale,81
lampeonepiece,15
lampeplafond,69
lampeplaystation,33
lamperechargeable,81
lampesalonsurpied,50
lampesansfil,69
lampesolaire,356
lampesolaireexterieur,503
lampesolaireexterieurdetecteurdemouvement,49
lampessolairesdexterieurpourjardin,79
lampestitch,116
lampesurpied,479
lampesurpiedpoursalon,35
lampetorche,167
lampetorchepuissante,68
lampetorchepuissanterechargeable,83
lampetorcherechargeable,80
lampeuv,147
lampeuvpourongle,90
lampevelo,75
lancaster,49
lancepierre,71
lancetoilespiderman,31
lanceurdeballepourchien,38
lancome,59
landeaubebe,82
landeaupoupee,80
landeaupoussette,28
langesbebe,87
lansinoh,81
lanterne,42
lanternesolaireexterieur,85
lapetiterobenoire,62
lapin,78
laptop,122
laptopgaming,70
larocheposay,97
laser,151
laserchat,77
laserdechantier,80
laserdj,65
lasergame,30
laserpointeurpuissant,54
lasureboisexterieur,72
latelierdesfluos,35
latelierdesstylos,33
lattafa,66
lattespoursommier,38
lattespoursommier140x190,67
lattespoursommier160x200,69
launch,35
laurastar,71
lavabo,146
lavaboaposer,30
lavabocuisine,74
lavabosalledebain,88
lavabosalledebainavecmeuble,107
lavande,92
lavantesechante,68
lave,30
lavebiberon,4
laveglace,56
lavelinge,12276
lavelinge1012kgcdiscount,76
lavelinge10kg,604
lavelinge10kg1400tours,61
lavelinge11kg,84
lavelinge12kg,617
lavelinge13kg,79
lavelinge14kg,78
lavelinge15kg,82
lavelinge17kg,63
lavelinge18kg,75
lavelinge20kg,88
lavelinge5kg,93
lavelinge6kg,80
lavelinge7kg,93
lavelinge9kg,101
lavelingebeko,103
lavelingebeko10kg,64
lavelingebosch,352
lavelingeboschserie6,76
lavelingebrandt,76
lavelingecandy,164
lavelingecandy10kg,67
lavelingeconnecte,66
lavelingecontinentaledison,74
lavelingeelectrolux,72
lavelingeencastrable,90
lavelingefrontal,29
lavelingegris,72
lavelingehaier,64
lavelingehisense,69
lavelingehoover,71
lavelingehotpoint,77
lavelingehublot,375
lavelingehublot10kg,57
lavelingehublot7kg,68
lavelingehublotcontinentaledison,49
lavelingeindesit,59
lavelingelg,118
lavelingemiele,63
lavelingenoir,77
lavelingeouverturedessus,103
lavelingepascher,19
lavelingesamsung,172
lavelingesamsungecobubble,25
lavelingesechant,1099
lavelingesechant10kg,90
lavelingesechantbosch,8
lavelingesechantcandy,74
lavelingesechantencastrable,68
lavelingesechantlg,44
lavelingesechantsamsung,56
lavelingesechelinge14kg,93
lavelingesechelingebosch,79
lavelingesechelingecombine,924
lavelingesechelingeencastrable,65
lavelingesiemens,70
lavelingetop,618
lavelingevedette,73
lavelingewhirlpool,88
lavemain,85
lavemaintoilette,45
lavesechelinge,72
laveurdesol,73
laveursolsansfil,83
lavevaiselle45centimetre,71
lavevaisselle,10508
lavevaisselle10couverts,89
lavevaisselle12couverts,120
lavevaisselle14couverts,87
lavevaisselle16couverts,88
lavevaisselle45,80
lavevaisselle45cm,583
lavevaisselle45cmencastrable,68
lavevaisselle45cmposelibre,71
lavevaisselle60cm,95
lavevaisselle6couverts,120
lavevaisselle8couverts,81
lavevaisselleavectiroirpourcouverts,52
lavevaissellebeko,185
lavevaisselleblanc,68
lavevaissellebob,22
lavevaissellebosch,514
lavevaisselleboschserie6,64
lavevaissellebrandt,99
lavevaissellecandy,71
lavevaisselleclassea,81
lavevaissellecomfee,71
lavevaissellecontinentaledison,89
lavevaisselleelectrolux,36
lavevaisselleencastrable,1973
lavevaisselleencastrable16couverts,22
lavevaisselleencastrable45cm,106
lavevaisselleencastrable60cm,741
lavevaisselleencastrable60cmavectiroiracouvert,38
lavevaisselleencastrableavecbandeau,78
lavevaisselleencastrablebeko,70
lavevaisselleencastrablebosch,96
lavevaisselleencastrablewhirlpool,72
lavevaissellegris,85
lavevaissellegris60cm,51
lavevaissellehotpoint,66
lavevaissellehotpointariston,27
lavevaisselleindesit,29
lavevaisselleintegrable14couverts,19
lavevaisselleintegrable60cm,69
lavevaissellelg,8
lavevaissellemiele,65
lavevaissellenoir,466
lavevaisselleoceanic,67
lavevaissellepascher,71
lavevaissellepetit,73
lavevaisselleposelibre,547
lavevaisselleposelibre60,135
lavevaisselleposelibre60cm,72
lavevaissellesamsung,72
lavevaissellesemiencastrable,42
lavevaissellesemiintegrable,57
lavevaissellesiemens,79
lavevaisselletoutintegrable45cm,85
lavevaissellevalberg,76
lavevaissellewhirlpool,131
lavevevaisselleencastrable,87
lavevevaisselleposelibre,62
lavevitre,145
lavevitreelectrique,38
lavevitrekarcher,87
lavevitretelescopique,35
lavieestbelle,56
lazer,75
lcarnitine,39
lcpower,87
leapmove,61
leboncoin,56
lecoledeslicornes,43
lecoqsportif,63
lecreuset,84
lecteurbluray,114
lecteurbluray4k,67
lecteurcartesd,67
lecteurcd,489
lecteurcdenfant,41
lecteurcdexterne,82
lecteurcdportable,75
lecteurcdps5,381
lecteurdecartesd,54
lecteurdisqueps5,97
lecteurdvd,665
lecteurdvdbluray,149
lecteurdvdexterne,69
lecteurdvdportable,151
lecteurdvdvoiture,64
lecteurmp3,131
lecteurmp3bluetooth,58
lecteurmp4,52
lecteurps5,379
lecteurvinyle,69
led,947
ledambilight,69
ledchambre,129
ledexterieur,57
ledgaming,65
ledinterieurvoiture,63
ledtv,88
ledvoiture,85
legami,385
legamihalloween,25
legaminoel,66
legginganticellulite,47
leggingfemme,111
legion,52
legiongo,54
lego,7121
lego10300,38
lego4ans,36
lego5ans,35
lego6ans,25
legoadulte,606
legoadultevoiture,21
legoangel,53
legoanimalcrossing,53
legoanimaux,35
legoarchitecture,65
legoart,35
legoavengers,38
legoavion,33
legobambou,29
legobateau,44
legobatman,60
legobatmobile,38
legobebe,46
legoblackpearl,38
legobluey,29
legobmw,33
legobonsai,62
legobotanical,44
legobotanicals,48
legobotanique,86
legobowser,33
legobugattichiron,34
legoc3po,34
legocamion,33
legocampingcar,23
legocars,26
legochat,53
legochateau,44
legocheval,18
legocity,86
legoclassic,55
legoconcorde,47
legoconstruction,22
legocreator,84
legocreator3en1,54
legodalmatien,39
legodestockage,463
legodinosaure,57
legodisney,375
legodragon,35
legodreamzzz,38
legoduplo,67
legoenfant,56
legof1,448
legofastandfurious,61
legoferrari,84
legoferrarif1,26
legofille,56
legofleur,631
legofleurs,92
legofortnite,330
legofriends,100
legogabby,33
legogameboy,66
legogarcon,26
legogremlins,26
legogroot,36
legoharrypotter,751
legoheihei,33
legohibiscus,32
legohomealone,39
legoicons,57
legoideas,40
legoironman,25
legojapon,33
legojurassic,39
legojurassicworld,62
legokrokmou,26
legolahaut,27
legolamborghini,53
legolove,38
legomaison,36
legomamanjairatelavion,56
legomariokart,54
legomarvel,341
legomclaren,90
legomedieval,34
legomercedes,40
legomercredi,55
legominecraft,586
legominifigures,43
legomoto,59
legonike,17
legoninjago,434
legoninjagodragonrising,25
legonintendo,18
legonoel,62
legonotredame,65
legonotredamedeparis,37
legoonepiece,95
legoorchidee,81
legopacman,32
legopanda,30
legopixar,35
legoplante,47
legopokemon,69
legopolice,36
legopompier,32
legoporsche,35
legopoudlard,33
legor2d2,40
legoredbull,29
legoretourverslefutur,48
legoroilion,36
legorose,56
legosapin,18
legoseigneurdesanneaux,59
legosimba,43
legosmario,77
legosonic,55
legospeed,56
legospeedchampions,382
legospeedchampionsf1,61
legospiderman,62
legostarwars,950
legostarwarsadulte,32
legostich,47
legostitch,421
legostrangerthings,28
legotableau,25
legotechnic,713
legotechnicadulte,29
legotechnicvoiture,57
legotitanic,66
legotoureiffel,49
legotournesol,34
legotracteur,32
legotransformers,36
legotrex,47
legovague,40
legovaiana,35
legovangogh,55
legovespa,39
legovoielactee,43
legovoiture,323
legowalle,47
legozelda,28
leifheit,77
lelynx,42
lemax,27
lemiel,9
lenor,79
lenovo,516
lenovoideapad,100
lenovoideapad3,56
lenovoideapadgaming3,50
lenovoideapadslim3,76
lenovoideapadslim5,44
lenovolegion,104
lenovolegion5,95
lenovolegiongo,41
lenovoloq,90
lenovoloq15iax9,52
lenovothinkpad,115
lenovoyoga,52
lentillesdecouleur,50
lepetitbac,37
leroilion,76
lesarbresachatmainecoon,17
lesaventuriersdurail,41
leschaises,69
lessecretsdeloly,107
lessisters,47
lessive,491
lessiveariel,67
lessivecapsule,83
lessivedash,72
lessiveliquide,104
lessivepoudre,34
lessiveskip,85
leurredepeche,78
levemoto,73
leveplaqueplaco,67
levetracteurtondeuse,31
levierdevitesselogitech,52
levis,53
levis501,89
levis501homme,51
levuredebiere,63
lexibook,64
lexibookstitch,25
lezardtelecommande,23
lg,77
lgoled,81
lgqled,63
lgultragear,63
lianli,59
licence,70
licenceadobe,76
licencemicrosoftoffice,200
licenceoffice,132
licenceoffice2021,50
licenceoffice2024,117
licenceoffice365,168
licencewindows,66
licencewindows10prooem,66
licencewindows11,128
licencewindows11pro,221
licenceword,34
licenseoffice,59
licorne,54
liebherr,49
liesofp,42
lightroom,99
lightstickblackpink,103
liloetstitch,30
limeaongle,80
limeaongleelectrique,70
lingedelit,385
lingedemaison,27
lingerie,58
lingerieerotique,48
lingeriefemme,88
lingeriesex,31
lingeriesexy,50
lingette,78
lingettebebe,128
liniment,73
lino,86
linosol,80
lionelo,84
liquidecigarette,38
liquidecigaretteelectronique,169
liquidecigaretteelectroniquesansnicotine,69
liquidederefroidissement,67
liquidepourcigaretteelectroniqueavecnicotine,73
liquidevaisselle,88
liseuse,796
liseusekindle,126
liseusekobo,116
liseusevivlio,52
lissage,70
lissageautanin,67
lissagebresilien,113
lissageindien,111
lisseur,631
lisseurbabyliss,91
lisseurboucleur,84
lisseurcheveux,986
lisseurcheveuxbabyliss,58
lisseurcheveuxprofessionnel,62
lisseurcheveuxremington,72
lisseurcheveuxvapeur,37
lisseurdyson,153
lisseurghd,1009
lisseurghdgold,54
lisseurghdplatinumplus,29
lisseurlizzeextreme,79
lisseurremington,175
lisseurremingtonkeratintherapy,64
lisseursaintalgue,95
lisseursteampod,75
lisseurvapeur,564
lit,5533
lit100x200,72
lit120,71
lit120x190,126
lit120x190avecsommiermatelas,71
lit120x190cm,628
lit120x190cmavecrangement,65
lit120x200,136
lit120x200avecrangement,66
lit140,138
lit140x190,8798
lit140x190avecchevet,56
lit140x190avecled,73
lit140x190avecmatelas,64
lit140x190avecrangement,390
lit140x190avecsommier,122
lit140x190avecsommieretmatelas,357
lit140x190avectiroirs,71
lit140x190beige,110
lit140x190bois,47
lit140x190etsommier,57
lit140x190etsommier140190,779
lit140x190etsommier140190avecmatelas,88
lit140x190etsommier140190avecrangement,79
lit140x190etsommier140190avecrangementetled,11
lit140x190etsommier140200,83
lit140x190etsommier140x190boismassif,38
lit140x190fille,72
lit140x190gris,68
lit140x190led,118
lit140x190noir,52
lit140x190rose,77
lit140x190velours,103
lit140x200,906
lit140x200avecrangement,81
lit140x200coffre140200,76
lit140x200etsommier,70
lit140x200etsommier140200,43
lit140x200led,28
lit160,129
lit160x190,99
lit160x200,6879
lit160x200avecchevetintegre,69
lit160x200avecmatelas,64
lit160x200avecrangement,123
lit160x200avecsommier,90
lit160x200avecsommieretmatelas,63
lit160x200avectiroiretsommier,78
lit160x200beige,97
lit160x200bois,81
lit160x200cmavecsommier,179
lit160x200cmcoffre,64
lit160x200enbois,55
lit160x200etsommier,54
lit160x200gris,62
lit160x200noir,71
lit180,74
lit180x200avecrangement,71
lit180x200avecsommier,67
lit180x200avecsommieretmatelas,102
lit180x200boismassif,61
lit180x200cm,2109
lit180x200cmavecrangement,71
lit180x200cmavecsommier,60
lit180x200cmavecsommieretmatelas,95
lit180x200cmcoffre,73
lit190x200,71
lit190x200cmadulte,86
lit1personne,744
lit1personneavecrangement,68
lit1personneavecsommier,66
lit1personneavecsommieretmatelas,155
lit1personneenfant,79
lit1place,620
lit1place90x190,151
lit1place90x190avecmatelas,55
lit1placeadulte,90
lit1placeetdemi,60
lit200sur200,446
lit200x200,495
lit200x200cm,104
lit200x200cmavecsommieretmatelas,69
lit2pers,40
lit2personneled,20
lit2personnes,825
lit2personnes140x190,62
lit2personnes160x200,41
lit2personnesavecsommierinclus,66
lit2place140x200,50
lit2place140x200pouradolescente,49
lit2placeled,73
lit2places,1177
lit2places140sur190,141
lit2placesavecmatelas,73
lit2placesavecrangement,65
lit2placesavecsommier,63
lit2placesavecsommieretmatelas,143
lit3places,153
lit3placessuperpose,53
lit70x140,114
lit80x160,80
lit80x200,64
lit90,99
lit90x190,885
lit90x190adulte,56
lit90x190avecsommier,62
lit90x190avectiroir,50
lit90x190avectiroiretsommierlit90190,9
lit90x190blanc,62
lit90x190cm,68
lit90x190etsommier90190,1059
lit90x190etsommier90190avecmatelaspascher,59
lit90x190etsommier90190avecrangement,78
lit90x190etsommier90200,64
lit90x200,664
litabarreaux,38
litabarreauxbebe,74
litado,95
litadolescent,85
litadolescentavecrangement,142
litadulte,903
litadulte140x190,68
litadulte2personneavecsommier,82
litadulte2personneavecsommieretmatelas,68
litadulte90x200,86
litadulteavecmatelas,66
litaled,28
litarmoire,68
litarmoireescamotable,32
litausol,162
litausol140x190,31
litausol90x190,93
litausolbebe,71
litavecbureau,87
litavecchevet,66
litaveccoffre200x200cm,105
litavecetagere,75
litavecmatelasetsommier140x190,70
litavecmatelasetsommier160x200,71
litavecrangement,134
litavecrangement160x200,67
litavecrangement160x200cm,92
litavecrangement90x190,81
litavecrangement90x200,70
litavecrangementsetsommier140x190cmblanc,26
litavecsommier,97
litavecsommier140x190,203
litavectabledechevetintegre,81
litavectetedelit,65
litbaldaquin,113
litbaldaquin140x190,69
litbaldaquin160x200,25
litbanquette,632
litbanquette2places,86
litbanquette2placesavecmatelas,38
litbanquette90x190,82
litbarreau,88
litbas,61
litbebe,2382
litbebe60x120,78
litbebe70x140,60
litbebeavecmatelas,101
litbebeavectablealanger,71
litbebeavectablealangerevolutif,57
litbebebois,83
litbebecododo,71
litbebeevolutif,16
litbebeevolutive,492
litbebeevolutive120x60,83
litbebefille,80
litbebejumeaux,60
litbebeparapluie,73
litbeberond,27
litbeige,144
litbeige160x200,61
litblanc,120
litblanc140x190,138
litblanc160x200,98
litbois,111
litbois140x190,74
litbouclette,66
litboxspring160x200,19
litbubble,107
litbureau,113
litcabane,1830
litcabane140x190,68
litcabane2places,68
litcabane70x140,91
litcabane80x160,92
litcabane90x190,840
litcabane90x200,109
litcabaneausol,63
litcabaneavecbarriere,92
litcabaneavecmatelas,136
litcabaneavectiroir,73
litcabaneavectoboggan,69
litcabanebebe,30
litcabaneblanc,68
litcabanedouble,122
litcabaneenfant,460
litcabaneenfant90x190,68
litcabanefille,74
litcabanematelasinclus16080,78
litcamping,14
litcanape,167
litcapitonne,116
litcapitonne140x190,98
litcapitonne160x200,113
litcapitonne180x200,63
litcars,33
litchien,72
litclicclac,75
litcododo,158
litcoffre,2144
litcoffre120x190,85
litcoffre120x190cm,35
litcoffre140,98
litcoffre140190coffre,211
litcoffre140190sommier,18
litcoffre140200coffre,45
litcoffre140coffre,21
litcoffre140x190,356
litcoffre140x190avecsommieretmatelas,77
litcoffre140x190beige,68
litcoffre140x190coffre,868
litcoffre140x190coffreled,53
litcoffre140x190velours,26
litcoffre140x200,462
litcoffre140x200coffre,97
litcoffre160,87
litcoffre160200coffre,315
litcoffre160200coffrebeige,24
litcoffre160x200,1246
litcoffre160x200avecsommieretmatelas,72
litcoffre160x200beige,77
litcoffre160x200bois,58
litcoffre160x200cm,65
litcoffre160x200coffre,793
litcoffre180,55
litcoffre180200coffre,58
litcoffre180x200,636
litcoffre180x200cm,68
litcoffre180x200coffre,112
litcoffre190140coffre,67
litcoffre1personne,75
litcoffre1place,105
litcoffre2places,76
litcoffre90,73
litcoffre90x190,496
litcoffre90x190coffre,97
litcoffre90x200,153
litcoffreadulte,68
litcoffreadulte160x200coffre,57
litcoffreavecmatelas,66
litcoffrebeige,98
litcoffreblanc,32
litcoffreblanc140x190,22
litcoffreenfant,83
litcoffreled,97
litcoffreled140x190,78
litcoffrevelours,30
litcofre140x190avecsommier,70
litcombine,100
litcombinebebe,77
litcombinebureau,62
litcombineenfant,74
litcomplet,115
litcomplet140x190,69
litcomplet160x200,68
litcompletavecsommieretmatelas140x200,99
litconvertible,88
litcoquillage,113
litdappoint,139
litdappoint2personnes,68
litdappointenfant,55
litde2personnes,68
litdecamp,93
litdecamppliable,54
litdejardin,116
litdeuxpersonnes,120
litdeuxplaces,682
litdouble,787
litdouble140190mavecsommieralattes,93
litdouble140x190,74
litdouble140x200,67
litdouble160200cmavecsommieralattes,130
litdouble180200cmavecsommieralattes,57
litdoubleavecmatelasinclus,90
litdoubleavecrangement,65
litdoublecoffre,83
litdoubleenfant,165
litdoubleled,70
litdoublemezzanine,63
litelectrique,106
litelectrique2personnes,19
litelectrique2x80x200avecsommieretmatelas,69
litelectrique2x90x200avecsommieretmatelas,61
litenboisbebe,34
litenboismassif160x200,59
litenfant,3469
litenfant140x190,105
litenfant140x200,96
litenfant2ans,79
litenfant3ans,80
litenfant70x140,82
litenfant80x160,87
litenfant90x190,798
litenfant90x190avecbarriere,72
litenfant90x190avecsommieretmatelas,70
litenfant90x200,467
litenfantausol,76
litenfantavecbureau,97
litenfantavecmatelas,124
litenfantavecrangement,103
litenfantavecsommieretmatelas,75
litenfantbois,36
litenfantcabane,93
litenfantcomplet,69
litenfantevolutif,27
litenfantfille,500
litenfantfille140x200,28
litenfantfille90x190,32
litenfantfilleaveccofre,26
litenfantfilleavecrangement,77
litenfantgarcon,179
litenfantled,86
litenfantmihauteur,24
litenfants2places,67
litenfantsol,65
litenfantvoiture,75
litenfer,71
litenhauteur,97
litenmetal,33
litenrotin,73
literie,92
literie140x190matelassommierpack,71
literie160x200matelasetsommier,117
literieelectrique,60
litescamotable,140
litescamotable140x190,82
litescamotable160x200,34
litetmatelas,137
litetmatelas140x190,73
litetmatelas160x200,63
litetsommier160x200,26
litevolutif,145
litevolutifenfant,68
litextensible,37
litexterieur,91
litferforge,72
litferforge140x190,64
litfille,685
litfille90x190,102
litfille90x200,14
litfilleavectiroir,21
litflottant,61
litgamer,80
litgarcon,159
litgarcon1personne,74
litgigogne,841
litgigogne90x190,113
litgigogne90x200,62
litgigogneavecmatelasinclus,75
litgigogneenfant,76
litgonflable,80
litgris,67
lithaut,70
litiere,133
litiereagglomerantepourchat,75
litiereautomatique,71
litiereautomatiquechat,60
litiereautonettoyante,683
litierecatsan,57
litierechat,844
litierechatautonettoyante,113
litierechatxxl,67
litierelapin,75
litjaponais,68
litjumeaux,72
litjumeaux90190,4
litkingsize,138
litkingsize240x240,81
litled,666
litled140x190,150
litled160x200,137
litled180x200,70
litled90x190,114
litmatelas,602
litmatelas140x190,73
litmatelas160x200,74
litmatelasse,58
litmedicalise,50
litmetal,63
litmetal140x190,133
litmetal140x200,69
litmetal160x200,88
litmetal90x190,69
litmezanine2place140x200pouradolescent,50
litmezzanine,945
litmezzanine140x190,32
litmezzanine140x200,659
litmezzanine1place,70
litmezzanine2places,407
litmezzanine90x190,76
litmezzanine90x200,562
litmezzanineadulte,33
litmezzanineavecbureau,118
litmezzanineavecescalier,59
litmezzanineavectoboggan,61
litmezzaninecabane,50
litmezzanineenfant,154
litmihauteurenfant,90
litmoderne,60
litmontessori,85
litnoir,70
litnuage,86
litparapluie,914
litparapluieavecmatelas,135
litparapluiebebe,85
litparapluiebebeavecmatelas,79
litpascher,57
litpatpatrouille,84
litpeigne,63
litpetitefille,88
litpliable,101
litpliant,147
litpliant1personne,645
litpliantbebe,92
litplusmatelas,74
litplusmatelas160200,63
litpont,96
litpont2places,64
litpoupee,47
litpoupon,39
litpourchat,84
litpourchien,105
litprincesse,121
litqueensize,60
litrembourre,106
litrembourre160x200,80
litrond,91
litrose,85
lits,74
litsimple,115
litsimple90x190cm,100
litsommier,102
litsommier140x190,105
litsommier160x200,92
litspiderman,98
litssuperposesenfants,98
litsuperpose,2114
litsuperpose140x190,75
litsuperpose140x200,105
litsuperpose1place,105
litsuperpose2places,685
litsuperpose3,26
litsuperpose3couchages,75
litsuperpose3places,610
litsuperpose4places,89
litsuperpose90x190,87
litsuperpose90x200,96
litsuperposeado,60
litsuperposeadulte,126
litsuperposeavecbureau,110
litsuperposeavecescalier,72
litsuperposeavecmatelas,75
litsuperposeavecrangement,98
litsuperposeavectiroir,25
litsuperposeavectoboggan,50
litsuperposeblanc,68
litsuperposecabane,116
litsuperposedouble,59
litsuperposeenbois,77
litsuperposeenfant,597
litsuperposeenfant90x190cm,339
litsuperposeenfants,67
litsuperposefille,69
litsuperposemetal,75
litsuperposer1placeavecmatelas,58
litsuperposer2placeavecescalier,48
litsuperposer4place,71
litsuperposeseparable,68
litsuperposetoboggan,79
litsuperposetriple,67
litsupperpose2enfants,111
litsureleve,72
littipi,73
littiroir,35
littiroir140x190sommier,66
littiroir160x200,89
littiroir90x190,75
littlelivepets,41
littlenightmare3,24
littlestpetshop,20
littletikes,22
littoboggan,132
littriple,78
litunepersonne90x190,60
lituneplaceetdemi,70
litvasagle,83
litvelour,72
litvelours,69
litvelours160x200,65
litvoiture,121
litvoiture90x190,55
litvoitureenfant,71
living,86
livraisongratuite,84
livrebebe,95
livredecoloriage,52
livredecuisine,72
livredisney,54
livreenfant,149
livreinteractif,30
livremusical,76
livrepokemon,43
livrerecetteairfryer,130
livresdepoche,134
livresonore,44
livrestitch,70
livretchoupi,71
logiciel,512
logicielatelecharger,42
logicielmac,36
logicielphotoshop,64
logicielsketchup,100
logitech,108
logitechg29,102
logitechg502,112
logitechg923,49
logitechgpro,55
logitechgprox,89
logitechgproxsuperlight,59
logitechgproxsuperlight2,69
logobmw,71
loisirscreatifs,65
lol,26
lolitalempicka,82
lolsurprise,25
longchampsac,59
longechien,83
longuevue,59
lor,55
lorbarista,74
lorcana,57
loreal,90
lorealprofessionnel,37
lot,82
lot8chaises,31
lotassiette,126
lotbiberon,68
lotbiberonsnaissance,70
lotcasserole,15
lotcasseroleetpoeleinduction,26
lotchaisedesalleamanger,89
lotde2chaises,147
lotde2chaisesscandinave,75
lotde2chevets,34
lotde2fauteuils,64
lotde2matelas90x190,64
lotde2matelas90x200,72
lotde2tablechevet,72
lotde2tablesbasses,28
lotde3valises,68
lotde4chaises,928
lotde4chaisesamanger,38
lotde4chaisesbeige,78
lotde4chaisesdesalleamanger,84
lotde4chaisesenvelours,69
lotde4chaisessalleamanger,128
lotde6chaises,1212
lotde6chaisesbeige,65
lotde6chaisesdejardin,64
lotde6chaisesenvelours,55
lotde6chaisessalleamanger,165
lotde8chaise,73
lotde8chaises,12
lotdecasserolestefal,82
lotdechaise,520
lotdechaises,102
lotdechaisesalleamanger,156
lotdecleusb,66
lotdegateau,31
lotdepoele,159
lotdepoeletefal,69
lotdeserviette,67
lotdetasse,71
lotdevaisselle,77
lotdevalise,96
lotgeldouche,37
lotmatelas90x190,70
lotmatelas90x200,57
loto,27
lotoreiller,72
lotpoeleetcasserole,129
lotpoeleinduction,27
lotserviettedebain,77
lottabledechevet,70
lotteeshirthomme,20
lottefal,77
louche,76
louisvuitton,77
louisvuittonsacamainfemme,56
loupe,89
loupgarou,41
loutre,31
loutrefisherprice,34
loutrequirespire,51
loveuse,101
lubrifiant,80
lubrifiantanal,53
lubrifiantintimeanal,72
lubrifiantintimeeau,101
lubrifiantintimesilicone,20
luge,62
luigimansion3,58
lulutox,49
lulutoxdetox,64
lumiere,106
lumieredj,71
lumiereexterieur,82
lumiereled,99
lumierepiscine,49
lumierepulsee,67
lumieresolaire,74
lumierevelo,75
luminaire,810
luminaireappliquemuraleinterieure,31
luminairechambre,85
luminairecuisine,101
luminaireexterieur,125
luminaireled,66
luminairemural,76
luminaireplafonnier,101
luminairesalledebain,89
luminairesalon,78
luminairesurpied,64
luminotherapie,82
lumix,20
lunchbox,118
lunchboxchauffante,106
lunettecamera,73
lunetteconnectee,45
lunettedepiscine,30
lunettedeprotection,60
lunettedesoleil,63
lunettedesoleilhomme,381
lunettedesoleilhommerayban,62
lunettedevuehomme,56
lunettehomme,64
lunetteloupe,50
lunettes,78
lunettesconduitedenuit,36
lunettesconnectees,82
lunettesdelecture,63
lunettesdesoleil,58
lunettesdesoleilfemme,103
lunettesdesoleilfemmeguess,59
lunettesdesoleilhommecarrera,69
lunettesoleilhomme,47
lunettesraybanhomme,56
lunettesraybanmeta,44
lunettewc,105
lunii,36
lustre,1919
lustreblanc,77
lustrebois,91
lustrechambre,509
lustrechambreadulte,38
lustrechambreenfant,73
lustrechambrefille,64
lustrecouloir,80
lustrecristal,87
lustrecuisine,131
lustredore,73
lustreenfant,78
lustreenplume,70
lustreindustriel,74
lustreled,85
lustremoderne,62
lustrenoir,81
lustreplafonnier,71
lustrerotin,83
lustresalleamanger,117
lustresalledebain,41
lustresalon,684
lustreusevoiture,22
lustreventilateur,24
lustreventilateurdeplafond,63
lutindenoel,23
lutinfarceur,54
lutinfarceurdenoel,40
luxeol,171
luxeolcheveux,63
lyre,69
lyreled,59
m,64
m2,22
mac,394
maca,77
macbook,3109
macbook2019,53
macbook2020,85
macbook2022,61
macbook2023,49
macbook2024,49
macbookair,901
macbookair13,60
macbookair13m2,61
macbookair13pouces,43
macbookair15,61
macbookair15pouces,56
macbookair2017,21
macbookair2020,62
macbookair2022,57
macbookairm1,84
macbookairm12020,18
macbookairm2,327
macbookairm3,91
macbookairm4,151
macbookairm42025,59
macbookairneuf,21
macbookairreconditionne,62
macbookairrosegold,64
macbookapple,74
macbookm1,84
macbookm2,81
macbookm3,67
macbookm4,69
macbookneuf,51
macbookpro,878
macbookpro16pouces,60
macbookpro2017,47
macbookpro2019,45
macbookpro2020,77
macbookprom1,73
macbookprom2,48
macbookprom3,58
macbookprom4,107
macbookproreconditionne,59
macbookprotouchbar,54
macbookreconditionne,124
machette,100
machine,73
machineaacafeavecbroyeur,16
machineaacafedelonghi,107
machineaacafedosette,73
machineaacafeengrain,1653
machineaacafeengraindelonghi,160
machineaacafeengrainkrups,70
machineaacafeengrainphilips,100
machineaacafeespresso,57
machineaacafenespresso,156
machineaacafesenseo,86
machineaalaver,161
machineaalaver10kgsamsung,57
machineaalaver11kg,73
machineaalaver12kg,520
machineaalaver15kg,73
machineaalaver18kg,72
machineaalaver5kg,163
machineaalaver6kg,291
machineaalaver7kg,100
machineaalaver8kg,655
machineaalaverbosch,73
machineaalavercandy,64
machineaalaverhublot,39
machineaalaversamsung,112
machineaalaversechant,623
machineaalaversechelinge,84
machineaalavertop,78
machineabarbeapapa,165
machineabiberon,34
machineabroder,81
machineabulles,56
machineacafe,3170
machineacafeagrain,589
machineacafeagrains,58
machineacafeavecbroyeur,191
machineacafebeko,79
machineacafebosch,76
machineacafecapsule,83
machineacafecombine,60
machineacafedelonghi,186
machineacafedosette,69
machineacafeencastrable,31
machineacafeengrain,74
machineacafeexpresso,72
machineacafelatte,49
machineacafelor,95
machineacafemoulu,60
machineacafemulticapsules,107
machineacafeninja,148
machineacafephilips,96
machineacafephilipslattego,63
machineacafeportable,463
machineacafesmeg,33
machineacafetassimo,74
machineachocolatchaud,100
machineachurros,86
machineacoudre,1340
machineacoudrebrother,129
machineacoudrebrotherfs40,39
machineacoudredebutant,67
machineacoudreelectronique,76
machineacoudreenfant,102
machineacoudreprofessionnelle,69
machineacoudresinger,166
machineacrepe,82
machineadenuder,82
machineaecrire,83
machineaetincellefroide,55
machineaflocagetextile,104
machineafumee,99
machineagauffre,87
machineaglace,303
machineaglaceitalienne,103
machineaglaceninja,513
machineaglacepilee,63
machineaglacons,793
machineaglaconsavecfontaineaeau,57
machineagrain,116
machineagranita,95
machineagranite,187
machineahotdog,75
machineajus,71
machineakebab,43
machinealaver,269
machinealaver10kg,517
machinealaver13kg,66
machinealaver14kg,61
machinealaver15kg,38
machinealaver20kg,67
machinealaver5kg,87
machinealaver6kg,70
machinealaver7kg,81
machinealaver8kg,145
machinealaver9kg,154
machinealaverbeko,87
machinealaverbosch,91
machinealaverbosch9kg,67
machinealavercontinentaledison,92
machinealaveretsechelinge,74
machinealavergris,67
machinealaverhaier,72
machinealaverhotpoint,35
machinealaverhublot,80
machinealaverindesit,64
machinealaverlelinge,72
machinealaverlg,99
machinealavernoir,97
machinealaverouverturehaut,70
machinealaverpascher,69
machinealaverportable,60
machinealaversamsung,109
machinealaversechante,155
machinealaversechelinge,81
machinealavervalberg,55
machineaongle,76
machineapain,632
machineapainmoulinex,80
machineapanini,127
machineapate,115
machineapatefraiche,110
machineapates,86
machineapateselectrique,71
machineapince,44
machineapizza,82
machineapneus,65
machineapopcorn,180
machinearaclette,152
machineasoda,24
machineasoupe,77
machineatacos,78
machineatatouer,78
machineathe,86
machineatricoter,49
machineatuberelectriquepourcigarette,33
machineavapeur,48
machinedeboxe,125
machinedeboxemusicale,138
machinedeboxemusicaleenfant,60
machinededecoupe,46
machinedesport,65
machinedolcegusto,97
machineexpresso,156
machineexpressobroyeur,74
machineexpressodelonghi,45
machineglaceitalienne,48
machineglacon,137
machinelavantesechante,100
machinelavelinge,56
machinelavevaisselle,87
machinemusculation,57
machinenespresso,523
machineninja,66
machinesechelinge,50
machinesenseo,86
machinesoudurelaser,28
machinesousvide,189
machinetassimo,32
machouyou,77
macmini,114
macminim4,83
macrame,74
mad60he,63
madernierecommande,58
mafia,48
mafiatheoldcountryps5,68
magcubic,69
magibook,42
magickeyboard,169
magickeyboardipadair,52
magicthegathering,66
magimix,81
magnesium,102
magnesiumbisglycinate,82
magnet,49
magnetictiles,24
magnetoscope,36
magnetoscopevhs,59
magnetoscopevhsneuf,86
magnumchampagne,65
magsafe,98
maillot,63
maillotalgerie,64
maillotdebain,58
maillotdebainfemme,87
maillotdebainfemme2pieces,29
maillotdebainfille,10
maillotdebainhomme,64
maillotdebainmenstruel,22
maillotdefoot,393
maillotdefootpsg,61
maillotfootball,59
maillotmarseille,87
maillotpsg,122
maillotpsgenfant,54
maillotrealmadrid,67
maison,134
maisonbarbie,67
maisonbluey,41
maisondejardin,89
maisondepeppapig,15
maisondepoupee,277
maisondepoupeeenbois,34
maisondetoilettepourchat,93
maisonenfant,104
maisonenfantexterieur,71
maisonexterieurenfant,79
maisongabbychat,286
maisonnettedejardinpourenfant,89
maisonplaymobil,64
maisonpourchat,98
maisonpourchatexterieur,74
maisonpourtortue,70
maisonsmoby,75
maisonsylvanian,17
majorette,29
makeup,80
makita,580
makita18v,75
malaxeur,47
maletteaoutilscomplete,58
malettedecouteauxdecuisineprofessionnel,81
malettedejeux,38
malettedessin,42
malettedocteurenfant,38
malettemaquillage,83
malettemaquillageenfant,64
maletteoutils,147
malettepoker,17
malle,68
mallederangement,94
mam,79
mammotion,94
mandala,25
mandoline,194
mandolinecuisine,85
manette,118
manettedeps5,52
manetteedge,50
manettenintendoswitch,90
manettepc,122
manettepcgamer,47
manettepcsansfil,36
manetteplay5,48
manetteplaystation4,52
manetteplaystation5,109
manetteprops5,72
manetteproswitch2,50
manetteps2,44
manetteps3,86
manetteps4,1365
manetteps4dualshock4,58
manetteps4original,78
manetteps4sansfil,50
manetteps5,4681
manetteps5astrobot,51
manetteps5avecpalette,59
manetteps5chroma,49
manetteps5dualsense,88
manetteps5edge,99
manetteps5fortnite,42
manetteps5pascher,44
manetteps5rose,59
manettesansfildualsenseips5,80
manettesansfilxboxone,44
manettescuf,46
manetteswitch,1304
manetteswitch1,69
manetteswitch2,155
manetteswitchbleuetrouge,23
manetteswitchjoycon,47
manetteswitchold,67
manetteswitchpro,64
manetteswitchsansfil,67
manettetelephone,19
manetteturtlebeach,24
manettewii,109
manettexbox,971
manettexbox360,47
manettexboxelite,52
manettexboxeliteserie2,48
manettexboxfilaire,41
manettexboxone,126
manettexboxpc,46
manettexboxsansfil,66
manettexboxseries,75
manettexboxseriex,110
manga,113
mangedebout,684
mangedeboutavectabouret,100
mangedeboutexterieur,71
mangedeboutpliant,61
mangeoirepouleantinuisible,37
mangeoirepouroiseaux,67
mangeoirepouroiseauxdejardin,61
manhood,36
manhoodplus,25
manhoodplusgummies,43
manique,75
manivellepourvoletroulant,91
mannequin,47
mannequincouturereglable,52
manometrepressionpneu,70
manteau,64
manteaudecheminee,71
manteauenfant,35
manteaufemme,535
manteaufemmegrandetaille,42
manteaufemmehiver,64
manteaufille,44
manteaugarcon,31
manteauhiverfemme,40
manteauhomme,465
manteauhommehiver,48
manteaulongfemme,37
manteaunike,49
manteaupourchien,75
manucure,80
maquette,57
maquetteavion,32
maquettebateauboisaconstruire,31
maquetteenbois,38
maquettevoiture,20
maquillage,684
maquillageenfant,102
maquillageessence,85
maquillagefemme,98
maquillagefille,32
maquilleuse,47
marblerush,29
marchande,42
marchandeenfant,51
marchebebe,69
marchepied,123
marchepiedenfant,60
marchepiedpliable,78
marchepiedpoussetteuniversel,24
mariage,68
mario,116
mariodeluxeswitch,45
mariogalaxy,71
mariogalaxy2switch,44
mariojamboree,58
mariokart,97
mariokart8,43
mariokart8deluxeswitch,91
mariokartswitch,78
mariokartworld,91
marioparty,60
mariopartyjamboree,76
mariopartyswitch,50
marioswitch,91
marmite,606
marmitechauffante,60
marmiteelectrique,42
marmiteenfonte,82
marmitegrandecapacite,71
marmiteinduction,123
marmiteinox,77
marmitetefal,71
maroc,63
marquepage,47
marquise,82
marquisedeporte,109
marseille,55
marshall,124
marshydro,95
marteau,77
marteauperforateur,69
marteaupiqueur,102
martinet,70
marvel,57
marvis,27
maryse,65
mascara,162
mascaraessence,45
mascaraloreal,65
mascaramaybelline,80
mascarawaterproof,46
mashaetmichka,27
masque,84
masquecheveux,62
masquecollagene,98
masquedenuit,49
masquedeplongee,72
masquedeski,53
masquehalloween,45
masquekerastase,53
masqueled,92
masquesquidgame,56
masquevisage,93
massage,169
massagedos,104
massagepied,79
masseur,86
masseuranticellulite,45
masseurcervical,147
masseurdepieds,79
massgainer,53
massicot,55
mastermind,37
masticcarrosserie,59
masturbateur,96
masturbateurhomme,112
masturbateurpourhommeaspirant,20
masturbateurpourpenismou,44
masturbateursuceurhomme,46
matcha,108
mate,70
matelas,2639
matelas100x200,61
matelas120190,56
matelas120x190,486
matelas120x200,147
matelas120x60,77
matelas130x190,68
matelas140,79
matelas140200,100
matelas140x190,9761
matelas140x19030cm,62
matelas140x19030cmepaisseur,158
matelas140x190couetteoreiller,47
matelas140x190de25cmepaisseur,25
matelas140x190epaisseur15cm,60
matelas140x190epaisseur20cm,66
matelas140x190livraisongratuite,69
matelas140x190mousseamemoiredeforme30cm,41
matelas140x190mousseamemoiredeformeetressorts30cm,65
matelas140x190ressortsensaches,71
matelas140x190sommier,74
matelas140x200,2247
matelas140x20025cm,72
matelas140x200emma,34
matelas140x200epaisseur30cm,77
matelas140x200ferme,63
matelas140x200livraisongratuite,106
matelas140x200ressortsensaches,59
matelas140x70,94
matelas160,80
matelas160x190,97
matelas160x200,6671
matelas160x20025cm,51
matelas160x20030cm,84
matelas160x200aveccouetteetoreiller,54
matelas160x200emma,62
matelas160x200epaisseur30cm,372
matelas160x200ferme,85
matelas160x200livraisongratuite,32
matelas160x80,67
matelas180,55
matelas180200,109
matelas180x200,1924
matelas180x200emma,68
matelas180x200epaisseur30cm,119
matelas180x200memoiredeforme,67
matelas180x200ressortsensaches,73
matelas190x200,75
matelas1personne,156
matelas1place,154
matelas1place90x190,83
matelas200200,53
matelas200x200,432
matelas200x200epaisseur30cm,68
matelas200x90,66
matelas2personne,93
matelas2personnes,373
matelas2places,102
matelas30cm,78
matelas70x140,447
matelas70x160,72
matelas70x190,121
matelas75x190,72
matelas80200poursommierelectrique,53
matelas80x160,447
matelas80x180,64
matelas80x190,79
matelas80x200,388
matelas90x140,68
matelas90x190,4816
matelas90x190emma,32
matelas90x190epaisseur20cm,69
matelas90x190epaisseur25cm,66
matelas90x190epaisseur30cm,76
matelas90x190ferme,65
matelas90x200,2259
matelas90x200adulte,61
matelas90x200epaisseur20cm,64
matelas90x200epaisseur30cm,66
matelasalanger,508
matelasalangerbebe,79
matelasamemoiredeforme,66
matelasaressort,73
matelasautogonflant,60
matelasbebe,581
matelasbebe60x120,488
matelasbebe70x140,86
matelasbultex,58
matelasbultex140x190,57
matelasbz,70
matelasbz140x190,65
matelascamping,71
matelaschien,78
matelasclicclac,104
matelasclicclac130x190,62
matelasclicclac140x190,51
matelascododo,105
matelasdappoint,71
matelasdeplage,33
matelasdesol,93
matelasdeuxplaces,70
matelasemma,484
matelasemma140x190,119
matelasemma160x200,96
matelasenfant,102
matelasenfant80x160,67
matelasenfant90x190,104
matelasenfant90x200,153
matelasepeda,62
matelasetsommier140x190,165
matelasferme,72
matelasferme140x190,139
matelasferme160x200,92
matelasfuton,64
matelasgonflable,708
matelasgonflable1personne,134
matelasgonflable2personnes,489
matelasgonflableelectrique2places,102
matelasgonflablepiscine,39
matelashybride140x190,72
matelashybride160x200,80
matelaskingsize,65
matelaslatex,68
matelaslatex160x200,67
matelaslitbebe,97
matelaslitbebe60x120,83
matelaslitparapluie,178
matelasmemoiredeforme,70
matelasmemoiredeforme140x190,147
matelasmemoiredeforme160x200,151
matelasmemoiredeforme90x190,73
matelasmousse,62
matelasmousse140x190,115
matelasmousse160x200,30
matelasmousse90x190,69
matelasorthopedique,67
matelasorthopedique140x190,56
matelasorthopedique160x200,54
matelaspiscine,54
matelaspliable,244
matelaspliable140x190,59
matelaspliable2personnes,59
matelaspourcanape,72
matelaspourcanapeconvertible,33
matelaspourlitelectrique80200,61
matelaspourlitgigogne,7
matelaspourparcbebe,62
matelasressort,10
matelasressort90x190,41
matelasressortsensaches140x190,83
matelasressortsensaches160x200,242
matelassimmons,62
matelassommier140x190,29
matelassommier160x200,47
matelassommier180x200,47
matelastablealanger,78
matelastresferme140x190,66
matelasunepersonne,69
matelasuneplace,108
matelasvoiture,16
matelat140x200cm,58
materieldecamping,51
materieldepeche,79
materieldesport,71
matlas160x200memoiredeformecomfortable,127
matraquetelescopique,54
matraquetelescopiquededefense,41
mattel,44
mattelasdouble140x190,75
mauboussin,81
maxicosi,108
maybelline,84
mayonnaise,37
mcafee,67
mcbookairm3,38
mcbookairm4,63
mebleutele,78
mecano,57
mechebougie,29
medela,51
medesabonner,76
medicube,45
medion,51
medionerazer,49
megablock,34
megaphone,66
meguiars,65
melangeurdecartes,86
melatonine,76
melitta,72
membre10,38
menage,72
menagere,178
menagere24pieces,81
menagereinox48pieces,75
menagerelaguiole,83
menastyl,48
menottes,77
mercedes,53
mercrediaddams,49
meridienne,169
merlin,68
mespremierscrayons,54
metabo,67
metaldetox,24
metalgearsolid,64
metalgearsoliddelta,39
metaquest,66
metaquest2,47
metaquest3,398
metaquest3s,94
metre,41
metrelaser,78
metreruban,81
metroid,46
metroidprime4,64
meuble,1608
meuble2portes,74
meuble9cases,26
meubleacase,78
meubleacases,24
meubleachaussures,6515
meubleachaussuresavectiroir,114
meubleachaussuresdecouloir,134
meubleachaussuresgrandecapacite,88
meubleaepices,77
meubleajouet,79
meublealanger,72
meubleamicroonde,75
meubleaquarium,103
meublearoulette,60
meublebalcon,36
meublebambou,77
meublebar,147
meublebas,472
meublebasblanc,60
meublebascuisine,1926
meublebascuisine100cm,57
meublebascuisine120cm,67
meublebascuisine60cm,73
meublebascuisine80cm,63
meublebascuisineblanc,74
meublebascuisinenoir,74
meublebasrangement,64
meublebassalleamanger,41
meublebassalledebain,103
meublebassalon,102
meublebastv,63
meublebebe,79
meublebibliotheque,104
meubleblanc,189
meubleblancetbois,64
meubleblanclaque,69
meublebois,107
meublebuanderie,126
meublebuffet,109
meublebuffetsalon,62
meublebureau,126
meublecachelitierechat,73
meublecafe,62
meublecagepourchien,78
meublecamping,76
meublecase,131
meublecases,77
meublecasier,135
meublechambre,901
meublechambreadulte,28
meublechambreenfant,115
meublechat,73
meublechaussurebanc,83
meublechaussureblanc,114
meublechaussurebois,100
meublechaussureenplastique,62
meublechaussureetportemanteau,93
meublechaussureexterieur,69
meublechaussuremiroir,68
meublechaussurenoir,106
meublecheminee,75
meublecolonne,108
meublecolonnecuisine,86
meublecolonnesalledebain,101
meublecolonnesalon,24
meublecommode,66
meublecouloir,100
meublecouloirentree,82
meublecube,148
meublecuisine,1322
meublecuisine60cm,35
meublecuisineatiroir,78
meublecuisineavecplandetravail,77
meublecuisinebas120cmavecplandetravail,61
meublecuisinecomplet,13
meublecuisinecomplete,56
meublecuisinegris,70
meublecuisineindustriel,68
meublecuisinemicroonde,71
meublecuisinenoir,38
meublecuisinepascher,9
meublecuisineplandetravail,71
meublecuisinerouge,68
meubledangle,164
meubledanglecuisine,133
meubledappoint,104
meubledecamping,77
meubledechevet,70
meubledecoin,73
meubledecuisine,2327
meubledecuisineblanc,31
meubledecuisinenoir,63
meubledecuisinepourfouretmicroonde,67
meubledecuisinepourmicroondes,92
meubledejardin,113
meubledelit,77
meubledentree,1722
meubledentreeavecbanc,87
meublederangement,2995
meublederangementavecbac,62
meublederangementblanc,81
meublederangementbureau,74
meublederangementchambre,192
meublederangementchambreenfant,72
meublederangementcuisine,126
meublederangementdanglesalon,70
meublederangementdecuisine,59
meublederangementexterieur,35
meublederangementjouetsenfants,53
meublederangementnoir,13
meublederangementsalledebainavecpiedetportes,144
meublederangementsalledebainsouslavabo,56
meublederangementtiroir,65
meublederangementwc,73
meubledesalle,83
meubledesalledebain,128
meubledeseparation,31
meubledessertecuisine,69
meubledessusdemachinealaver,101
meubledessustoilette,94
meubledetoilette,92
meubledetroit,70
meubledoublevasque,90
meubledoublevasque120cm,58
meubledouche,83
meubledressing,75
meubleencannage,85
meubleenfant,112
meubleenpinmassif,59
meubleescalier,83
meubleetagere,161
meubleetagerederangement,63
meubleevier,76
meubleeviercuisine,103
meubleeviersalledebain,69
meubleexterieur,95
meublefour,113
meublefourencastrable,151
meublefouretplaque,80
meublegaming,61
meublegris,65
meublegrisbeton,72
meublehaut,105
meublehautcuisine,1101
meublehautsalledebain,106
meublehautsalon,66
meublehifi,71
meubleidmarket,63
meubleimprimante,97
meubleindustriel,114
meublejardin,108
meublejouet,85
meublekallax,60
meublelavabosalledebain,73
meublelavelinge,122
meublelavemain,71
meublelavevaisselle,66
meubleled,70
meublelingesale,64
meublelitiere,104
meublelitierechat,76
meublemachinealaver,922
meublemachinealaveretsechelinge,69
meublemetal,59
meublemetallique,65
meublemicroonde,730
meublemiroirsalledebain,71
meublemural,98
meublemuralcuisine,69
meublemuralsalledebain,69
meublenoir,81
meublenoiretbois,94
meubleordinateur,71
meubleordinateurbureauetimprimante,59
meublepanieralinge,83
meublepapiertoilette,69
meublependerie,76
meublephoenix,96
meubleplandetravailcuisine,35
meubleplaquedecuisson,121
meubleplatinevinyl,62
meubleportecoulissante,35
meubleportemanteau,74
meublepoubelle,106
meublepourfourencastrable,78
meublepourfouretplaquedecuisson,74
meublepourfourmicroondes,73
meublepourmachinealaveretsechelinge,48
meublepourplaquedecuisson,106
meublerangebouteilles,55
meublerangementbureau,61
meublerangementcasier,80
meublerangementchambre,43
meublerangementchambreenfant,53
meublerangementchaussures,64
meublerangementcuisine,144
meublerangementenfant,508
meublerangementjouet,174
meublerangementjouetenfant,75
meublerangementpapier,64
meublerangementpourbalcon,28
meublerangementsalledebain,154
meublerangementsalon,125
meublerangementsousescalier,32
meublerangementvetement,70
meublerotin,89
meublesalleamanger,995
meublesalledebain,5025
meublesalledebainavecpanieralinge,29
meublesalledebainavecvasque100cm,79
meublesalledebainavecvasqueetmiroir80cm,92
meublesalledebainbambou,66
meublesalledebainblanc,64
meublesalledebainblanclaque,58
meublesalledebainbois,110
meublesalledebaincolonne,69
meublesalledebaincomplet,62
meublesalledebaindoublevasque,94
meublesalledebaingris,69
meublesalledebainnoir,88
meublesalledebainrangement,21
meublesalledebainsouslavabo,74
meublesalledebainsousvasque,99
meublesalledebainsurpieds,443
meublesalledebainsuspendu,86
meublesalon,1536
meublesalonblanc,30
meublesalonblanclaque,70
meublesaloncomplet,81
meublesbascuisineavecplandetravailintegre,94
meublescandinave,93
meublescuisinebuffet,50
meublesdb,91
meublesejour,40
meublesouscomble,51
meublesousevier,163
meublesousevier120,19
meublesouseviercuisine,95
meublesouseviersalledebain,78
meublesouslavabo,850
meublesouslavaboaveccolone,78
meublesouslavaboaveccolonne,82
meublesouslavabosalledebain,70
meublesouspente,100
meublessalledebainouwc,12
meublestyleindustriel,70
meublesuspendu,97
meublesuspenducuisine,15
meubletele,16
meubleteleblancetbois,61
meubletelesuspendu,143
meubletiroir,500
meubletoilettewc,82
meubletv,12279
meubletv120cm,95
meubletv130cm,67
meubletv140cm,113
meubletv150cm,93
meubletv160cm,125
meubletv170cm,68
meubletv180,74
meubletv180cm,141
meubletv200cm,134
meubletv240cm,65
meubletv300cm,62
meubletvangleblanc,21
meubletvavecchemineeelectrique,42
meubletvaveccolonne,74
meubletvavecled,75
meubletvavecrangement,100
meubletvavecsupport,56
meubletvbas,74
meubletvbeige,110
meubletvbibliotheque,26
meubletvblanc,1015
meubletvblancbrillant,69
meubletvblancetdore,82
meubletvblanclaque,114
meubletvblancled,69
meubletvbois,985
meubletvbois180cm,53
meubletvboisblanc,100
meubletvboisclair,66
meubletvboisetblanc,118
meubletvboisfonce,85
meubletvbuffet,82
meubletvcannage,70
meubletvchambre,119
meubletvcheminee,606
meubletvchene,71
meubletvcomplet,66
meubletvdangle,514
meubletvdesign,72
meubletvdore,66
meubletveffetmarbre,65
meubletvenbois120cm,41
meubletvenbois140cm,64
meubletvenbois160cm,134
meubletvenbois200cm,106
meubletvensemble,64
meubletvettablebasse,74
meubletvgris,114
meubletvgrisbeton,64
meubletvgrisetblanc,69
meubletvhaut,597
meubletvindustriel,119
meubletvlaque,26
meubletvled,559
meubletvlong,59
meubletvmarbre,82
meubletvmarron,38
meubletvmarronfonce,21
meubletvmetal,53
meubletvmoderne,81
meubletvmural,614
meubletvnoir,575
meubletvnoiretblanc,73
meubletvnoiretbois,165
meubletvnoyer,110
meubletvpascher,65
meubletvpetitespace,63
meubletvphoenix,64
meubletvrotin,57
meubletvsalon,72
meubletvscandinave,99
meubletvstyleindustriel,73
meubletvsurpied,74
meubletvsuspendu,817
meubletvsuspendu140cm,61
meubletvsuspendu160cm,54
meubletvsuspendu180cm,39
meubletvsuspendu200cm,67
meubletvsuspendublanc,72
meubletvsuspendubois,72
meubletvsuspenduled,44
meubletvsuspendunoir,68
meubletvtablebasse,72
meubletvtravertin,62
meubletvvasagle,72
meubletvvintage,71
meubletvvitrine,44
meublevaisselle,38
meublevasagle,420
meublevasque,183
meublevasque60cm,39
meublevasque80cm,31
meublevasquesalledebain,690
meublevetement,96
meublevintage,61
meublevinyle,145
meublevitrine,132
meublevitrinesalon,39
meublewc,1852
meublewcbois,66
meublewcgaindeplace,28
meuleuse,107
meuleusebosch,58
meuleusedangle,75
meuleusedangle125,76
meuleusemakita,76
meuleusesansfilavecbatterie,136
mezzanine,67
mibox,76
michaelkors,77
michaelkorsmontre,44
michou100,2
mickey,34
micro,509
microbluetooth,57
microchainehifi,56
microcravate,90
microcravatesansfil,55
microenfant,73
microfibre,72
microfifine,30
microgamer,146
microjbl,91
microkaraoke,62
microkaraokeenfant,34
microndeencastrable25l,84
microonde,7319
microonde23l,61
microonde23litres,66
microondeaposer,127
microondeaposer20l,53
microondeaposer30l,87
microondeblanc,112
microondebosch,77
microondebrandt,81
microondecandy,72
microondecombine,26
microondecontinentaledison,12
microondedigital,48
microondeencastrable,1462
microondeencastrableblanc,34
microondeencastrablebosch,28
microondeencastrablebrandt,71
microondeencastrableelectrolux,76
microondeencastrablesamsung,73
microondeencastrablewhirlpool,71
microondefour,69
microondegrill,85
microondegris,109
microondelg,62
microondenoir,244
microondenoirencastrable,133
microondepascher,60
microondepetitetaille,60
microonderose,74
microonderouge,93
microondes,79
microondes25litres,97
microondes30litres,115
microondesamsung,534
microondescombine,78
microondescombinefourgrill,62
microondescontinentaledison,77
microondesencastrablebosch,57
microondesencastrablenoir,72
microondesgrill,72
microondespascher,123
microondevintage,78
microondewhirlpool,88
micropc,102
microphone,99
microphonesansfil,63
microrode,59
microsansfil,108
microsansfilprofessionnel,27
microscope,60
microscopeenfant,54
microsd,124
microsd128gb,64
microsdexpress,49
microshure,55
microsoft,118
microsoft365,490
microsoftoffice2021,79
microsoftoffice2021professionnelplus,51
microsoftoffice2024,182
microsoftoffice365,68
microsoftoffice365famille,64
microsoftofficemac,58
microsoftsurface,52
microsoftsurfacepro,58
mielaphrodisiaque,92
mieldemanuka,62
miele,73
mijoteuseelectrique,79
milka,11
millebornes,55
milwaukee,125
minceur,54
minecraft,501
minecraftcubemagnetique,30
minecraftps4,51
minecraftps5,77
minecraftswitch,121
mini,46
miniaspirateursansfil,80
minibar,71
miniblender,60
minibrands,32
minicamera,91
minicameraespion,53
minicamerasurveillance,36
minicanape,65
minichainehifi,80
minichainehifiaveclecteurcd,57
miniclimatiseur,24
minicompresseur,66
minicongelateur,163
miniferarepasser,70
miniferarepassercouture,71
minifour,1015
minifourchaleurtournante,75
minifourelectrique,97
minifourelectrique50litresfourautonettoyant,62
minifourelectrique60litresfourchaleurtournante,69
minifourelectriquefourachaleurtournante,86
minifourmoulinex,72
minifrigo,632
minifrigochambre,19
minifrigodechambre,127
minifrigoredbull,70
minihachoir,83
minihachoirelectrique,60
miniimprimante,66
miniimprimantephoto,41
miniimprimanteportable,91
minilavelinge,70
minilavevaisselle,949
minilavevaissellebob,64
minilavevaissellesansraccordement,84
miniled,60
minimachinealaver,110
minimicroespion,28
minimixeur,66
minimoto,61
miniordinateurportable,121
minipc,792
minipcgamer,121
minipcgeekom,59
minipcpascher,76
minipcwindows11,80
minipret,36
miniprojecteur,103
miniprojecteurportable,63
minisciecirculaire,70
minisechelinge,62
miniserre,98
minismartphone,50
minisouffleur,34
minitapisdecourse,51
minitelephone,68
minitelephoneportable,96
minitrampoline,30
minitronconneuse,52
minitronconneuseabatterie,164
minitvportable,51
miniventilateur,65
miniventilateurportable,10
miniverse,57
minivideoprojecteur,68
minnie,50
minoxidil,100
miraculous,51
miroir,2219
miroir180cm,45
miroir360,66
miroiradhesif,76
miroirarche,85
miroirasymetrique,55
miroirautocollant,72
miroirbijoux,65
miroirblanc,65
miroirbluetooth,67
miroirbois,100
miroirchambre,117
miroircoiffeuse,554
miroirdecoiffeuse,79
miroirdemilune,66
miroirdeporte,90
miroirdore,114
miroirentree,84
miroiresalledebainaled,72
miroirgrand,65
miroirgrossissant,107
miroirhollywood,76
miroirindustriel,73
miroirled,543
miroirledrond,72
miroirledsalledebain,142
miroirlong,28
miroirlumineux,71
miroirlumineuxpourcoiffeuse,104
miroirlumineuxsalledebains,69
miroirmaquillage,93
miroirmaquillagelumineux,58
miroirmural,757
miroirmuralgrandetaille,70
miroirmuralrectangulaire,66
miroirnoir,79
miroirorganique,82
miroirpourcoiffeuse,66
miroirrectangulaire,68
miroirrond,118
miroirrotin,28
miroirsalledebain,1058
miroirsalledebainavecrangement,66
miroirsalledebainconnecteledantibueebluetooth,48
miroirsalon,113
miroirsurpied,625
miroirverriere,67
miroirvoiturebebe,74
missdior,61
misterbeast,26
mitigeur,77
mitigeurbaignoire,79
mitigeurcuisine,470
mitigeurdouche,109
mitigeureviergrohe,49
mitigeurlavabo,112
mitigeursalledebain,83
mitigeurthermostatiquedouche,39
mixa,73
mixeur,1159
mixeurblender,134
mixeurbosch,81
mixeurhachoir,67
mixeurmoulinex,73
mixeurmultifonction,108
mixeurplongeant,837
mixeurplongeantbosch,65
mixeurplongeantmoulinex,62
mixeursoupe,82
mizuno,60
mms,75
mobile,355
mobilebebe,122
mobilelitbebe,29
mobilemusicalbebe,11
mobilemusicallitbebe,77
mobilierdejardin,112
mocassinhomme,149
mocassinscuirsouplehomme,23
mocassinsfemme,79
modefemme,60
modelisme,33
modfuchaise,33
moduledemotricite,34
moduledressing,85
moinsde5euros,74
momcozy,120
monchhichi,36
monchichi,31
moncler,75
moneywalkie,59
moniteur,39
moniteurpc,97
moniteurportable,110
monitor,53
monobrosse,98
monoi,84
monopoly,98
monopolyharrypotter,30
monopolyjunior,41
monopolystitch,47
monsieurcuisine,170
monsieurcuisinesmart,72
monsieurpatate,59
monster,68
monsterenergy,72
monsterhigh,346
monsterhunterwilds,47
monstertruck,29
montessori,61
montre,575
montreapple,89
montreapplewatch,551
montreapplewatchserie5,64
montrearmani,49
montrearmanifemme,62
montrearmanihomme,85
montreautomatiquehomme,97
montreaveccartesim,60
montreboss,50
montrebosshomme,71
montrecasio,120
montrecasiofemme,69
montrecasiohomme,89
montrecluse,46
montreclusefemme,50
montreconnectee,967
montreconnecteeado,65
montreconnecteeandroid,74
montreconnecteeapple,100
montreconnecteeapplewatch,33
montreconnecteeenfant,558
montreconnecteefemme,1789
montreconnecteefemmeandroid,67
montreconnecteefemmeapple,51
montreconnecteefemmeetanche,59
montreconnecteefemmegarmin,63
montreconnecteefemmehuawei,58
montreconnecteefemmesamsung,98
montreconnecteefemmexiaomi,60
montreconnecteegarmin,76
montreconnecteegps,25
montreconnecteehomme,2033
montreconnecteehommeapple,61
montreconnecteehommegarmin,58
montreconnecteehommehuawei,57
montreconnecteehommesamsung,86
montreconnecteehommexiaomi,65
montreconnecteehonor,28
montreconnecteeiphone,71
montreconnecteesamsung,430
montreconnecteesamsungfemme,64
montreconnecteesamsunghomme,53
montreconnecteexiaomi,100
montreconnectefille,75
montreconnectexiaomi,61
montrediesel,121
montredieselhomme,129
montreemporioarmanihomme,56
montreenfant,456
montreenfantfille,52
montreenfantgarcon,71
montrefemme,1135
montrefemmebraceletcuir,57
montrefemmedemarque,44
montrefemmemichaelkors,114
montrefestina,55
montrefestinafemme,86
montrefestinahomme,106
montrefossil,53
montrefossilfemme,52
montrefossilhomme,48
montregarcon,52
montregarmin,362
montregarminfemme,62
montregarminfenix7,51
montregarminforerunner255,53
montregps,71
montregshock,137
montreguess,62
montreguessfemme,120
montreguesshomme,61
montrehomme,2105
montrehommeboss,70
montrehommebraceletcuir,41
montrehommecasio,70
montrehommedemarque,51
montrehommedigital,50
montrehommeetanche,54
montrehommefestina,84
montrehommeguess,53
montrehommehugoboss,56
montrehommelacoste,54
montrehommeluxe,49
montrehommemaserati,49
montrehommeseiko,56
montrehommetissot,56
montrehonor,48
montrehuawei,104
montrehugoboss,148
montrehugobosshomme,87
montreicewatchfemme,52
montrelacoste,77
montrelacostefemme,43
montrelacostehomme,50
montrelotushomme,48
montremaserati,76
montremaseratihomme,27
montremichaelkors,72
montremichaelkorsfemme,436
montremichaelkorsfemmeargent,43
montremichaelkorshomme,51
montreminecraft,28
montremk,49
montremkfemme,17
montrepokemon,43
montrerolex,47
montres,387
montresamsung,191
montresamsunggalaxywatch,60
montresconnecteeshommesetanches,61
montreseiko,56
montreseikohomme,55
montresfemmesdemarquesoldees,70
montrespiderman,49
montresport,68
montresporthomme,54
montrestitch,114
montreswatch,43
montretissot,57
montretommyhilfigerfemme,74
montretommyhilfigerhomme,138
montreversace,45
montrexiaomi,101
moquette,120
moquetteexterieur,47
moquettesalon,75
moringa,69
morosilpertedepoids,61
mortaurat,34
mortelleadele,104
mortier,58
mortieretpilon,85
mosaique,31
moteur,59
moteurportailbattant,75
moteurportailcoulissant,108
moteurvoletroulant,77
moto,442
moto125,92
moto50cc,101
motoadulte,58
motobebe,63
motobineuseelectrique,94
motobineusethermique,97
motocross,148
motocrosselectrique,48
motocrosselectriqueadulte,64
motocrosselectriqueenfant,21
motocrossenfant,57
motocrossenfant12ans,60
motoculteur,368
motoculteurelectrique,102
motoculteurthermique,105
motoculteurthermiqueavecchargeur,84
motodraisienne,51
motoelectrique,511
motoelectriqueadulte,92
motoelectriqueenfant,348
motoelectriqueenfant2ans,45
motoelectriqueenfant3ans,51
motoenfant,331
motoessenceenfant,71
motojouet,39
motopourenfant2ans,57
motorisationportail2battant,79
motorisationportail2battants,41
motorola,548
motorolaedge50fusion,61
motorolaedge50neo,65
motorolaedge50pro,23
motorolaedge60,46
motorolaedge60fusion,93
motorolaedge60pro,38
motorolag24,62
motorolag54,67
motorolag84,29
motorolag85,25
motorolarazr,86
motorolarazr40ultra,58
motorolarazr50,26
motorolarazr50ultra,74
motorolarazr60ultra,38
motospiderman,56
mototelecommande,16
motothermiqueenfant,55
motricite,36
mouchebebe,103
mouchebebeelectrique,88
mouldking,55
moule,69
mouleabuche,76
mouleacake,77
mouleagateau,520
mouleagateaucookeo,35
mouleaglace,14
mouleairfryer,490
mouleamadeleine,77
mouleapain,61
mouleapateencroute,71
mouleatarte,79
moulebuchedenoel,61
moulepourcakefactory,63
mouleresineepoxy,9
moulesilicone,163
mouletablettechocolat,72
mouletefal,27
moulin,59
moulinacafe,573
moulinacafeelectrique,83
moulinaepices,84
moulinagrain,97
moulinagrainelectrique,72
moulinalegumes,82
moulinapoivre,132
moulinapoivrepeugeot,36
moulinavent,57
moulinetdepeche,65
moulinex,570
moulinexdualeasyfry,71
moulinexfreshexpress,78
moulure,79
mousqueton,65
mousse,35
mousseacoustique,56
moussealadecoupe,57
moussederembourrage,52
mousseexpansive,77
mousseuralait,227
mousseurrobinet,69
moustiquaire,286
moustiquairebaievitree,41
moustiquaireenroulable,72
moustiquaireextensible,18
moustiquairefenetre,191
moustiquairelit,70
moustiquairelitbebe,82
moustiquairemagnetique,39
moustiquaireporte,87
moustiquaireportefenetre,29
moustiquairevelux,21
mova,60
mova1000,100
movae30ultra,67
movam10,51
moza,55
mp3,129
mp3bluetooth,63
mp4,89
mrbeast,36
mrbeastlab,32
msi,112
msib650gamingpluswifi,69
msiclaw,51
msikatana,59
msimaga650bn,66
msproject,49
mtx,74
muebletv,57
mug,194
mugisotherme,125
mugpersonnalise,73
mulesfemme,62
muleshomme,43
multicuiseur,169
multicuiseurmoulinex,32
multicuiseurninja,75
multimetre,109
multiprise,607
multipriseavecinterrupteurindividuel,74
multiprisehdmi,67
multipriseparafoudreetsurtension,32
multipriseusb,95
multivitamines,64
murvegetal,87
musc,74
muscintime,113
musctahara,60
musculation,418
muselierepourchien,72
musicboxing,61
musique,69
mustela,116
mylenefarmer,66
myvariationbrosseadents,112
n,45
nailart,50
naindejardin,64
naissance,64
nappe,124
nappeblanche,65
nappebulgomme,69
nappedenoel,73
nappedetable,32
nappeovale,64
nappepapier,29
napperectangulaire,149
napperonde,115
nappesdetablerectangulaire,56
nappetransparenteepaisse,108
nappetransparenteepaissesurmesure,120
naruto,69
nas,93
nassynology,54
naturalex,59
nb,31
nba,57
nba2k25,44
nba2k26,74
nebuliseurinhalateur,67
neff,41
nenuco,28
neon,110
neonled,101
nerf,100
nerffortnite,43
nespresso,898
nespressoinissia,74
nespressokrups,85
nespressolattissima,58
nespressomagimix,67
nespressovertuo,75
netatmo,78
netbook,41
netflix,43
netflixabonnement,23
netoyeuralavapeur,92
nettoyagecanape,56
nettoyagesol,52
nettoyantfap,58
nettoyantfrein,73
nettoyantinjecteurdiesel,65
nettoyantvitre,69
nettoyeurbissel,78
nettoyeurcanape,141
nettoyeurdetacheur,166
nettoyeurdoreilles,59
nettoyeurhautepression,656
nettoyeurhautepressionsansfil,82
nettoyeurhautepressionsansfilavecbatterie,118
nettoyeurhautepressionthermique,90
nettoyeurmatelas,62
nettoyeursol,26
nettoyeursolsansfil,76
nettoyeurtapis,89
nettoyeurultrason,89
nettoyeurvapeur,1383
nettoyeurvapeuramain,100
nettoyeurvapeurbissell,60
nettoyeurvapeurcanape,66
nettoyeurvapeurcanapetissu,50
nettoyeurvapeurkarcher,153
nettoyeurvapeurkarchersc2,64
nettoyeurvapeurpourcanape,73
nettoyeurvapeursol,77
nettoyeurvapeurvitre,35
nettoyeurvitre,148
nettoyeurvitrekarcher,62
newbalance,899
newbalance1906,68
newbalance1906r,71
newbalance2002r,92
newbalance327,65
newbalance327femme,61
newbalance530,101
newbalance530femme,27
newbalance574,57
newbalance574femme,52
newbalance740,90
newbalance9060,328
newbalancebasket327,73
newbalancebasket530,46
newbalancebasket530femme,40
newbalancebaskethomme,53
newbalanceenfant,101
newbalancefemme,402
newbalancefille,27
newbalancehomme,82
newbalancenoir,60
nextlevelracing,52
niche,79
nichechat,65
nichechienexterieur,81
nichepourchatexterieur,81
nichepourchien,100
nichepourchienexterieur,81
nichepourchienexterieurxxl,103
nichepourchieninterieur,70
nichoiroiseaux,69
nicolasfeuillatte,31
nicotine,37
niddange,115
nija,76
nike,1150
nikeair,85
nikeairforce1,539
nikeairjordan,40
nikeairmax,424
nikeairmaxbw,71
nikeairmaxplus,47
nikeairmaxplus3,60
nikeairmaxtn,54
nikebw,63
nikecortez,75
nikedn,69
nikedunklow,89
nikeenfant,65
nikefemme,85
nikehomme,84
nikeinitiator,34
nikep6000,145
nikerunning,78
nikeshox,353
nikeshoxnz,50
nikeshoxr4,60
nikeshoxtlhomme,83
niketech,122
niketn,730
niketnblanc,49
niketnenfant,61
niketnhomme,62
nikevomero,63
nikevomero5,57
nikon,121
nikoncoolpix,66
nikond7500,62
ninaricci,66
ninebot,83
ninebotsegway,49
ninja,2382
ninjaaf500eu,59
ninjaairfryerblanc,83
ninjaairfryerxl,54
ninjacombi,72
ninjacreami,624
ninjacreamideluxe,194
ninjacrispi,180
ninjadoublestackxlairfryer,28
ninjafood,86
ninjafoodi,78
ninjafoodidualzone,68
ninjafoodiflexdrawerairfryer,80
ninjafoodimax,88
ninjagranite,68
ninjamixeur,82
ninjaslushi,328
ninjaswirl,81
ninjawoodfire,87
nintendo,338
nintendo2ds,51
nintendo3ds,78
nintendo3dsxl,69
nintendo64,49
nintendods,94
nintendodslite,48
nintendones,50
nintendoswitch,944
nintendoswitch1,415
nintendoswitch2,900
nintendoswitch2jeux,44
nintendoswitch2mariokartworld,87
nintendoswitchjeux,43
nintendoswitchlite,355
nintendoswitcholed,345
nintendoswitchsport,52
nipogi,57
nitendoswitch2console,133
nitendoswitchconsole,312
nitendoswitchliteneuf,24
nivea,80
niveauabulle,73
niveaulaser,142
niveaulaser360,65
niveaulaserbosch,78
nocta,40
noctahotstep2,38
noel,269
nofrost,52
nokia,415
nokia3310,116
noname,55
nordvpn,69
norton,70
norton360deluxe,24
nosiboo,69
note13pro,51
note14,49
note14pro,60
note14pro5g,51
notebook,82
nothing,61
nothingear,101
nothingphone,141
nothingphone1,54
nothingphone2,50
nothingphone2a,46
nothingphone3,56
nothingphone3a,75
nothingphone3apro,57
notredamelego,42
nougat,65
nounours,22
nourix,3
nourriture,83
nourriturepoisson,53
nourriturepourchat,87
nouveaune,84
nubia,98
nubiaz60ultra,48
nubiaz70ultra,68
nuisette,50
nuisettefemme,74
numerodemaison,77
nurseriebebe,32
nurseriepoupon,27
nutella,93
nutribaby,83
nutribullet,82
nuxe,107
nvidia,53
nvidiashieldtvpro,53
nvme,102
nvme1to,84
nvme2to,79
nyx,69
nzxt,62
o,55
obd,61
obd2,74
objectifcanon,76
objectifnikon,64
objetdeco,64
obut,59
ocb,75
occasion,25
oceanic,67
oenobiol,26
oeufsuspendu,98
oeufvibrant,85
office,26
office2016,27
office2019,65
office2021professional,76
office2021proplus,58
office2024,1473
office2024mac,94
office2024pro,53
office2024proplus,134
office2025,118
office365,753
office365avie,107
office365licenceavie,172
office365pourmac,65
officemac,154
officepro,58
offresmartphone,82
oiseauvolantpourchat,60
olaplex,95
oled,104
olivier,97
olivierartificiel,107
olympiquedemarseille,71
olympiquelyonnais,58
om,91
ombrellepoussetteuniverselle,11
omega3,104
onduleur,103
onduleursolaire,41
oneblade,127
oneblade360,43
onebladephilips,110
onemillion,29
onepiece,339
onepiecelego,34
oneplus,513
oneplus10pro,46
oneplus11,62
oneplus12,127
oneplus12r,59
oneplus13,437
oneplus15,60
oneplusnord4,44
oneplusnord5,58
onepluspad3,19
onepluswatch3,53
onglerie,77
ongles,86
ootd,79
ootds10,70
ootdt10,400
opinel,139
oplite,64
oplitegtrs8,47
oppo,1013
oppo5g,25
oppoa53s,60
oppoa54,25
oppoa5pro,63
oppoa74,57
oppoa94,59
oppofind,31
oppofindx3neo,65
oppofindx3pro,61
oppofindx5,62
oppofindx5pro,74
oppofindx8,53
oppofindx8pro,69
oppofindx9,70
oppofindx9pro,38
opporeno,83
opporeno12,61
opporeno12fs5g,59
opporeno12pro,82
opporeno12pro5g,58
opporeno13,77
opporeno13pro,61
opporeno14,81
opporeno14pro,109
opporeno6,52
opporeno8,63
or,25
or18carats,134
oracle,69
oracledivinatoire,63
oralb,125
oralbio,71
orbarista,40
ordianteurportble,63
ordinary,80
ordinateur,1211
ordinateur2en1,63
ordinateuracer,61
ordinateurapple,551
ordinateurasus,75
ordinateurdebureau,1505
ordinateurdebureauhp,33
ordinateurdebureaureconditionne,50
ordinateurdebureautoutenun,60
ordinateurdell,60
ordinateureducatif,35
ordinateurenfant,82
ordinateurhp,129
ordinateurmacbook,60
ordinateurpascher,54
ordinateurportable,14630
ordinateurportable15pouces,69
ordinateurportable17pouceslenovo,60
ordinateurportable2en1,62
ordinateurportable8goram,52
ordinateurportableacer,123
ordinateurportableapple,463
ordinateurportableaveclecteurcddvdintegre,88
ordinateurportabledell,74
ordinateurportableenfant,37
ordinateurportablegamer,111
ordinateurportablegaming,172
ordinateurportablehp,619
ordinateurportablehp17pouces,54
ordinateurportablehpelitebook,102
ordinateurportablehpprobook,60
ordinateurportablei5,65
ordinateurportablei7,27
ordinateurportablelenovo,137
ordinateurportablemacbook,96
ordinateurportableneuf,62
ordinateurportableoccasion,60
ordinateurportablepascher,89
ordinateurportablereconditionne,505
ordinateurportablereconditionne17pouces,35
ordinateurportablerose,94
ordinateurportablesamsung,129
ordinateurportabletactile,115
ordinateurportablewindows11,175
ordinateurreconditionne,78
ordinateurrose,55
ordinateursamsung,61
ordinateurstitch,35
ordinateurtablette2en1,55
ordinateurtactile,65
ordinateurtoutenun,376
ordinateurvtech,33
oreiller,1749
oreiller50x70,107
oreiller50x75,56
oreiller60x60,134
oreiller63x63,70
oreiller65x65,74
oreillerantiacarien,57
oreillerantironflement,73
oreillerbebe,81
oreillercervicales,103
oreillerdodo,116
oreilleremma,99
oreillerenfant,69
oreillerergonomique,101
oreillerergonomiquecervical,127
oreillerergonomiquecervicalderila,93
oreillerferme,94
oreillermemoiredeforme,695
oreillerorthopedique,62
oreillerplume,117
oreillerrectangulaire,78
oreillettebluetooth,71
oreillettebluetoothsansfil,60
organisateurcuisine,69
organisateurdebureau,138
organisateurdemaquillage,60
organisateurdetiroir,83
organisateurdevalise,44
organisateurplacardcuisine,70
oscal,42
osmooz,50
osmopocket3,128
ouatederembourrage,50
oukitel,137
oukitelwp200pro,40
ourgeneration,28
oursenpeluche,29
outillage,607
outillageauto,41
outillageelectroportatif,77
outillagemecaniqueauto,79
outilmultifonction,110
outils,123
outilsdejardin,107
outilsdejardinage,40
outilsmecanique,26
outsunny,73
ouvrebocal,70
ouvreboite,83
ouvreboiteelectrique,80
overboard,107
overkart,70
oviala,29
owari,67
oxymetre,78
oxymetrededoigt,82
p,79
p30pro,20
packclaviersouris,35
packcouetteet2oreillers,65
packdewalt,61
packfouretmicroondeencastrable,72
packgaming,20
packlavelingeetsechelinge,74
packlit,89
packlumieredj,28
packmakita,72
packnintendoswitch,37
packoffice,2605
packoffice2021,382
packoffice365,123
packofficeavie,111
packofficemac,170
packofficepc2021,52
packofficepc2024,118
packofficepc2025,101
packoutillageelectroportatif,71
packpcgamer,64
packps5,392
packryobi,71
packsono,66
packsonodjcomplet,54
packswitch,38
packswitch2,22
padcreator,26
paddle,180
paddlegonflable,18
paddlegonflableadulte,56
padel,46
paillasson,54
paillassonexterieur,46
paille,67
pailleplastique,60
paillettes,19
paindeglace,77
paintball,51
palanelectrique,75
palette,35
palettedemaquillage,20
palettemaquillage,69
palissadeenbois,74
palladium,53
palladiumfemme,45
palmier,95
palmierartificiel,50
pampa,51
pampas,67
pampers,86
pamperstaille1,39
pamperstaille5,60
panasonic,26
panda,31
pandatea,70
panderievetement,88
pandora,100
paniccafard,25
panier,115
panierabois,47
panierabuches,73
panieralinge,1085
panieralinge2compartiments,35
panieralinge3compartiments,69
panieralingearoulette,79
panieralingeenosier,73
panieralingeplastique,77
panieralingepliable,36
panierapelletpourinsert,56
panierchat,154
panierchien,584
panierchiendehoussable,68
panierchienplastique,68
panierchienxxl,78
panierdebasket,388
panierdebasketenfant,71
panierdebasketexterieur,56
panierderangement,390
panierealingesale,134
panierfriteuse,70
paniergarni,55
panierlavevaisselleuniversel,82
panierosier,116
panierpourgrandchien,78
panierpourpetitchien,29
panierrangement,110
panierrangementosier,72
paniervelo,82
panini,126
panneauacoustique,81
panneaubois,85
panneauboisjardin,66
panneaubrisevue,24
panneaudecoratifbois,21
panneaudecoratifexterieur,73
panneaudecoratifmural,51
panneaugrillagerigide,77
panneauled,23
panneaumural,81
panneaumuraldecoratifinterieur,97
panneausolaire,532
panneausolairecampingcar,24
panneausolaireplugandplay,61
panneausolaireportable,61
panneauxboisdecorationmurale,62
panneauxdecloture,28
panneauxmuraux,76
panneauxtasseauxdebois,56
pansement,44
pantacourtfemme,54
pantacourthomme,75
pantalon,71
pantaloncargo,53
pantaloncargofemme,44
pantaloncargohomme,111
pantalondetravail,76
pantalondetravailfemme,65
pantalondetravailhomme,155
pantalonenlinhomme,13
pantalonfemme,120
pantalonhomme,508
pantalonjoggingfemme,48
pantalonjogginghomme,74
pantalonmoto,29
pantalonmotohomme,68
pantalonnike,64
pantalonsurvetementhomme,60
pantalontravail,32
pantouflefemme,64
pantouflehomme,95
pantouflesfemme,66
papeterie,58
papier,38
papiera4,43
papieradhesifpourmeuble,87
papieraponcer,60
papierbulle,76
papiercadeau,93
papiercadeaunoel,27
papiercuissonairfryer,194
papierdarmenie,60
papierimprimantea4,64
papierpeint,984
papierpeint3d,66
papierpeintadhesif,121
papierpeintadhesifmural,63
papierpeintautocollant,72
papierpeintblanc,83
papierpeintchambre,85
papierpeintcuisine,81
papierpeintenfant,79
papierpeintintisse,97
papierpeintpanoramique,121
papierpeintsalon,80
papierphoto,46
papiersulfurisepourairfryer,32
papierthermiquea4,84
papiertoilette,128
papiertoilettelotus,54
paques,26
parabolesatellite,58
paragoose,42
parapluie,95
parapluieenfant,57
parapluiefemme,54
parapluiehomme,41
parasol,483
parasolavecpied,16
parasolbalcon,70
parasoldeporte,251
parasolinclinable,30
parasolled,62
parasolpaille,64
parasolplage,143
parasolpourterrasse,98
parasolrectangulaire,83
paravent,446
paraventbois,43
paraventexterieur,95
paraventinterieur,125
paraventretractable,27
parc,77
parcachien,71
parcachiot,77
parcasterix,70
parcbebe,1081
parcbebebois,83
parcbebemodulable,73
parcbebepliant,100
parcbebexxl,64
parcchien,106
parcenfant,112
parcmodulable,96
parcoursdemotricitebebe,79
parcoursmotricite,71
parcpourchieninterieur,74
parebaignoire,149
paresoleil,61
paresoleilvoiture,82
parfum,680
parfumadopt,71
parfumalien,49
parfumangel,52
parfumarmani,59
parfumaupheromone,52
parfumazzaropourhomme,106
parfumbebe,81
parfumboisdargent,31
parfumcacharel,60
parfumchanel,75
parfumchaneln5,82
parfumchloe,54
parfumcollectionprive,84
parfumdambiance,72
parfumdelinge,72
parfumdiesel,56
parfumdinterieur,75
parfumdior,69
parfumdubai,70
parfumenfant,70
parfumfemme,1103
parfumfemmeairdutemps,63
parfumfemmeangel,58
parfumfemmearomaticselixirclinique,53
parfumfemmedemarque,390
parfumfemmedior,65
parfumfemmejeanpaulgaultier,73
parfumfemmelavieestbelle,57
parfumfemmemauboussin,28
parfumfemmepascher,61
parfumguerlain,67
parfumguess,69
parfumhomme,1060
parfumhommedemarque,103
parfumhommediesel,61
parfumhommedior,91
parfumhommehugoboss,85
parfumhommejeanpaulgautier,110
parfumhommemauboussin,66
parfumhommemontblanc,71
parfumhommepacorabanne,66
parfumhommesauvage,99
parfumhugoboss,58
parfumjeanpaulgautierhomme,34
parfumkenzo,56
parfumlacoste,71
parfumlapetiterobenoire,72
parfumlattafa,61
parfumlavieestbelle,71
parfumlolitalempicka,68
parfummugler,45
parfummuscblanc,68
parfumonemillion,49
parfumpatchouli,65
parfumpheromonepourfemme,22
parfumpheromoneshomme,47
parfumprada,70
parfumsauvage,82
parfumscandal,58
parfumshomme,60
parfumvaillant,66
parfumvanille,75
parfumvoiture,73
parfumyara,92
parfumyvessaintlaurent,69
parfumzadigetvoltaire,57
parissaintgermain,58
parka,16
parkafemme,63
parkahomme,87
parkside,101
paroibaignoire,84
paroidedouche,144
paroidedouche120cm,73
parquet,78
parquetflottant,88
parquetpvclamesclipsable,75
parquetstratifie,39
parruredecouette240x260coton,66
parruredelit220x240,97
parruredelit220x240encoton,48
parruredelit240x260,37
parurebijouxfemme,49
parurecouette220x240,76
paruredecouette,92
paruredecouette220x240coton,682
parurededehoussedecouette220x240encoton,95
parurededelit140200encoton,75
parurededelit200x200encoton,25
parurededelit220x240,73
parurededelit220x240encoton,586
parurededelit240x260encoton,122
parurededrap,60
parurededrappourlit140x190,81
parurededrapspourlit140x190,65
paruredelit,602
paruredelit140x190,116
paruredelit140x200,93
paruredelit160x200,136
paruredelit180x200,64
paruredelit1personne,37
paruredelit200x200,68
paruredelit220x240,54
paruredelit2personnes,66
paruredelit90x190,103
paruredelitbebe,85
paruredelitcoton,56
paruredelitenfant,112
paruredelitenfant90x190,76
paruredelitminecraft,70
paruredelitpsg,54
paruredelitspiderman,63
paruredelitstitch,117
paruredelitstitch1personne,39
parurehoussedecouette,69
parurehoussedecouette220x240encoton,77
parurelit220x240coton,44
pascher,73
pasjaponais,46
passerellemultimedia,59
passoire,131
passoireinox,29
pastillelavevaisselle,53
pastis,61
patchminceur,68
patchouli,52
patchoulireminiscence,67
patchthermocollant,59
pateabois,79
pateamodeler,304
pateamodelerplaydoh,48
pateatartiner,78
patechat,85
patedepistache,66
pateechat,69
patefimo,57
patere,62
pateremurale,72
pates,31
patesalimentaires,73
patethermique,142
patin,58
patinaglace,69
patinarouletteenfant,71
patinaroulettefille,45
patinetteelectrique,60
patinsaroulettes,96
patisserie,131
patpatrouille,521
pawpatrol,36
payeren4foissansfrais,60
paysafecard,54
pc,1313
pcacer,63
pcasus,75
pcbureauwindows11,477
pccomplet,61
pcdebureau,72
pcdell,63
pcfixe,138
pcgamer,5501
pcgamerblanc,64
pcgamercomplet,515
pcgamercompletvibox,56
pcgamerfixe,114
pcgamerlenovo,58
pcgamermsi,62
pcgamerpascher,63
pcgamerportable,48
pcgamerrtx,64
pcgamerrtx4060,76
pcgamerrtx4070,47
pcgamerryzen7,59
pcgamertour,61
pcgamingportable,83
pcgamingreconditionne,89
pchp,110
pchybride,48
pclenovo,123
pcmsi,58
pcpascher,20
pcportable,2882
pcportable13pouces,55
pcportable14pouces,97
pcportable15pouces,112
pcportable16goram,94
pcportable16pouces,64
pcportable17pouces,1075
pcportable17pouceswindows11,71
pcportable32goram,59
pcportable4070,11
pcportableacer,88
pcportableasus,515
pcportableasusvivobook,45
pcportableazerty,70
pcportablebureautique,38
pcportablechromebook,52
pcportabledell,76
pcportablegamer,2327
pcportablegamerasus,56
pcportablegameravecwindows10,59
pcportablegamererazer,63
pcportablegamerlenovo,62
pcportablegamermsi,76
pcportablegamerpuissant,66
pcportablegamerpuissantpascher,31
pcportablegamerrtx4060,57
pcportablehp,143
pcportablehp15pouces,29
pcportablehp17pouces,66
pcportablehuawei,53
pcportablei7,55
pcportablelenovo,128
pcportablemacbook,55
pcportablemicrosoft,48
pcportablemsi,62
pcportableoled,62
pcportablepascher,54
pcportablertx,61
pcportablertx4060,68
pcportablethomson,53
pcreconditionnewindows11,81
pcsamsung,64
pctablette2en1,58
pctactile,54
pdf,68
peche,121
pecheaucanard,59
pechecarpe,88
pecheenmer,65
pedalier,58
pedalierdappartement,81
pedicure,76
pediluve,52
peigne,78
peigneacheveux,63
peignechauffant,76
peignoir,121
peignoirdebainfemme,94
peignoirdebainhomme,65
peignoirenfant,47
peignoirfemme,127
peignoirhomme,135
peinture,537
peintureacrylique,81
peintureantihumidite,75
peinturebeige,67
peintureblanche,97
peintureblanchemuretplafond,83
peintureblancsatin,58
peinturebois,33
peintureboisexterieur,25
peinturecarrelage,83
peinturecuisine,55
peinturediamant,76
peintureenfant,70
peinturegrise,86
peinturemurale,79
peintureparnumero,37
peintureparnumeroadulte,54
peinturesalledebain,81
pelemele,33
pelle,102
pelleapizza,89
pelleteusetelecommande,48
pellets,68
pelotedelaine,71
pelouseartificielle,50
pelousesynthetique,280
peluche,309
pelucheangel,29
peluchebebe,35
peluchebluey,31
peluchechat,34
peluchechien,33
peluchegeante,30
peluchehellokitty,25
pelucheinteractive,36
peluchelapin,27
peluchelestee,19
pelucheloutre,31
peluchemario,26
pelucheminecraft,27
peluchepatpatrouille,31
peluchepikachu,26
peluchepokemon,50
peluchequirespire,28
peluchesonic,32
peluchestichinteractive,21
peluchestitch,309
peluchestitchquirespire,29
pelucheveilleuse,26
pencilipad,64
penderie,43
penderiearmoirechaussuresentree,76
penderiebois,64
penderiechambre,77
penderieenfant,90
penderieentree,20
penderietissu,97
pendule,79
penduledivinatoire,43
penis,60
peppapig,75
percarbonatedesoude,70
perceuse,151
perceuseacolonne,101
perceuseapercussion,111
perceusebosch,75
perceusemakita,75
perceusesansfil,78
perceusevisseuse,88
perceusevisseuseapercussionsansfil,58
perceusevisseusesansfil,622
perceusevisseusesansfil18v2batterie,32
perceusevisseusesansfilmakita,26
percheaselfie,71
percinglangue,44
percolateuracafe,131
perenoel,35
perenoelgonflable,29
perfectdraft,61
perforateur,117
perforateurbosch,79
perforateurburineur,73
perforateurmakita,38
perforateursansfil,87
pergola,873
pergola3x3,58
pergola3x4,79
pergolaadossee,104
pergolabioclimatique,287
pergolabioclimatique4x3,66
pergolabois,101
pergolaenaluminium4x3,34
perle,11
perlearepasser,41
perles,66
peroxydedhydrogene,54
perplexus,58
perruque,99
perruquecheveuxhumain,38
perruquecheveuxnaturels,66
perruquefemme,86
perruquenaturellebresilienne100cheveuxhumainfulllace,61
perruquenaturellecheveuxhumain,56
perseuseviseusedeviseusesansfil,82
pertedepoids,68
pesebagage,77
pesebebe,84
pesepersonne,583
pesepersonneelectronique,70
pesepersonnemecanique,67
pesevalise,65
pessacleognan,64
petanque,60
petard,77
petitabridejardin,84
petitarbreachat,88
petitaspirateurmain,79
petitbuffet,102
petitbureau,156
petitbureaudangle,31
petitcanape,112
petitcanape2place,30
petitcanapeconvertible,65
petitcongelateur,479
petitcongelateurarmoire,60
petitcongelateuratiroir,103
petitcongelateurcoffre,78
petitdressing,90
petitearmoire,110
petitearmoirederangement,60
petitebibliotheque,84
petitecoiffeuse,130
petitecommode,104
petiteconsole,62
petitecuisine,71
petitecuisinecomplete,68
petiteetagere,85
petitelectromenager,96
petitemachinealaver,82
petitependerie,62
petitepiscine,71
petitescuilleres,62
petiteserredejardin,84
petitetable,111
petitetableamanger,77
petitetablebasse,392
petitetabledappoint,97
petitetabledechevet,57
petitetabledecuisine,96
petitetabledecuisineetchaises,82
petitetabledejardin,82
petitetablepliante,44
petitetableronde,59
petitetelevision,140
petitevalise,39
petitevoiture,38
petitfauteuil,77
petitfour,80
petitfourelectrique,78
petitfrigo,542
petitfrigocongelateur,72
petitmeuble,131
petitmeublecuisine,20
petitmeubledecuisine,115
petitmeubledentree,65
petitmeublederangement,617
petitmeublederangementcuisine,66
petitmeublepourwc,72
petitmeublerangement,69
petitmeublesalledebain,100
petitmeubletv,77
petitmiroir,31
petitoursbrun,27
petitprix,40
petitrefrigerateuraveccongelateur,69
petitsalondejardin,80
petittabouret,70
petittapis,35
petitventilateur,61
petkit,74
petrin,167
petsalive,21
petshop,57
pharelego,36
pharmacie,77
philips,291
philipsambilight,80
philipsbaristina,32
philipshue,125
philipslumea,64
philipsoneblade,79
philipsserie5400machineexpresso,67
philipssonicare,70
phoenix,65
photo,72
photobooth,70
photocopieuse,28
photocreator,34
photophore,56
photoshop,169
photoshoppourmac,55
piano,593
piano88touches,56
pianobebe,42
pianodecuisine,30
pianodecuisson,534
pianodecuissongaz,29
pianoenfant,116
pianonumerique,115
pianoyamaha,72
picpirate,36
piedacoulisse,56
pieddechaise,24
pieddelit,34
pieddelit30cm,57
pieddemicro,67
pieddeparasol,247
pieddesapin,44
pieddesommier,74
pieddetable,157
pieddetablebasse,60
piedecranpc,52
piedenceinte,59
piedplandetravail,70
piedsdelit,84
piedsdelitpoursommieralattes,50
piedsdemeubles,82
piedspoursommieralattes,66
piedtv,82
piegeacafard,80
piegeamoustique,71
piegearat,102
piegeasouris,91
piegeataupe,83
piercing,58
piercingnez,52
pierrade,79
pierreaaiguiser,88
pierreapizza,52
pikachu,48
pilates,78
pile,493
pile9v,59
pileboutonlr41,46
pilecr1620,55
pilecr2025,10
pilecr2032,312
pilecr2430,63
pilecr2450,60
pilelr1130,72
pilelr20,61
pilelr44,82
pilemontre,51
pilesaaa,504
pilesauditives312,92
pileslr03,46
pileslr14,52
pileslr6,67
pilespourappareilauditif312,47
pilesrechargeables,116
pilesrechargeablesaa,29
pilesrechargeablesaaa,81
pilipili,20
pilulier,98
piluliersemainier,128
pilvi,71
pinata,83
pince,71
pinceacheveux,98
pinceadenuder,33
pinceaepiler,74
pincearivet,76
pinceasertir,78
pinceasertirmulticouche,74
pinceaux,55
pinceauxmaquillage,116
pinceauxpeinture,95
pincecoupante,41
pincecuisine,86
pincemultiprise,78
pincesaseins,82
pingpong,60
pins,57
pinscrocs,52
pinypon,36
pioneer,21
pioneerddj,18
pipesatabac,67
pipettechat,70
piquetdecloture,83
piscine,650
piscine1m22dehauteur,29
piscine366x122,31
piscineaballe,92
piscineaballesbebe,46
piscineaballespourenfants,68
piscineacier,122
piscineautoportee,105
piscineavecpompe,12
piscinebebe,98
piscinebestway,66
piscinebois,99
piscineenfant,247
piscinegonflable,255
piscinegonflableadulte,49
piscinegonflableenfant,64
piscinehorssol,928
piscinehorssolacier,92
piscinehorssolbois,89
piscinehorssolintex,59
piscinehorssolrectangulaire,78
piscinehorssolronde,104
piscinehorssoltubulaire,15
piscineintex,83
piscineintexrectangulaire,29
piscineovale,14
piscinepourchien,99
piscinerectangulaire,290
piscineronde,20
piscinessemienterrees,60
piscinetubulaire,284
piscinetubulaireintex,45
piscinetubulairerectangulaire,45
piscinetubulairerectangulaireavecpompe,14
piscinetubulaireronde,48
pistaches,70
pistededes,42
pistolet,72
pistoletabille,81
pistoletabilleairsoft,45
pistoletaclous,83
pistoletacolle,103
pistoletaeau,63
pistoletaeauelectrique,39
pistoletairsoft,59
pistoletapeinture,380
pistoletaplomb,50
pistoletaprout,94
pistoletdemassage,129
pistoletenfant,39
pistolethautepression,29
pistolethautepressionavec2batterie,99
pistoletnerf,41
pistoletorbeez,41
pixel,116
pixel10,92
pixel10pro,67
pixel10proxl,30
pixel8,480
pixel8a,82
pixel8pro256,63
pixel9,156
pizza,85
pla,70
placard,631
placardabalai,68
placardachaussures,66
placardchambre,165
placarddecuisine,117
placardrangement,88
placardsalledebain,74
placedisneyland,75
placo,65
plafonnier,838
plafonnierbois,77
plafonnierchambre,100
plafonniercouloir,67
plafonniercuisine,93
plafonnierindustriel,68
plafonnierled,445
plafonnierrotin,66
plafonniersalledebain,94
plafonniersalon,113
plafonnierspot,24
plafonnierventilateur,74
plafonnierventilateurled,62
plaid,704
plaid220x240,61
plaidacapuche,53
plaidbeige,77
plaidblanc,56
plaidchauffant,88
plaiddenoel,25
plaidfourrure,48
plaidnoir,61
plaidpolaire,96
plaidpourcanape,541
plaidstitch,120
planalanger,82
planalangerpourcommode,70
planalangeruniversel,65
plancha,539
planchaelectrique,799
planchaelectriqueexterieur,51
planchaelectriquetefal,77
planchaelectriquexxl,62
planchagaz,354
planchagazexterieur,108
planchagazinox,104
planchagazplaquefonteemaillee,36
planchatefal,68
planchaxxl,70
plancheadecouper,236
plancheadecouperenbois,79
plancheadecouperenverre,77
plancheapompe,37
planchearepasser,125
planchebois,88
plancheboisbrut,3
plancheenbois,35
planchepoussetteuniverselle,67
plandetravail,490
plandetravail300cm,65
plandetravailbois,11
plandetravailcuisine,1053
plante,127
planteaquarium,69
planteartificielle,586
planteartificielle180cm,53
planteartificielleexterieur,26
plantesartificielle,65
plantesdinterieur,143
plantesexterieur,94
plantesvertesinterieur,95
plaque,104
plaque2feux,65
plaqueaspirante,36
plaquechauffante,62
plaquechauffanteelectrique,69
plaquecheveux,56
plaquecuissonvitroceramique,58
plaquedecuisson,1253
plaquedecuissonaugaz,65
plaquedecuissonaugaz2feux,41
plaquedecuissonaugaz3feux,81
plaquedecuissonaugaz4feux,107
plaquedecuissonaugaz5foyer,72
plaquedecuissonavechotteintegree,72
plaquedecuissonelectrique,369
plaquedecuissongaz,1733
plaquedecuissongaz3feux,80
plaquedecuissongaz5feux,79
plaquedecuissongazblanche,61
plaquedecuissoninduction,153
plaquedecuissonmixte,93
plaquedecuissonvitroceramique,83
plaquedeprotectionmuralepourpoele,57
plaqueelectrique,431
plaqueelectrique2feux,71
plaquefuneraire,117
plaquefuneraireapersonnaliser,24
plaquegaz,619
plaquegaz2feux,87
plaquegaz4feux,90
plaqueinduction,3603
plaqueinduction1foyer,75
plaqueinduction2foyers,462
plaqueinduction3feux,63
plaqueinduction3foyers,166
plaqueinduction4feux,68
plaqueinduction4foyers,433
plaqueinduction5foyer,56
plaqueinductionaspirante,69
plaqueinductionblanche,82
plaqueinductionbosch,76
plaqueinductionbrandt,72
plaqueinductioncandy,59
plaqueinductioncontinentaledison,57
plaqueinductionelectrolux,73
plaqueinductionetgaz,66
plaqueinductionhotteintegree,114
plaqueinductionportable,127
plaqueinductionposable,67
plaqueinductionsamsung,73
plaqueinductionsauter,72
plaqueinductionwhirlpool,74
plaquelego,41
plaquemixteinductionetgaz,55
plaquepvc,47
plaquespolycarbonate,60
plaquevibrante,59
plaquevitroceramique,647
plaquevitroceramique1feu,66
plaquevitroceramique2foyers,81
plaquevitroceramique3foyers,73
plaquevitroceramique4foyers,68
plastifieuse,110
plat,74
platairfryer,154
platatajine,77
plateau,112
plateaubois,62
plateaudelit,73
plateaudeservice,153
plateaudetable,95
plateaurepas,62
plateautournant,85
plateformevibrante,109
platfour,162
platine,64
platinecd,62
platinedj,73
platinevinyle,517
platinevinyleavecenceintes,74
platinevinylebluetooth,67
plattarte,81
plaudnote,54
play,52
playdoh,61
playmobil,747
playmobil123,44
playmobilanimaux,28
playmobilasterix,45
playmobilcasernepompier,30
playmobilcountry,30
playmobildinosaure,28
playmobilferme,20
playmobilfille,46
playmobilgarcon,14
playmobiljunior,41
playmobilmiraculous,33
playmobilnaruto,33
playmobilnovelmore,36
playmobilpirate,30
playmobilpolice,53
playmobilpompier,41
playmobilprincesse,31
playmobilzoo,33
playseat,89
playstation,404
playstation1,22
playstation2,42
playstation3,61
playstation4pro,44
playstation5,3523
playstation5slim,63
playstationplus,43
playstationportable,58
playstationportal,102
playstationps5portable,54
plexiglasstransparent,74
plinthe,81
plombs45mm,53
plotsterrassereglables,64
plug,100
pluganal,128
plumeau,62
plusplus,33
pluviometre,105
pneu,312
pneu17565r1482t,74
pneu18565r154saisons,30
pneu20560r1692h,41
pneu2155517,33
pneuhiver,56
pneus20555r1691v,60
pneus2254517,41
pneus4saison21555r16,76
pneus4saisons,508
pneus4saisons20555r16,123
pneutrotinetteelectrique,75
pneutrottinette10pouces,59
pneuvelo,71
pocheadouille,118
pochette,56
pochettecadeau,34
pochettecartegrise,54
pochetteetanchesmartphone,41
pochetteordinateur,86
pochetteplastique,63
pochettepourhomme,53
pochettepourtelephoneportable,31
pochetteswitch,58
pochetteswitch2,67
pochetteswitchlite,52
pochettetelephoneportable,67
pochoirspeinture,53
pocketbike,89
pocketquad,71
poco,409
pococ65,56
pococ75,57
pocof6,57
pocof6pro,52
pocof7,397
pocof7pro,93
pocof7ultra,108
pocof8ultra,79
pocom6,46
pocom7,65
pocom7pro,89
pocom7pro5g,58
pocopad,61
pocox3,45
pocox3pro,58
pocox6,44
pocox6pro,52
pocox6pro5g,45
pocox7,140
pocox7pro,905
pocox7pro5g,76
poderm,25
podometre,45
podsairup,62
poele,1564
poeleabois,708
poeleaboisbuche50cm,70
poeleacier,62
poeleacrepe,215
poeleacrepeinduction,103
poeleafrire,80
poeleagaz,114
poeleagranules,604
poeleantiadhesive,79
poeleapaella,70
poeleapellets,70
poeleapetrole,1066
poeleapetroleameche,18
poeleapetroleelectronique,98
poelearthurmartin,113
poeleaveccouvercle,84
poelebeka,92
poelebioethanol,48
poelecasserole,81
poeleceramique,123
poelecookut,70
poeledebuyer,78
poeleelectrique,69
poeleenfonte,97
poeleenpierre,72
poeleethanol,67
poelegrill,82
poeleinduction,552
poeleinox,1059
poeleinoxarthurmartin,76
poeleinoxinduction,84
poeleinoxmancheamovible,63
poeleinoxtefal,30
poelepancake,87
poelepetrole,69
poelesetcasserolesinduction,82
poelespoigneeamovible,14
poeletefal,712
poeletefal32cm,66
poeletefalinduction,86
poeletefalingenio,69
poelewok,62
poellesetcasserolesinduction,65
poelonpourraclette,74
poelonraclette,13
poids,34
poidsmusculation,112
poidspourtonnelle,90
poignee,64
poigneeamoviblearthurmartin,75
poigneedemeuble,91
poigneedeporte,101
poigneedeporteexterieure,82
poigneedeporteinterieur,132
poigneeporte,71
poigneesmeublescuisine,128
poigneetefal,115
poigneevelo,20
poignetdeporte,87
poingamericain,48
pointeurlaser,63
poirelavement,82
pokeball,35
pokebox,80
pokemon,1238
pokemon151,54
pokemonarceus,47
pokemonbooster,15
pokemoncarte,56
pokemoncartesacollectionnerpokemon,5
pokemonecarlate,44
pokemonev10,143
pokemonevolutionsprismatiques,52
pokemonlegendza,39
pokemonmega,42
pokemonswitch,106
pokemonviolet,43
pokemonza,116
poker,40
polairefemme,62
polairehomme,60
polaroid,149
polishvoiture,71
polisseuse,52
polisseusevoiture,95
pollypocket,54
polo,54
polochon,79
polohomme,340
polohommetommyhilfiger,45
pololacoste,64
pololacostehomme,64
polomanchelonguehomme,51
poloralphlauren,46
poloralphlaurenhomme,30
poltivaporetto,70
polygel,61
pomerol,27
pommeaudedouche,479
pommeaudedoucheanticalcaire,79
pommeaudedouchehautepression,77
pompeaairaquarium,76
pompeachaleur,80
pompeachaleurpiscine,78
pompeaeau,302
pompeaeauelectrique,77
pompeaeauthermique,10
pompeagraisse,42
pompeapenis,83
pompeapenisxxl,55
pompeaquarium,140
pompeasable,266
pompeasablepiscine,45
pompeavelo,92
pompebassin,107
pompedepuit,86
pompederelevage,84
pompeelectrique,70
pompeimmergee,86
pompepiscine,171
pompepiscinehorssol,13
pompevidecave,36
pompier,49
ponceuse,408
ponceuseabande,87
ponceusebosch,68
ponceuseexcentrique,106
ponceusegirafe,105
ponceuseongle,475
ponceuseorbitale,22
poncho,41
ponchodepluie,45
ponchofemme,37
pondoirpoule,78
pontdelitrangement140x190avecarmoire,25
pontelevateur,64
pontelevateurvoiture,75
ponycycle,42
pop,138
popcorn,69
popdemonslayer,30
popdisney,33
popharrypotter,59
popit,52
popmart,34
popnaruto,30
poponepiece,64
poppers,71
poppokemon,60
poppyplaytime,51
popstitch,76
popstrangerthings,24
porno,48
porsche,40
port,75
portable,1468
portablegamer,31
portablehonor,57
portablehuawei,16
portableiphone,90
portableoppo,57
portablepascher,101
portableredmi,62
portablesamsunggalaxy,80
portablesamsunggalaxys24,42
portablesamsungpascher,57
portablesenior,51
portablexiaomi,74
portail,112
portail3m,65
portailaluminium2battants,81
portailcoulissant,67
portal,40
portant,118
portantavetementsreglable,23
portantbois,69
portantvetement,667
portantvetementsolide,73
porteaccordeon,87
porteaccordeonpvc,64
porteautomatiquepoulailler,98
portebadge,88
portebagagevelo,74
portebebe,742
portebijoux,54
portebouteille,81
portebrosseadentsmural,79
portebuche,62
portecapsuledolcegusto,38
portecarte,103
portecartecredithomme,62
portechaussures,123
portechequier,55
portecle,479
porteclebmw,58
porteclefmural,95
porteclestitch,51
portecoulissante,553
portededouche,66
portedegarage,81
portedentree,106
portedeplacard,42
portedeplacardcoulissante,61
portedocument,56
portedosettesenseo,84
portedosettetassimo,76
portedouche,64
porteeponge,81
portefeuille,114
portefeuillefemme,157
portefeuillefemmeguess,45
portefeuilleguess,21
portefeuillehomme,517
portefeuillehommecuir,56
portefeuillelacoste,22
portefeuillevalentino,54
porteinterieur,83
portejarretelle,34
portemanette,32
portemanteau,1260
portemanteauavecpieds,53
portemanteaubois,64
portemanteauenfant,78
portemanteaumeubledentree,99
portemanteaumural,114
portemanteaumuralbois,55
portemanteauporte,40
portemanteausurpied,103
portemanteausurpiedbois,23
portemanteauvestiairemeubledentree,132
portemonnaie,81
portemonnaieetcartehomme,46
portemonnaiefemme,88
portemonnaiehomme,69
portepapiertoilette,126
porteparapluie,76
porteplacardcoulissante,87
porteplante,132
porteplanteinterieur,85
porterideau,71
porterouleaupapierwc,10
portesavon,84
portescoulissantespourdressing,79
porteserviette,127
porteserviettedesalledebain,76
porteserviettemurale,98
porteserviettesurpied,91
portetelephone,20
porteur,47
porteurbebe,72
porteurenfant,75
porteurmoto,55
portevelo,62
portevelopour2veloselectriquesurbouleattelage60kg,6
portevelossurbouleattelage,45
portevetement,92
portevue,64
portillon,97
portillondejardin,84
portique,53
portiquebalancoire,83
portiquejeuxdelumiere,47
posca,94
posteasouder,157
posteasouderfilfourre,72
posteasoudermig,16
posteasoudermigfilfourre,71
postecd,88
poster,102
posteradio,140
posteradiocd,60
posteradiovoiture,112
postermural,72
postit,58
pot,80
potacrayon,62
potaepices,113
potager,116
potagersureleve,37
potaustensilesdecuisine,57
potbebe,113
potbebetoilette,59
potdefleur,552
potdefleurcarrexxxlexterieur,50
potdefleurexterieur100cm,66
potdefleurexterieurgrandetaille,95
potdefleurinterieur,84
poteaurechangearbreachat,81
potencesacdefrappe,62
potenfant,69
poterie,37
potfleursexterieur,78
potsconservationbebe,11
pottoilettebebe,71
poubelle,1069
poubelle100l,80
poubelle20l,76
poubelle30l,158
poubelle50l,386
poubelleapedale,72
poubelleautomatique,107
poubelleautomatique50l,66
poubelledebureau,70
poubelledecuisine,762
poubelledecuisine50l,71
poubelledetri,108
poubelledouble,91
poubelleencastrable,73
poubelleexterieur,36
poubellesalledebain,128
poubellesongmics,73
poubellesousevier,63
poubelletriselectif,78
poubelletriselectif2bacs,92
poubellewc,76
poucette,123
poudrecoiffante,96
pouf,1502
poufbeige,80
poufblanc,77
poufcanape,61
poufchambre,78
poufcoffre,80
poufcoffrederangement,54
poufcoiffeuse,103
poufdejardin,77
poufenfant,113
poufexterieur,81
poufgeant,75
poufgris,61
poufnoir,73
poufpoire,110
poufrangement,124
poufreposepied,75
poufrose,55
poufsalon,528
poufvelours,68
poufvelourscotele,18
poufxxl,78
poulailler,664
poulailler4poules,26
poulailler6a8poules,82
poulailleroccasion,68
poulaillerplastique,68
poule,27
pouliemusculation,77
poullailler4a6poulesavecpondoir,92
poupee,480
poupeebarbie,61
poupeebebe,32
poupeechiffon,30
poupeecicciobello,27
poupeecorolle,311
poupeedisney,33
poupeefille,18
poupeegonflable,91
poupeekpop,42
poupeekpopdemonhunter,328
poupeelol,60
poupeemonsterhigh,37
poupeenoire,17
poupeequimarcheetparle,31
poupeequiparle,27
poupeerainbow,55
poupeereborn,60
poupeereinedesneiges,25
poupeesexe,26
poupeesexuelle,357
poupeesilicone,44
poupeevaiana,33
poupon,301
pouponinteractif,18
pousette,1111
pousettecannetoutterrain,18
pousettetrio3en1,467
poussecheveux,59
poussepousse,49
poussepoussebebe,60
poussette,3254
poussette2en1,119
poussette3en1,1807
poussette3en1bebe,5
poussette3en1bebeconfort,75
poussette3en1chicco,85
poussette3en1cybex,79
poussette3en1moovkinderkraft,69
poussette3en1noir,59
poussette3en1rose,80
poussette3roues,71
poussette4en1,81
poussette4places,63
poussetteaveccosy,108
poussetteavion,70
poussettebebe,22
poussettebebe3en1,82
poussettebebeconfort,133
poussettebebejouet,36
poussettecabine,69
poussettecanne,1164
poussettecannebebeconfort,83
poussettecannecompacte,70
poussettecannedouble,75
poussettecannejusqua30kg,64
poussettechicco,86
poussettecompacte,296
poussettecybex,811
poussettecybex3en1,89
poussettecybexbaliossluxtrio,68
poussettecybexgazelle,40
poussettedoona,120
poussettedouble,1080
poussettedoubleaveccosy,107
poussettedoubledeslanaissance,25
poussettedoublejoie,93
poussettedoublepoupee,34
poussetteduo,81
poussetteenfant,84
poussetteenfant2ans,78
poussetteenfantjouet,28
poussettefaceparents,61
poussettefille,75
poussettehauck,76
poussettehomologueecabineavion,85
poussettejoie,410
poussettejoie3en1,69
poussettejouet,51
poussettejumeaux,87
poussettejumeaux3en1,35
poussettejumeauxaveccosy,66
poussettekinderkraft,125
poussettekinderkraft3en1,41
poussettelandaupourbebe,17
poussettelionelo,78
poussettelionelo3en1,79
poussettemaxicosi,105
poussettemomiestelle,31
poussettenania,64
poussettenuna,79
poussettepliable,88
poussettepoupee,299
poussettepourchien,103
poussettereversible,79
poussetterose,66
poussettesiegeauto,69
poussettesimple,80
poussettetoutterrain,80
poussettetrio,394
poussettetriochicco,78
poussettetriojoieversatrax,69
poussettetriple,87
poussetteultracompacte,58
poussettevoyage,31
poussetteyoyo,620
poussetteyoyo3en1,79
poussetteyoyopackcomplet,68
poussoirasaucisse,85
poussoirasaucissemanuel,65
poutredegymnastique,60
poutregym,55
powerbank,397
powerrangers,43
prada,68
preparateurdebiberon,109
preparationculinaire,8
presentoir,66
presentoirbijoux,50
presentoirgateau,86
preservatif,151
preservatifhomme,73
preservatifs,69
presseachaud,114
presseagrume,502
presseagrumeelectrique,120
presseagrumes,76
presseagrumesmeg,55
presseail,87
pressearepasser,25
pressecitronmanuel,78
pressehydraulique,63
presseorange,60
pressepuree,139
pressepureeelectrique,76
pressotherapie,68
preworkout,73
princesse,51
princessedisney,30
printer,64
prise,80
priseallumecigare,66
priseantimoustique,24
priseconnectee,103
prisecpl,81
priseelectrique,148
priseencastrableplandetravail,74
prisegreenup,67
prisejack,54
prisemultiple,56
prisetelecommande,49
priseusb,86
priseusbc,62
prix,56
probiotiques,73
processeur,289
processeuramd,63
processeurintel,60
processeurryzen,36
produit,64
produitanticafard,67
produitbebe,88
produitcafard,78
produitcigaretteelectronique,73
produitdebeaute,53
produitentretienspa,69
produitlavevaisselle,67
produitmenager,68
produitnettoyagevoiture,45
produitnettoyantbissell,68
produitpiscine,28
produitpouraspirateurlaveur,106
produitpourbissel,133
produitpourwccampingcar,68
produitshampouineuse,111
produitsol,34
produitsvendusetexpediesparcdiscount,55
produittineco,135
programmateurarrosage,17
programmateurelectrique,82
projecteur4k,60
projecteurcieletoile,63
projecteurdechantier,80
projecteurdessin,30
projecteurdisney,29
projecteuretoile,63
projecteurexterieur,91
projecteurled,99
projecteurledexterieur,65
projecteurledexterieuravecdetecteur,79
projecteurnoel,29
projecteurnoelexterieur,34
projecteurportable,63
projecteursolaire,78
projecteursolairedetecteurmouvement,81
projecteurtv,59
projectxparis,34
promax,56
promo,103
promoiphone,64
promotion,74
promotionlego,31
propolis,75
proscenic,83
proscenicp11,29
prosecco,74
protecteurdechaleur,73
protectioncameraiphone14,61
protectioncoindetable,35
protectionipad,65
protectionmatelas,69
protectionpiedsdechaise,75
protectionplaqueinduction,132
protectionroller,31
protectionrollerenfant,50
protectionswitch,52
protectionswitch2,49
protectionswitchlite,70
protectiontelephoneportable,62
protectionvoiturechien,58
protegecanape,125
protegecanapedangle,71
protegecarnetdesante,92
protegechaise,65
protegematelas,279
protegematelas140x190cm,494
protegematelas140x200,88
protegematelas160x200,430
protegematelas180x200,90
protegematelas200x200,27
protegematelas70x140,75
protegematelas80x160,40
protegematelas90x190,117
protegematelas90x200,90
protegematelasbebe,72
protegematelasimpermeable,75
protegeoreiller,99
protegeoreiller60x60,60
protegeplaquesvitroceramique,25
protegesiegevoiture,63
protegetabletransparent,75
protegetibia,61
protegetibiafoot,26
proteine,113
prothesedentaire,33
prothesedentaireensilicone,63
ps1,49
ps2,75
ps3,207
ps4,2366
ps4neuve,17
ps4pro,96
ps4slim,68
ps5,18249
ps51to,47
ps52manettes,58
ps5aveclecteurcd,87
ps5consoleeditionstandard,822
ps5consolesonyplaystation5,42
ps5controller,46
ps5digital,422
ps5editionstandard,44
ps5fc26,59
ps5fortnite,67
ps5occasion,64
ps5pascher,46
ps5portable,470
ps5portal,84
ps5pro,35
ps5proaveclecteur,58
ps5reconditionne,263
ps5slim,935
ps5slimdigital,65
ps5slimlecteur,43
ps5slimstandard,70
ps5standardslim,46
ps6,75
psg,355
psgenfant,24
psn,63
psplus,46
psportable,41
psportal,412
pspsony,52
psvita,70
psvr2,88
psyllium,39
puericulture,127
puff,885
puff9k,74
puffavecnicotine,49
puffjnr,129
puffrechargeable,67
puffsansnicotine,84
puffsansnicotinejnr,67
pufftornado,60
puissance4,74
pull,88
pullcolroulehomme,41
pulldenoel,60
pulldenoelfemme,52
pulldenoelhomme,21
pullfemme,465
pullhiverfemme,30
pullhomme,714
pullhommenike,17
pullhommetommyhilfiger,29
pulllacoste,50
pullnike,60
pullnikehomme,34
pullplaid,127
pullralphlaurenhomme,29
pulseurchien,72
pulverisateur,98
pulverisateurdejardin,87
pulverisateurelectrique,103
pulverisateurhuile,65
pulverisateurtoiture10metres,59
puma,128
pumafemme,60
pumahomme,52
pumasuedexl,42
punaisedelit,21
punchingball,126
punchingballpourenfants,61
pupitremusique,63
puressentiel,66
purgeurdefrein,69
purificateurdair,383
purificateurdeau,72
purinaone,80
puzzle,450
puzzle1000pieces,98
puzzle1500pieces,30
puzzle2000pieces,47
puzzle3000pieces,45
puzzle3d,78
puzzle3dbois,43
puzzle500pieces,50
puzzleadulte,74
puzzlebois,41
puzzledisney,43
puzzleenfant,78
puzzleenfant4ans,39
puzzleharrypotter,38
puzzlepokemon,33
puzzles1000piecesadultes,48
puzzlestitch,75
pyjama,68
pyjamabebe,61
pyjamaenfant,54
pyjamafemme,507
pyjamafemmecoton,43
pyjamafemmehiver,61
pyjamafille,38
pyjamahellokitty,36
pyjamahellokittyfemme,13
pyjamahomme,132
pyjamahommehiver,55
pyjamanoel,26
pyjamapiloupiloufemme,41
pyjamapolairefemme,46
pyjamastitch,42
pyjamastitchenfant,39
pyrex,83
qled,61
qlima,74
quad,172
quad125cc,67
quad50cchomologuerouteadultes,63
quadadulte,74
quadelectrique,62
quadelectriquepourenfant,342
quadenfant,63
quadenfantessence,66
quadlock,52
quadthermiqueenfant,80
quest3,27
queuedebillard,47
quiestce,62
qwirkle,41
r,46
r134a,17
r36s,116
rabotelectrique,75
raboteuse,23
raboteusedegauchisseuse,100
raclette,586
raclette2personnes,85
raclette8personnes,74
raclettedouche,79
raclettetefal,104
raclettevitre,73
radiateur,109
radiateurbaindhuile,410
radiateureauchaude,58
radiateurelectrique,892
radiateurelectriqueainertie,425
radiateurelectriquebasseconsommation,65
radiateurelectriqueeconomique,56
radiateurelectriquemural,63
radiateurinertiemobile,55
radiateurinertieseche,58
radiateursalledebain,100
radiateursecheservietteelectrique,31
radiateursoufflant,93
radiateursoufflantmural,56
radiateursoufflantsalledebain,103
radio,129
radioapile,66
radiocd,103
radiodab,98
radiodechantier,61
radiofm,58
radiomakita,90
radioportable,94
radioreveil,543
radioreveilenfant,31
radioreveilpileetsecteur,24
radiovintage,55
rafraichisseurairavecpaindeglace,9
rafraichisseurdair,136
rafraichisseurdairsilencieux,12
railportecoulissante,80
railrideauplafond,94
rainbow,27
rainbowhigh,104
rallongeelectrique,486
rallongeelectrique50m,67
rallongeelectriqueexterieur,75
rallongeusb,78
ralonge,63
ralphlauren,84
ralphlaurenhomme,42
ram,437
ram16go,65
ram32go,73
ramadan,73
ramassefeuilles,71
ramddr532go,79
ramddr56000mhz,75
ramequin,80
ramettepapiera4,88
ramettesde500feuillespapierblanc80ga4,53
rameuraeau,73
rameurdappartement,93
rameurpliable,136
rampedechargement,68
rampedelevagevoiture,92
rampeescalier,74
rampepourchien,71
rampevoiture,63
randonnee,27
rangebouteille,87
rangebuche,85
rangebucheinterieur,24
rangecouverts,137
rangement,726
rangementboiteachaussure,31
rangementbucheinterieur,57
rangementbureau,134
rangementcapsulenespresso,72
rangementchambre,117
rangementchambreenfant,87
rangementchaussures,787
rangementcoiffeuse,75
rangementcuisine,595
rangementdocuments,64
rangementdouche,73
rangementdressing,59
rangementenfant,89
rangementepices,104
rangementexterieur,86
rangementfrigo,43
rangementgarage,77
rangementjardin,87
rangementjouet,138
rangementjouetenfant,76
rangementlegumes,72
rangementlivre,26
rangementmachinealaver,69
rangementmaquillage,92
rangementoutils,52
rangementpapier,64
rangementpapiertoilette,38
rangementparfum,72
rangementpeluche,74
rangementplacardcuisine,74
rangementsalledebain,156
rangementsalon,59
rangementsousevier,136
rangementsouseviercoulissant,59
rangementsouslit,76
rangementtiroirplastique,57
rangementvaisselle,74
rangementvetement,120
rangementvinyle,83
rangementwc,65
rangersmilitairehomme,57
rapeafromage,87
rapecarotteelectrique,54
rapeelectrique,96
rapelegumes,113
rapelegumeselectrique,63
rapepied,34
rapepiedelectrique,76
raquettebadminton,63
raquettedepingpong,28
raquettemoustique,31
raquettepadel,84
raquettetennis,65
rasoir,137
rasoirantibouloche,85
rasoirbarbe,70
rasoirbraun,97
rasoirelectrique,161
rasoirelectriquefemme,150
rasoirelectriquehomme,1002
rasoirelectriquehommephilips,69
rasoirfemme,81
rasoirgilettefusion5lames,72
rasoirhomme,74
rasoironeblade,72
rasoirphilips,125
rasoirphilipsoneblade,68
rasoirpourcranechauve,65
rasoirselectriqueshommes,28
rasoirtetechauve,71
raspberrypi,52
raspberrypi5,67
rateau,98
rateaudedesherbage,42
raticide,41
ravensburger,35
rayban,74
raybanhomme,51
raybanmetal,86
razer,70
razerblacksharkv2x,65
razerviperv3pro,33
rclens,53
readyornot,51
realitevirtuelle,59
realmadrid,81
realme,445
realme12pro5g,54
realme14,26
realme14pro,65
realme14proplus,125
realmec75,52
realmegt,43
realmegt6,55
realmegt7,97
realmegt7pro,81
reborn,31
recepteurbluetooth,62
receveurdedouche,125
receveurdedoucheextraplate,66
rechargeabsorbeurdhumidite,64
rechargeairwick,68
rechargeclim,69
rechargeclimatisationvoiture,41
rechargegazsodastream,70
rechargelampeberger,31
rechargerubsonaero360,75
rechaud,70
rechaudcamping,78
rechaudcampinggaz,56
rechaudelectrique,72
rechaudgaz,350
rechaudgazcamping,61
reclamation,71
reconditionne,96
recuperateurdeau,79
recuperateureaudepluie,108
redbull,407
reddeadredemption,46
reddeadredemption2ps5,48
redmagic,363
redmagic10,32
redmagic10pro,63
redmagic11pro,39
redmagic9pro,47
redmagicastra,50
redmi,1621
redmi11,56
redmi12,78
redmi125g,18
redmi12c,55
redmi12pro,32
redmi13,87
redmi13c,295
redmi13c5g,45
redmi13note13pro5g,68
redmi13pro,57
redmi14,305
redmi14c,796
redmi14c256go,30
redmi14pro,66
redmi14pro5g,53
redmi15,161
redmi155g,55
redmi15c,159
redmi15c5g,36
redmi15pro,41
redmi5g,89
redmi9,19
redmi9a,25
redmia2,25
redmia3,85
redmia5,200
redmic14,38
redmimiui12,111
redminote10,92
redminote105g,56
redminote11pro,41
redminote11pro5g,58
redminote12pro,79
redminote12pro5g,57
redminote12proplus,52
redminote13,874
redminote134g,55
redminote135g,69
redminote135gpro,31
redminote13pro,438
redminote13pro256go,71
redminote13pro4g,65
redminote13pro5g,73
redminote13proplus5g512,76
redminote14,1296
redminote145g,443
redminote145gpro,57
redminote14pro,2366
redminote14pro256go,146
redminote14pro256go5g,90
redminote14pro4g,32
redminote14pro5g512gb,99
redminote14proplus,467
redminote14proplus5g512gb,74
redminote15,95
redminote15pro,91
redminote15pro5g,50
redminote8pro,65
redminote9,58
redminote9pro,56
redminotepro,60
redmipad2,68
redmipadpro,126
redmipadse,116
redmiwatch5,184
redone,49
redskins,61
reducteurdelit,80
reducteurdelitbebe,165
reducteurtoilette,24
reducteurtoiletteenfant,84
reebok,53
reebokhomme,51
reebokpump,62
refigerteurcongelateur,49
refregerateurcongegelateur,61
refregirateurcongeleteur,566
refregirateurcongeleteuramericain,64
refrigerat,60
refrigerateur,280
refrigerateur1porte,832
refrigerateur1portefroidventile,47
refrigerateur2portes,91
refrigerateur4portes,89
refrigerateur70cmlargeur,57
refrigerateuramericain,981
refrigerateuramericainavecdistributeurdeauetglacons,126
refrigerateuramericainavectiroircongelateur,14
refrigerateuramericainnoir,15
refrigerateurarmoire,68
refrigerateurblanc,67
refrigerateurclassea,90
refrigerateurcombineencastrable,27
refrigerateurcongelateur,2453
refrigerateurcongelateuramericain,74
refrigerateurcongelateurbas,29
refrigerateurcongelateurbeko,20
refrigerateurcongelateurbosch,70
refrigerateurcongelateurclassea,56
refrigerateurcongelateurclassec,56
refrigerateurcongelateurencastrable,172
refrigerateurcongelateurhaut,73
refrigerateurcongelateurnofrost,89
refrigerateurencastrable1porte,71
refrigerateurfroidventile,66
refrigerateurgedtech,21
refrigerateurgrandecapacite,92
refrigerateurhisense,62
refrigerateurindesit,63
refrigerateurliebherr,68
refrigerateurmultiportes,446
refrigerateurnoir,104
refrigerateursamsung,109
refrigerateursanscongelateur,73
refrigerateursimple,65
refrigerateurtabletop,80
refrigerateurvalberg,73
refrigirateurcongeleteur,64
refroidisseurdair,8
refroidisseurpcportable,82
regle,66
regletteled,91
regletteledcuisine,30
rehausseur,75
rehausseurauto,394
rehausseurchaise,70
rehausseurdechaisebebe,163
rehausseurecran,44
rehausseurisofix,71
rehausseurtoilette,64
rehausseurvoiture,70
reinedesneiges,68
relax,88
relaxdejardin,48
remarkable,48
remarkable2,53
remboursement,38
remington,139
remorque,82
remorquedevelooccasion,13
remorquevelo,90
remorquevelochien,45
remorqueveloenfant,62
remorquevoiture,135
renovateuroptiquedephare,38
rentreescolairefourniture,11
reolink,82
repassage,81
repeteurwifi,432
repeteurwifi6,52
repetiteurdewifi,25
reposepied,128
reposepiedavecrangement,20
reposepiedssalon,104
repoussepistonfrein,58
repriseancienappareil,81
reprisetelephoneportable,25
repulsifchat,79
reservoiragranules,85
reservoirdeau,104
reservoirsenseo,73
residentevil,56
residentevil4,42
residentevilps4,54
residentevilvillageps5,43
resiliercdiscountavolonte,75
resine,61
resineepoxy,107
resineepoxytransparente,61
resineuv,21
resistancecigaretteelectronique,96
retinol,80
retour,27
retourverslefutur,40
retrogaming,64
retroprojecteur,811
retroprojecteur4k,60
retroprojecteurvideoprojecteur,82
retroviseurmoto,77
retroviseurtrottinetteelectrique,70
retroviseurvelo,77
reveil,542
reveilenfant,71
reveillepaspapa,32
reveillumineux,55
reveilmatin,72
reveilminecraft,26
reveilnumerique,74
reveilprojectionplafond,111
reveilstitch,83
revetementdesol,95
revetementdesolpvc,75
revit,90
revitivemedic,81
revlon,114
rhinoshield,86
rhum,159
rhumarrange,64
rhumblanc,65
rhumvieux,60
ricard,88
ricecooker,150
rideau,8
rideauantimouche,22
rideaubeige,9
rideaublanc,106
rideauchambre,81
rideaucourt,62
rideaudedouche,539
rideaudeporte,73
rideaudressing,60
rideaufenetre,72
rideauisolantthermique,97
rideaulin,73
rideaulumineux,14
rideaunoir,60
rideauoccultant,29
rideaurose,75
rideausalledebain,66
rideaustitch,58
rideauthermique,101
rideauthermiquechaudfroid,65
rideaux,1687
rideaux140x240,81
rideauxbeige,91
rideauxchambreenfant,67
rideauxcuisine,131
rideauxdenoel,44
rideauxdeporteantiinsectes,10
rideauxgris,80
rideauxoccultants,461
rideauxpourrail,63
rideauxsalon,112
rideauxstore,50
rideauxthermiquechaudfroid,57
rideauxvoilage,475
ridstar,79
ridstarq20,8
ridstarq20pro,66
riekerfemme,21
ringfitadventure,53
ringlight,124
rituals,81
riz,76
rj45,57
robe,108
robedeceremonie,5
robedeceremoniefemme,52
robedechambre,36
robedechambrefemme,42
robedechambrehomme,49
robedechambrepourfemme,6
robedemariee,251
robedemarieegrandetaille,51
robedenoelfemme,52
robedesoiree,426
robedesoireefemme,27
robedete,37
robeetefemme,22
robefemme,425
robefemmehiver,33
robefille,44
robegrandetaille,48
robelongue,58
robelonguefemme,31
robelonguefleurie,30
robeprincesse,71
robepull,9
robereinedesneiges,49
robesexy,54
robinet,110
robinetbaignoire,88
robinetcuisine,768
robinetcuisineavecdouchette,78
robinetcuisinedore,24
robinetcuisineflexible,50
robinetcuisinenoir,79
robinetdouche,76
robinetevier,68
robinetexterieur,84
robinetlavabo,95
robinetsalledebain,429
robinettoilette,51
roblox,426
robocarpoli,23
roborock,623
roborockdyadpro,71
roborockf25,93
roborockf25ace,37
roborockf25ultra,35
roborockflexipro,20
roborockq10,396
roborockq10s5,41
roborockq10vf,19
roborockqv35a,24
roborocks7,56
roborocks8,64
roborocks8maxvultra,68
roborocksaros10,37
robot,177
robotaspirateurlaveur,11
robotaspirateurlaveuravecstation,78
robotaspirateurlaveurroborock,47
robotaspirateurlaveurxiaomi,69
robotcuiseur,109
robotcuiseurbebe,77
robotcuiseurmultifonction,135
robotcuisine,473
robotcuisinemultifonction,86
robotdecuisineninja,59
robotdepiscinefondetparois,41
robotenfant,31
robothachoir,69
robotjouet,23
robotkenwood,78
robotkitchenaid,76
robotlaveur,101
robotlaveurdesol,110
robotlaveurdevitres,265
robotlaveurvitre,133
robotlavevitresansfil,98
robotmenager,75
robotmixeur,115
robotmoulinex,64
robotmultifonction,919
robotmultifonctionbosch,49
robotmultifonctionmoulinex,70
robotmultifonctionninja,24
robotmultifonctions,58
robotninja,67
robotpatissier,2045
robotpatissierbosch,71
robotpatissierkenwood,107
robotpatissierkitchenaid,100
robotpatissiermoulinex,102
robotpatissiermultifonction,71
robotpatissiersmeg,75
robotpetrin,70
robotpiscine,222
robotpiscinedolphin,27
robotpiscinehorssol,46
robotpiscinesansfil,61
robotpiscinesansfilfondetparoi,16
robotsoupe,53
robottondeuse,378
robottondeusesanscableperipherique,89
robottondeusesansfil,93
robotvitre,72
rockingchair,179
rodpod,54
rogally,80
rogallyx,51
rogphone,57
rogxboxallyx,44
roilion,33
rolex,74
roller,131
rollerenfant,134
rollerfille,106
rollerfille4roues,56
rollers,60
rollersadulte,72
ronaldo,40
roomba,53
rose,80
roseeternelle,103
rotin,74
rotissoire,93
rotissoirepourpoulet,70
rotissoirevertical,70
rotofil,90
rotofilabatterie,94
rotofilthermique,46
rotorazer8en1,85
rouedebrouette,93
rouedesecoursgalette,55
rouejockeyremorque,65
rouepourchat,41
rouetrottinetteelectrique,19
rougealevres,138
rouleauadhesif,75
rouleauadhesifpourmeuble,50
rouleauagazon,79
rouleauapatisserie,95
rouleaugazonsynthetique,26
rouleaulino,105
rouleaumoustiquaire,19
rouleaupeinture,94
roulette,73
roulettespourmeubles,79
roundup,71
routeur,61
routeur5g,68
routeurwifi,64
routeurwifi5gaveccartesim,117
rowenta,409
rowentasilenceforcecyclonic,43
rowentaxclean10,202
rowentaxclean4,78
rowentaxforceflex,60
rowentaxforceflex1460,64
rowentaxforceflex1560,75
rowentaxforceflex960,70
rowentaxpert660,70
rtx,125
rtx2060,67
rtx3050,117
rtx3060,117
rtx3060ti,73
rtx3070,29
rtx3080,47
rtx4060,243
rtx4060ti,68
rtx4060ti16go,65
rtx4070super,53
rtx4070ti,59
rtx4070tisuper,41
rtx4080,71
rtx4080super,51
rtx4090,72
rtx5050,64
rtx5060,145
rtx5060ti,112
rtx5060ti16gb,75
rtx5070,483
rtx5070ti,442
rtx5080,448
rtx5090,132
rubanadhesif,70
rubanled,155
rubanled20m,65
rubikscube,91
rubsonaero360,25
rugby,41
ruinart,96
ruinartblancdeblancs,40
rummikub,55
running,65
runningfemme,38
runninghomme,78
rushhour,36
russellhobbs,78
rx580,66
rx6600,105
rx6650xt,60
rx6700xt,47
rx6750xt,36
rx7600,108
rx7600xt,38
rx7700xt,56
rx7800xt,176
rx7900xt,66
rx7900xtx,65
rx9060xt,105
rx9060xt16gb,73
rx9070,75
rx9070xt,342
ryobi,376
ryobioneplus,34
ryzen,69
ryzen5,91
ryzen53600,68
ryzen55500,108
ryzen55600,122
ryzen55600x,93
ryzen57500f,65
ryzen57600x,62
ryzen59600x,65
ryzen7,100
ryzen75700x,117
ryzen75700x3d,68
ryzen75800x,90
ryzen77700,65
ryzen77700x,25
ryzen77800x3d,139
ryzen79700x,63
ryzen79800x3d,100
ryzen9,63
s10,87
s20,116
s20fe,73
s21,829
s21fe,8
s21plus,87
s22,11
s22plus,206
s22plus256go,55
s22ultra,1428
s22ultra256go,30
s23,1423
s23256go,59
s23feneuf,60
s23plus,469
s23plus5g,6
s23reconditionne,59
s23ultra,1988
s23ultra256go,70
s23ultra512,49
s23ultraneuf,17
s23ultraversioneuropeenne,33
s24,12
s24256go,79
s24fe,397
s24fe5g,47
s24neuf,38
s24plus,523
s24ulta,60
s24ultra,1184
s24ultra512,54
s24ultra512go,50
s24ultraneuf,58
s24ultrasamsung,190
s25256go,70
s25edge,88
s25fe,94
s25plus,514
s25ultra,1701
s25ultra256,53
s25ultra512,29
s25ultra512go,60
s25ultrasamsung512,47
s26,23
sa,51
sable,46
sablemagique,68
sablepourbacasable,21
sableuse,73
sablier,84
sabot,47
sabothomme,35
sabotsfemme,72
sabrelaser,58
sac,118
sacaadoseastpak,75
sacaadosfemmecuir,65
sacaadosvoyagecabine,61
sacaamainfemmecuirveritable,51
sacaamainguessfemme,50
sacados,694
sacadosalanger,78
sacadosaroulettes,33
sacadoscabaia,64
sacadoscabine,57
sacadoschat,75
sacadoscollege,65
sacadoseastpak,76
sacadosenfant,58
sacadosfemme,85
sacadosfille,59
sacadosfillecollege,30
sacadosgarcon,73
sacadoshomme,128
sacadosmilitaire,60
sacadosminecraft,47
sacadosmoto,68
sacadosnike,86
sacadosordinateur,60
sacadospatpatrouille,24
sacadospuma,57
sacadosstitch,66
sacadosvoyage,84
sacalanger,708
sacalangerbebe,113
sacamain,1079
sacamainbandouliere,42
sacamainbandoulierefemme,501
sacamaincabaia,37
sacamaincuir,52
sacamaindemarque,67
sacamainfemme,463
sacamainguess,127
sacamainhomme,52
sacamainlacoste,52
sacamainlancaster,42
sacamainlongchamp,54
sacamainmichaelkors,45
sacamainvalentino,59
sacanekke,57
sacaoutils,81
sacapain,63
sacaspirateur,109
sacaspirateurkarcher,78
sacaspirateurkarcherwd2,55
sacaspirateurkarcherwd3,71
sacaspirateurrowenta,80
sacaspirateurrowentasilenceforce,79
sacbanane,54
sacbananefemme,80
sacbananehomme,61
sacbandouliere,76
sacbandoulieredesigual,46
sacbandoulierefemme,125
sacbandouliereguess,52
sacbandoulierehomme,58
sacbandoulierevalentino,34
saccabaia,485
saccabas,65
saccabasfemme,51
saccabine,70
saccabineavion40x20x30,54
saccadeau,55
saccadeaunoel,22
saccoach,55
saccongelation,70
saccuirfemme,22
sacdecouchage,113
sacdecouchageenfant,82
sacdecoursetudiante,43
sacdefrappe,132
sacdefrappeenfant,39
sacdefrappesurpieds,67
sacdemarque,54
sacdepeche,61
sacdeplage,83
sacderandonnee,61
sacderangement,72
sacdesport,124
sacdesporthomme,55
sacdesurvie,69
sacdetoit,59
sacdetransportchien,79
sacdetransportpourchat,125
sacdetransportpourchien,84
sacdevoyage,517
sacdevoyagearoulettes,78
sacdevoyagecabaia,61
sacdevoyagecabine40x30x20,83
sacdevoyagesouple,62
sacdevoyagesouplearoulettes,63
sacdior,45
saceastpak,204
saceastpakcollege,11
sacecole,59
sacespace,49
sacfemme,135
sacfemmeguess,40
sacfourretout,65
sacguess,440
sacguessfemme,16
sachetpourbonbons,26
sachomme,27
sacisotherme,137
sacisothermerepas,42
saclacoste,94
saclacostefemme,61
saclancaster,62
saclancel,49
saclonchamp,95
saclyceenne,51
sacmacdouglas,51
sacmaternite,78
sacmichaelkors,110
sacmichaelkorsfemme,51
sacnike,71
sacoche,86
sacocheappareilphoto,23
sacochebandoulierehomme,87
sacochebouledepetanque,66
sacochechabrand,88
sacochecuirhomme,53
sacochefemme,59
sacocheguess,66
sacochehomme,803
sacochehommechabrand,54
sacochehommeguess,54
sacochehommelacoste,57
sacochehommetommyhilfiger,27
sacochelacoste,104
sacochelacostehomme,45
sacochemoto,60
sacocheordinateur,114
sacocheordinateur156pouces,56
sacocheordinateur17pouces,72
sacochepcportable,53
sacochepetanque,68
sacocheswitch2,40
sacochetrottinette,68
sacochevelo,100
sacordinateur,59
sacpaulmarius,37
sacplastique,59
sacpolene,53
sacpoubelle,78
sacrangementsousvide,101
sacsaspirateurrowentasilenceforcecompact,85
sacsousvide,93
sacsousvidealimentaire,67
sacsousvidevetement,72
sacstitch,78
sactommyhilfinger,59
sactransportchat,81
sactransportps5,30
sacvalentino,174
saczadigetvoltaire,38
saintemiliongrandcru,61
saintseiya,69
saintvalentinhommes,21
saladier,154
saladierenverre,77
salierepoivriere,86
salleamanger,866
salleamangercomplete,1328
salleamangercompleteenbois,135
salleamangercompleteindustrielle,56
salleamangercompletemoderne,44
salleamangerdejardin,65
salledebain,655
salledebaincomplete,98
salomon,77
salon,462
salonbalcon,117
salonbasdejardin,42
saloncomplet,595
salondebalcon,102
salondejardin,2823
salondejardin10personnesavectable,20
salondejardin2personnes,67
salondejardin2place,99
salondejardin4personnes,48
salondejardin4personnesavectable,101
salondejardin4places,120
salondejardin6personnes,48
salondejardin6personnesavectable,119
salondejardin8personnes,101
salondejardin8personnesavectable,96
salondejardinaluminium,94
salondejardinbas,71
salondejardinbeige,57
salondejardinbois,123
salondejardindangle,90
salondejardindoccasion,60
salondejardinencastrable,87
salondejardinenfant,97
salondejardinexterieur,102
salondejardinpascher,59
salondejardinresine,384
salondejardinresinetressee,46
salondejardinrond,76
salondejardinrotin,96
salondejardintectake,28
salondejardinterrasse,8
salonexterieur,90
salonmarocain,109
salopettefemme,21
samba,129
sambafemme,56
samlepompier,36
samsonite,65
samsuggalaxys24,64
samsung,9214
samsung128go,67
samsung21ultra,44
samsung22ultra,78
samsung23ultra,63
samsung24,49
samsung24ultra,82
samsung256go,105
samsung5g,128
samsung990pro,73
samsunga,79
samsunga04s,56
samsunga05,97
samsunga05s,301
samsunga06,118
samsunga10,173
samsunga12,99
samsunga13,367
samsunga135g,59
samsunga14,1040
samsunga14128go,67
samsunga145g,99
samsunga145g128go,62
samsunga15,1109
samsunga154g,48
samsunga155g,81
samsunga155g128go,57
samsunga16,35
samsunga16128go5g,38
samsunga164g,47
samsunga165g,483
samsunga16noir,69
samsunga17,636
samsunga175g,91
samsunga20,105
samsunga20e,87
samsunga21,54
samsunga21s,67
samsunga22,96
samsunga225g,37
samsunga23,89
samsunga235g,52
samsunga24,65
samsunga25,330
samsunga255g,70
samsunga26,155
samsunga265g,65
samsunga32,108
samsunga325g,59
samsunga33,91
samsunga34,90
samsunga345g,56
samsunga35,393
samsunga355g,33
samsunga36,511
samsunga365g,82
samsunga40,99
samsunga41,56
samsunga42,31
samsunga5,58
samsunga50,270
samsunga51,107
samsunga51neuf,26
samsunga52,110
samsunga52s,55
samsunga52s5g,61
samsunga53,364
samsunga535g,93
samsunga54,549
samsunga54256go,54
samsunga545g,53
samsunga55,1053
samsunga55256go,43
samsunga555g,45
samsunga56,1863
samsunga56256go,60
samsunga565g256go,118
samsunga70,64
samsunga71,137
samsunga72,40
samsunga80,55
samsunga9,71
samsunga9plus,53
samsungaa56,118
samsungdoublesim,49
samsungflip,437
samsungflip4,84
samsungflip7,98
samsungfold,357
samsungfold4,9
samsungfold5,93
samsungfold6,93
samsungfold7,92
samsunggalaxiea16,53
samsunggalaxies24ultra,65
samsunggalaxy,1498
samsunggalaxy5g,55
samsunggalaxya,81
samsunggalaxya06,58
samsunggalaxya10,63
samsunggalaxya12,72
samsunggalaxya145g,66
samsunggalaxya155g,47
samsunggalaxya16,2463
samsunggalaxya17,121
samsunggalaxya175g,55
samsunggalaxya20e,86
samsunggalaxya21s,82
samsunggalaxya255g,32
samsunggalaxya26,68
samsunggalaxya265g,54
samsunggalaxya355g,198
samsunggalaxya36,88
samsunggalaxya365g,56
samsunggalaxya41,55
samsunggalaxya51,60
samsunggalaxya52,73
samsunggalaxya525g,79
samsunggalaxya53,78
samsunggalaxya54,241
samsunggalaxya555g,51
samsunggalaxya56,409
samsunggalaxya70,56
samsunggalaxybook,56
samsunggalaxybuds2,41
samsunggalaxyflip5,29
samsunggalaxyfold,35
samsunggalaxyfold4,25
samsunggalaxyfold5,26
samsunggalaxynote,286
samsunggalaxynote10plus,225
samsunggalaxynote10plusneuf,61
samsunggalaxynote20,55
samsunggalaxynote20ultra5g,400
samsunggalaxynote20ultra5g256go,56
samsunggalaxynote22ultra,46
samsunggalaxynote23ultra,25
samsunggalaxynote9,59
samsunggalaxys,437
samsunggalaxys10plus,64
samsunggalaxys20fe,70
samsunggalaxys20fe5g,53
samsunggalaxys20ultra5g,55
samsunggalaxys21,1391
samsunggalaxys21fe,64
samsunggalaxys21ultra256go5gneuf,59
samsunggalaxys22128go,51
samsunggalaxys22plus,75
samsunggalaxys22ultra,4
samsunggalaxys22ultra128go5gneuf,62
samsunggalaxys22ultra256go,43
samsunggalaxys22ultra256go5gneuf,84
samsunggalaxys22ultra512go,41
samsunggalaxys22versionfrancaise,107
samsunggalaxys23256go,68
samsunggalaxys23ultra128go5gneuf,47
samsunggalaxys23ultra256go5gneuf,86
samsunggalaxys23ultra512go,43
samsunggalaxys23ultra512go5gneuf,54
samsunggalaxys24,542
samsunggalaxys24plus,75
samsunggalaxys24plus256go,72
samsunggalaxys24ultra,453
samsunggalaxys24ultra256,15
samsunggalaxys24ultra256go5gneuf,57
samsunggalaxys24ultra512go5gneuf,63
samsunggalaxys25fe,59
samsunggalaxys25plus256go,67
samsunggalaxys25ultra,124
samsunggalaxys25ultra256go5gneuf,71
samsunggalaxys25ultra512go5gneuf,65
samsunggalaxys7edge,30
samsunggalaxys8,56
samsunggalaxys9,95
samsunggalaxytaba9,79
samsunggalaxytabs9,42
samsunggalaxyultra,78
samsunggalaxywatch6,49
samsunggalaxywatch8,57
samsunggalaxywatchultra,50
samsunggalaxyz,71
samsunggalaxyzflip,20
samsunggalaxyzflip3,35
samsunggalaxyzflip4,82
samsunggalaxyzflip5,70
samsunggalaxyzflip7,86
samsunggalaxyzfold3,13
samsunggalaxyzfold4,114
samsunggalaxyzfold5,72
samsunggalaxyzfold6,66
samsunggalaxyzfold7,231
samsunggalazyzflip5,33
samsunggalazyzflip6,61
samsunggalazyzflip7,55
samsungj7,60
samsungneoqled,54
samsungneuf,48
samsungnote10,93
samsungnote20,79
samsungnote20ultra,118
samsungnote20ultra5g256,55
samsungnote8,47
samsungnote9,59
samsungodysseyg5,83
samsungodysseyg7,29
samsungpascher,85
samsungpliable,114
samsungportable,55
samsungqled,39
samsungreconditionne,340
samsungrose,51
samsungs10,351
samsungs10e,71
samsungs10plusneuf,58
samsungs15,62
samsungs20,851
samsungs205g,53
samsungs20fe,93
samsungs20fe5g,51
samsungs20fe5gneuf,73
samsungs20galaxy5gsimplesim,58
samsungs20plus,81
samsungs20ultra,219
samsungs21,1101
samsungs21256go,62
samsungs21fe,470
samsungs21fe128go5g,59
samsungs21plus,121
samsungs21reconditionne,60
samsungs21ultra,362
samsungs21ultra256,81
samsungs21ultra256go,68
samsungs21ultra5g,54
samsungs22,4054
samsungs22256go,49
samsungs225g,55
samsungs22fe,94
samsungs22neuf,54
samsungs22plus,316
samsungs22plusultra,55
samsungs22reconditionne,47
samsungs22ultra,1662
samsungs22ultra128,61
samsungs22ultra256,202
samsungs22ultra5g,59
samsungs22ultraecran,47
samsungs22ultraneufversionfrancaise,56
samsungs22ultrareconditionne,61
samsungs23,4525
samsungs23256,28
samsungs23fe,509
samsungs23feneuf,62
samsungs23neuf,108
samsungs23plus,581
samsungs23plusversionfrancaise,71
samsungs23reconditionne,61
samsungs23ultra,1943
samsungs23ultra128,56
samsungs23ultra256,596
samsungs23ultra512,46
samsungs23ultra512go,33
samsungs23ultra5g,52
samsungs23ultraneuf,61
samsungs23ultraneufversionfrancaise,55
samsungs23ultraplus,68
samsungs23ultrareconditionne,71
samsungs23versioneurope,82
samsungs24,6565
samsungs24256go,72
samsungs24fe,536
samsungs24feneuf,80
samsungs24neuf,57
samsungs24plus,456
samsungs24reconditionne,69
samsungs24ultra,1925
samsungs24ultra256,232
samsungs24ultra256neuf,61
samsungs24ultra512go,55
samsungs24ultraneuf,45
samsungs24ultranoir,67
samsungs24ultrareconditionne,83
samsungs24utra,33
samsungs25,6249
samsungs25256go,88
samsungs25512go,68
samsungs25edge,90
samsungs25fe,110
samsungs25plus,423
samsungs25plus512go,56
samsungs25reconditionne,47
samsungs25ultra,1028
samsungs25ultra1to,59
samsungs25ultra256,595
samsungs25ultra256go,46
samsungs25ultra256neuf,43
samsungs25ultra512go,130
samsungs25ultra5g,51
samsungs25ultrareconditionne,69
samsungs25ultraviolet,56
samsungs26,86
samsungs26ultra,672
samsungs7,55
samsungs8,89
samsungs8plus,62
samsungs9,120
samsungs9plus,73
samsungsmartphonepliable,60
samsungss23ultra,54
samsungtab,61
samsungtaba9,62
samsungtaba9plus,59
samsungtabs10,53
samsungtheframe,14
samsungtv,91
samsungultra,128
samsungultra24,31
samsungwatch,162
samsungwatch8,65
samsungz,101
samsungzflip,822
samsungzflip3,139
samsungzflip4,249
samsungzflip4256go,48
samsungzflip5,929
samsungzflip5256go,59
samsungzflip6,969
samsungzflip6256go,72
samsungzflip7,127
samsungzfold2,46
samsungzfold3,115
samsungzfold4,15
samsungzfold4256go,56
samsungzfold5,395
samsungzfold5256go,61
samsungzfold6,84
samsungzfold7,128
samsungzfoldreconditionne,44
sandalefille,8
sandaleguess,30
sandales,50
sandalesenfant,43
sandalesfemme,150
sandaleshomme,188
sandisk,83
sandiskextremepro,52
sangle,75
sanglearrimageacliquet,23
sanibroyeur,69
saniterpen,83
sansungs24,48
santiag,49
santiagfemme,55
sanytol,72
sapinartificiel,28
sapinartificiel180cm,57
sapinartificiel210cm,36
sapinblanc,39
sapindenoel,145
sapindenoel150cm,38
sapindenoel180cm,46
sapindenoel210,69
sapindenoel240cm,48
sapindenoelartificiel,167
sapindenoelblanc,61
sapindenoeldejadecor,38
sapindenoeldepliageautomatique,27
sapindenoelled,43
sapindenoellumineux,29
sapinenbois,35
sapinled,41
sapinlumineux,32
sardineoupiquetdancrage,31
saucisson,73
saucony,63
saugeblanche,27
saumier,81
sauna,87
sauter,55
sautersfp932x,71
sauteuse,202
sauteuseinduction,74
sauteuseinox,74
sauteusetefal,74
sauteusetefal28cm,70
savon,100
savondemarseille,63
savonnoir,67
scanner,91
scannerportable,83
scarificateur,35
schleich,66
schleichchevaux,35
schleicheldrador,28
schleichhorseclub,16
scie,74
scieabois,56
scieabuche,88
scieachantourner,40
scieaonglet,123
scieaongletradiale,41
sciearuban,80
sciecirculaire,522
sciecirculairemakita,81
sciecirculairesansfil,50
sciecirculairesansfilavecbatterie,27
sciecirculairesurtable,86
sciecloche,79
scieelectrique,65
scieplongeante,35
scieplongeanteavecrail,30
scieradiale,75
sciesabre,127
sciesabremakita,63
sciesabresansfilavecbatterie,33
sciesauteuse,152
sciesauteusemakita,75
sciesurtable,111
scooter,611
scooter125,99
scooter50cc,534
scooterelectrique,761
scooterelectriquecitycoco,83
scooterelectriqueenfant,59
scooterenfant,36
scotch,85
scotchdoubleface,78
scotchemballage,68
scrabble,80
scrapbooking,62
scratchautocollant,34
sdcard,29
seau,79
seauacendres,51
seauachampagne,63
seauapellets,19
seauessoreur,78
seaunettoyagesol,140
seauvileda,110
seb,126
secateur,105
secateurabatterie,78
secateurelectrique,79
secateurelectriquesansfil,457
sechecheveux,1462
sechecheveux5en1,93
sechecheveuxbabyliss,104
sechecheveuxboucleur,25
sechecheveuxdiffuseur,67
sechecheveuxdyson,554
sechecheveuxdysonsupersonic,70
sechecheveuxghd,88
sechecheveuxionique,127
sechecheveuxlisseur,67
sechecheveuxprofessionnel,95
sechecheveuxremington,72
sechecheveuxshark,71
sechelinge,7505
sechelinge10kg,170
sechelinge10kgpompeachaleur,70
sechelinge12kg,73
sechelinge7kg,48
sechelinge8kg,75
sechelinge9kg,82
sechelingeacondensationclassea,56
sechelingeacondensationpompeachaleur7kgou8kg,52
sechelingeaevacuationexterieure,77
sechelingeavecbacderecuperationeau,94
sechelingebeko,99
sechelingebosch,178
sechelingecandy,101
sechelingecandy8kg,57
sechelingeclassea,57
sechelingecondensation,1719
sechelingecondensation10kg,89
sechelingecondensation8kg,64
sechelingecontinentaledison,80
sechelingeelectrique,65
sechelingeelectrolux,64
sechelingeevacuation,97
sechelingegris,62
sechelingehaier,68
sechelingehotpoint,63
sechelingelg,50
sechelingenoir,89
sechelingepompeachaleur,912
sechelingepompeachaleur7kgou8kg,92
sechelingepompeachaleur7kgoukg,62
sechelingepompechaleur9kg,54
sechelingesamsung,92
sechelingewhirlpool,29
secheserviette,141
secheservietteelectrique,470
secheservietteelectriquesoufflant,60
secheserviettesoufflant,65
sechoir,130
sechoiralinge,735
sechoiralinge4niveaux,68
sechoiralingechauffant,76
sechoiralingeelectrique,80
sechoiralingepliable,101
sechoiralingevileda,47
sechoircheveux,69
sechoirlinge,80
sechoirparapluie,83
secretaire,72
secretairemeublebureau,70
secretdeloly,61
secretsanta,59
securiteenfant,23
securiteenfantporteplacard,30
securitefenetre,62
sedesabonner,58
segway,72
segwayzt3pro,28
seiko,68
sejourcomplet,75
sekiro,47
seldepsom,25
seldoseille,70
selledeveloultraconfortable,23
sellevelo,73
semainier,58
semelles,60
semellesakusolipertedepoids,157
semellesorthopediques,79
sennheiser,49
sennheisermomentum4,56
senseo,1933
senseoblanche,61
senseomaestro,96
senseonoir,39
senseophilips,134
senseoselect,24
senseoswitch,65
separateurdepiece,133
separationdepiecesanspercage,87
sephora,55
serestochat,86
serestochien,62
sergiotacchini,63
seringue,68
serpillere,403
serpillerevileda,140
serpilliere,106
serre,130
serredejardin,607
serredejardinpolycarbonate,104
serrejoint,74
serrelivre,75
serretete,70
serretunnel,112
serrure,68
serrureboiteauxlettre,81
serrureconnectee,57
serrureporte,102
serrurepourportailexterieur,66
serumcheveux,66
serumphysiologique,64
serumvisage,79
serumvitaminec,71
servante,106
servanteatelieravecoutil,112
servanteateliervide,90
servantedatelier,513
serveurnas,50
serviceacafe,108
serviceafondue,87
serviceafondueelectrique,64
serviceassiette,113
serviceassiettes,42
serviceassiettes18pieces,69
serviceathe,77
serviceaverre,54
servicedetable,883
servicedetable12personnes,80
servicedetable6personnes,81
servicedetablecompletmoderne,75
servicedetablenoel,46
servicevaisselle,528
serviette,95
serviettedebain,610
serviettedebainbebe,80
serviettedebaingrandetaille,70
serviettedeplage,84
serviettedetable,92
serviettedetablecoton,57
serviettedetoilette,108
serviettemicrofibre,58
serviettepapier,65
servietteshygieniques,78
serviteurcheminee,71
serviteurdedouche,83
setcasseroles,90
setcouteauxdecuisine,103
setdecouverts,85
setdepoele,78
setdetable,149
setsalledebain,23
settefal,69
setup,41
setupgaming,95
setvaisselle,69
setvalise,416
sex,105
sexetoy,50
sexetoyvibrant,36
sexmachine,68
sexmachinevaetvient,81
sextoy,696
sextoyfemme,12
sextoyhomme,462
sextoyplaisirfemme,111
sextoysfemme,18
sextoyvibrant,27
sexy,52
shaker,63
shakerproteines,48
shakervinaigrette,78
shampoing,136
shampoingantichute,69
shampoingchien,83
shampoingcolorant,80
shampoingkerastase,74
shampoingloreal,72
shampoingneuse,167
shampoingsanssulfate,67
shampooing,73
shampouineuse,55
shampouineusecanape,562
shampouineusekarcher,97
shampouineusemoquette,837
shampouineusevapeur,73
shark,176
sharkflexstyle,57
sheba,77
shilajit,318
shilajitwellnessnest,50
shoes,51
shokz,139
shokzopenrun,58
shokzopenrunpro2,108
short,51
shortdebainhomme,44
shortfemme,65
shorthomme,143
shorthommenike,62
shortnike,67
shortunderarmour,40
shoxnoir,55
siege,74
siegeauto,1942
siegeauto2ans,71
siegeauto360,64
siegeauto3ans,87
siegeauto4ans,29
siegeautobebe,486
siegeautobebeconfort,74
siegeautobouclier,80
siegeautocybex,138
siegeautoenfant,104
siegeautoenfant3ans,75
siegeautoenfant5ans,64
siegeautoevolutif,86
siegeautogroupe23,53
siegeautoisofix,615
siegeautoisofix9a36kg,22
siegeautoisofixetpivotant,107
siegeautojoie,87
siegeautokinderkraft,76
siegeautolionelo,83
siegeautomaxicosi,17
siegeautonania,82
siegeautopivotant,88
siegeautopourchien,72
siegeautorehausseur,74
siegeautosansisofix,93
siegebalancoire,38
siegebalancoirebebe,79
siegebebe,100
siegecoiffeuse,61
siegedebain,82
siegedebainbebe,101
siegedebureau,153
siegededouche,77
siegedepeche,67
siegedeplage,30
siegeenfantauto4ans,56
siegeenfantvelo,41
siegemassant,57
siegesimulation,44
siegeveloenfant,85
siemens,51
sihoo,21
silenthill2,31
silenthillf,70
silicone,74
silkepil9flex,73
simracing,62
simulateurdeconduite,95
simulateurdeconduiteenfant,34
singe,36
singeinteractif,32
singer,66
siphonchantilly,101
siphonlavabo,85
sirop,47
siropmonin,63
siropsodastream,71
sitram,70
siwak,60
skala,36
skalacheveux,43
skateboard,116
skateboardelectrique,83
skateboardenfant,32
skechers,81
skechersfemme,115
skechershomme,105
sketchuppro,126
ski,71
skimmer,25
skimmerpiscinehorssol,11
skincare,76
skipbo,45
skyjo,386
skyjoaction,36
slime,97
slipfemme,57
sliphomme,87
slushie,72
smarphonepascherdebloque,60
smartbox,96
smartgames,40
smartmax,26
smartphone,2684
smartphone128go,53
smartphone5g,545
smartphone5gpascher,55
smartphoneandroid,57
smartphoneblackview,57
smartphonedoogee,58
smartphonegooglepixel,55
smartphonehonor,88
smartphoneiphone,57
smartphonemotorola,53
smartphoneneuf,39
smartphoneoppo,60
smartphonepascher,334
smartphonepliable,106
smartphonepoco,54
smartphonereconditionne,95
smartphones,955
smartphones5g,72
smartphonesamsung,1174
smartphonesamsung5g,71
smartphonesamsunggrandecran7pouce,49
smartphonesamsungs24,63
smartphonesenior,63
smartphonesony,53
smartphonesxiaomi,27
smartphonetcl,54
smartphonexiaomi,361
smarttag,54
smarttechtv,30
smarttele,63
smarttv,1488
smarttv100pouces,67
smarttv32,50
smarttv40,79
smarttv40pouces,64
smarttv43pouces,89
smarttv4k,56
smarttv50pouces,62
smarttv55pouces,8
smarttv65pouces,62
smarttv80cm,76
smarttvlg,54
smarttvsamsung,96
smartwatch,92
smeg,854
smegcafetiere,125
smegfrigo,61
smeggrillepain,31
smoby,71
smoothie,70
sneakers,82
sneakersfemme,76
snipereliteresistance,46
socleps5,76
sodastream,891
sodastreamconcentre,49
sodastreamduo,75
sodastreamterra,72
sofa,108
soinbebe,31
soincheveux,102
soinvisage,68
sol,76
solaire,84
soldejaneiro,133
solidworks,94
sololeveling,65
solpvc,65
solpvcenrouleau,72
somfy,64
somierlate140x190,93
somierlate160x200,73
sommier,882
sommier120x190,105
sommier140par190,75
sommier140x190,2279
sommier140x190avecpieds,82
sommier140x190avectetedelit,68
sommier140x190sanspieds,70
sommier140x200,161
sommier160,27
sommier160x190,67
sommier160x200,1844
sommier160x200avecpieds,84
sommier160x200avectetedelit,63
sommier180x200,614
sommier1personne,40
sommier1place,68
sommier200x200,115
sommier2personnes,54
sommier2places,31
sommier2x80x200,69
sommier70x190,58
sommier80x190,62
sommier80x200,90
sommier90190,52
sommier90x190,635
sommier90x200,151
sommieralattes,96
sommieralattes140x190,77
sommieralattes160x200,87
sommiercoffre,73
sommiercoffre140x190,71
sommiercoffre160x200,96
sommierelectrique,64
sommierenfer,72
sommieretmatelas140x190,453
sommierlattes140x190,65
sommierlattes90x190,43
sommierlit,69
sommiermatelas,530
sommiermatelas140x200,74
sommiermatelas160x200,95
sommiermatelas90x190,76
sommierpliable,65
sommierpliant140x190,75
sommierplusmatelas,70
sommiertapissier,116
sommiertapissier140x190,648
sommiertapissier140x200,34
sommiertapissier160x200,496
sommiertapissier180x200,89
sommiertapissier80x200,63
sommiertapissier90x190,100
sommiertapissier90x200,54
sommiertapissieretmatelas,23
sonettesansfilsexterieuretanche,81
songmics,102
sonic,81
sonicracingcrossworlds,47
sonicswitch,48
sonicxshadowgenerations,43
sonnette,79
sonnetteaveccamera,74
sonnettesansfil,170
sonnettesansfilaveccamera,118
sonnettesansfilexterieuretanche,76
sonnyangel,262
sono,119
sonocomplete,55
sonodj,57
sonoma,54
sonos,68
sony,96
sonya6400,65
sonya7iii,57
sonya7iv,72
sonywf1000xm5,29
sonywh1000xm4,110
sonywh1000xm5,97
sonywh1000xm6,65
sonywhch720n,30
sonyxm6,18
sonyxperia,100
sonyxperia10vi,55
sonyxperia1ii,55
sonyxperia5ii,59
sonyzv1,60
sonyzve10,57
sopalin,78
sophielagirafe,195
sorbetiere,139
sosouistiti,56
soucoupepotdefleur,108
soufflantsalledebain,64
souffleur,110
souffleurabatterie,120
souffleuraircomprime,70
souffleurdefeuilles,103
souffleurdefeuillesabatterie,386
souffleurmakita,82
souffleurpourpc,28
souffleurryobi,43
souffleurthermique,118
soufleuraspirateurdefeuillessurbatterie,42
soufleurdefeuillessansfil,60
soundcore,63
soupe,37
soupiere,80
soupline,76
souris,471
sourisapple,71
sourisergonomique,61
sourisergonomiquesansfil,117
sourisfilaire,92
sourisgamer,636
sourisgamerlogitech,29
sourisgamersansfil,150
sourislogitech,117
sourisordinateur,83
sourisrazer,68
sourissansfil,944
sourissansfillogitech,85
sourissansfilrechargeable,67
sousmainbureau,81
sousmatelas,58
sousvetementfemme,100
sousvide,70
soutiengorge,96
soutiengorgeavecarmature,48
soutiengorgegrandbonnet,47
soutiengorgesansarmature,46
spa,1153
spa2places,26
spa4places,83
spa6personnes,48
spa6places,73
spabestway,74
spacarre,112
spagonflable,349
spagonflable4places,69
spagonflable6personnes,57
spagonflable8places,43
spagonflableavecjetsmassant,21
spagonflablecarre,21
spagonflableintex,104
spaintex,73
spajacouzzi,39
sparigide,101
sparkingzero,45
spatule,87
spatuleenbois,75
spatuleraclette,69
speedbac,109
spezial,67
spiderfarmer,35
spiderman,358
spiderman2,50
spiderman2ps5,98
spidermanjouet,20
spidermanps4,50
spidermanps5,76
spidey,69
spirographe,30
spiruline,43
splatoon3switch,46
splitfiction,75
sport,145
spot,84
spotencastrable,55
spotexterieur,84
spotify,91
spotifypremium,75
spotled,93
spotledencastrable,20
spotsolaireexterieur,77
sprayantiagression,68
squidgame,59
squishies,48
squishmallows,27
squishy,81
ssd,1070
ssd1to,537
ssd250go,56
ssd2to,148
ssd4to,86
ssd500go,119
ssdcrucial,41
ssdexterne,132
ssdexterne1to,65
ssdinterne,67
ssdinterne1to,57
ssdm2,133
ssdm21to,68
ssdm22to,34
ssdnvme,154
ssdnvme1to,94
ssdnvme2to,69
ssdnvme4to,74
ssdpny,34
ssdps5,138
ssdsamsung,71
ssdsata,92
stabilisateur,52
stabilisateursmartphone,104
stabilo,60
stadetoulousain,59
stanley,77
stanleycup,61
stansmith,123
stansmithfemme,57
stansmithhomme,66
starlink,92
starlyfnettoyeurhautepressionsansfil,72
starwars,71
starwarsoutlaws,44
starwax,77
stationdaccueil,57
stationdechargetelephone,62
stationdemusculation,86
stationdepeche,69
stationdepeinture,69
stationelectriqueportable,112
stationenergie,62
stationmeteo,527
stationmeteoaveccapteurexterieursansfil,127
stationmeteolacrossetechnology,50
statuedejardin,43
steam,96
steamdeck,92
steamdeckconsole,95
steamdeckoled,66
steamer,69
steamone,63
steampod,671
steampod20,66
steampod3,109
steampod4,156
steelseries,61
stellacanape,46
stellarblade,37
step,62
stepper,127
stepperfitness,74
sterilisateur,68
sterilisateurbiberon,138
sterilisateurbocaux,68
sterilisateurelectrique,179
stethoscope,73
stickers,108
stickerscarrelage,57
stickerscuisine,74
stickersmuraux,129
stickersmurauxcuisine,67
stickersmurauxenfant,73
stickerspourvoiture,67
sticktv,68
stihl,106
stitch,634
stitchinteractif,34
stitchjeux,30
stitchpeluche,49
stitchquirespire,123
stoneisland,60
store,302
storebalcon,42
storebambou,41
storebanne,259
storebanneelectrique,21
storebannemanuel350mx3semicoffret,49
storebannesanspercage,18
storebateau,64
storecalifornien,72
storecuisine,71
storeenrouleur,145
storeenrouleurjournuit,69
storeenrouleurjournuitsanspercagepourportefenetre,83
storeenrouleuroccultant,13
storeexterieur,52
storefenetre,128
storejournuit,79
storejournuitsanspercage,129
storeoccultant,60
storeoccultantsanspercage,74
storepergola,19
storeplay,55
storesanspercage,67
storevelux,55
storevenitien,132
storevenitiensanspercage,75
storiomax,46
strangerthings,103
straykids,52
streamdeck,85
streetfighter6,47
string,53
stringfemme,61
stringfemmesexy,73
stringhomme,74
strong,56
structuredelit,70
structuregonflable,53
stumbleguys,31
style4ever,49
stylet,68
styletapple,46
styletipad,141
styletpourecrantactile,37
styletpourtablette,118
stylo,470
stylo3d,224
stylo4couleurs,65
stylobic,65
stylobille,58
styloeffacable,59
stylogel,44
styloipad,63
stylolegami,408
stylopersonnalise,45
styloplume,57
stylostitch,47
suavinex,79
sublimation,70
subwoofer,76
sucette,71
sucettebebe,77
sucettemam,78
sucrebarbeapapa,101
suikoden,56
suiteadobe,74
suiteoffice,45
suividecommande,58
sumsungs23ultra,84
sumsungs24,46
sumsungs24ultra,60
sumup,77
superglue,41
supermario,45
supermario3dworld,49
supermariobroswonder,49
supermariogalaxyswitch,49
supermarioodyssey,41
supermariopartyjamboree,7
supernintendo,55
supersmashbrosultimate,49
suporttelephonedevoiture,61
suporttvmural40a80pouces,82
support,27
supportcanneapeche,20
supportcartegraphique,63
supportcasque,68
supportdoubleecran,75
supportecran,75
supportecranpc,433
supportetagere,65
supportguitare,61
supporthamac,69
supportimprimante,57
supportmachinealaver,93
supportmanette,56
supportmanetteps5,55
supportmicroonde,99
supportmural,26
supportmuraltv,893
supportordinateurportable,146
supportpanneausolaire,58
supportpapiertoilette,83
supportpc,29
supportplante,101
supportpommeaudedouche,78
supportps5,111
supportps5slim,50
supportrideau,58
supportrideausanspercage,63
supporttablette,115
supporttablettevoiture,38
supporttele,85
supporttelephone,180
supporttelephonebureau,62
supporttelephonemoto,88
supporttelephoneportable,65
supporttelephonescooter,56
supporttelephonetrottinette,79
supporttelephonevelo,105
supporttelephoneventouse,62
supporttelephonevoiture,909
supporttelephonevoituremagnetique,38
supporttelevision,70
supporttringlearideaux,64
supporttringlearideauxsanspercage,81
supporttv,420
supporttvmural65pouces,66
supporttvmural75pouces,57
supporttvsurpied,150
supportvelo,72
supportvelomural,29
supportvideoprojecteur,72
supportvolant,80
supportvolantg29,48
surefeed,74
surface,52
surfacelaptop,59
surfacepro,92
surfacepro7,58
surjeteuse,138
surligneur,56
surmatelamemoiredeforme140x190,83
surmatelas,705
surmatelas120x190,72
surmatelas140x190,813
surmatelas140x200,85
surmatelas160x200,563
surmatelas180x200,116
surmatelas200x200,57
surmatelas90x190,124
surmatelas90x200,57
surmatelaschauffant,79
surmatelasemma,64
surmatelasmemoiredeforme,69
surmatelaspourmatelas140x190,110
surmatelaspourmatelas160x200,76
surpresseureau,86
surron,75
survetement,80
survetementadidas,32
survetementadidashomme,61
survetementenfant,105
survetementfemme,138
survetementfemmeadidas,63
survetementfille,66
survetementgarcon,47
survetementhomme,834
survetementhommeadidas,71
survetementhommelacoste,65
survetementhommenike,94
survetementhommepuma,56
survetementhommesergiotacchini,57
survetementhommeunderarmour,63
survetementlacoste,86
survetementnike,50
survetementnikeenfant,68
survetementnikehomme,69
survetementom,62
survie,74
suspension3lampes,51
suspensionbambou,75
suspensionbois,59
suspensionchambre,78
suspensioncuisine,24
suspensionled,62
suspensionluminaire,635
suspensionluminairechambre,75
suspensionluminairecuisine,80
suspensionluminairerotin,85
suspensionluminairesalon,71
suspensionrotin,108
suspensionverre,17
suunto,75
svr,69
swarovski,71
swatch,55
sweat,64
sweatacapuche,46
sweatacapuchehomme,97
sweatadidashomme,34
sweatfemme,67
sweathomme,462
sweathommesanscapuche,43
sweatnike,46
sweatnikefemme,35
sweatplaid,59
sweeek,53
sweek,65
swicht2,66
swiffer,98
switch,3955
switch1,125
switch2edition,39
switch2jeux,74
switch2mariokart,49
switchanimalcrossing,65
switche,25
switche2,786
switchethernet,28
switchjeu,48
switchlite,787
switchliterose,45
switchmario,48
switcholdzelda,47
switcholed,601
switchsport,38
sylvanianfamilies,305
synology,58
synthetiseur,134
synthetiseuryamaha,50
t,78
t300rs,69
tabac,83
tabacchicha,75
tabelletactile,74
table,2101
table10personnes,66
table12personnes,16
table2personnes,71
table4chaise,91
table4chaises,80
table4personnes,72
table6chaises,50
table6personnes,88
table8personnes,75
tableaalangerpliante,276
tableaamanger46personnes,57
tableaamanger6personnes,73
tableaamanger8personnes,42
tableaamangeravecrallonge,52
tableaamangeretchaise,83
tableaamangerextensible1012personne,70
tableaamangerextensiblebois,1087
tableaamangerextensiblebois46personnes,70
tableaamangerextensiblerallonge,214
tableaamangerextensibleronde,81
tableaamangerovale,48
tableaamangerpliante,72
tableaamangerronde,70
tableaamangerronde46personnes,276
tableaamangerrondeextensible,71
tableaamangerrondeextensiblebois,54
tableadessin,57
tableadessinenfant,32
tablealanger,1042
tablealangerbaignoire,105
tablealangerbebe,99
tablealangercommode,31
tablealangermurale,84
tablealangerpliable,81
tablealix,73
tableallongebebe,81
tableamanger,8460
tableamanger120cm,55
tableamanger140cm,32
tableamanger2personnes,69
tableamanger4personnes,80
tableamanger6personnes,95
tableamanger8personnes,85
tableamangeralix,62
tableamangeravec4chaises,66
tableamangeravec6chaises,81
tableamangeravecchaise,558
tableamangeravecchaises,99
tableamangerbeige,73
tableamangerblanche,172
tableamangerblanclaque,59
tableamangerbois,208
tableamangerboisetblanc,29
tableamangerboismassif,73
tableamangercarree,86
tableamangerchaise,76
tableamangerchene,72
tableamangercomplete,38
tableamangercuisine,74
tableamangerdesign,66
tableamangerdore,65
tableamangereffetmarbre,67
tableamangereffettravertin,74
tableamangerenbois,33
tableamangerenverre,136
tableamangeretchaise,90
tableamangeretchaises,58
tableamangerextensible,626
tableamangerextensibleavecchaise,79
tableamangerexterieur,103
tableamangergrise,10
tableamangerindustrielle,62
tableamangerjardin,84
tableamangermarbre,137
tableamangermarron,45
tableamangermoderne,77
tableamangernoir,121
tableamangernoiretblanc,47
tableamangernoyer,98
tableamangerovale,144
tableamangerphoenix,70
tableamangerpiedcentral,62
tableamangerpliable,109
tableamangerplianteavecchaise,19
tableamangerpluschaises,63
tableamangerronde,1075
tableamangerrondeavecchaise,68
tableamangerrondeblanche,32
tableamangerrondebois,27
tableamangerrondeextensible,370
tableamangerrondenoir,73
tableamangerscandinave,71
tableamangertravertin,121
tablearepasser,662
tablearepasserpliable,66
tablearepasserpourcentralevapeur,61
tableatapisser,50
tableau,424
tableauamanger4personnes,94
tableaublanc,101
tableaudecoration,32
tableaudecorationmurale,765
tableaudecorationmuraleaveccadre,57
tableauelectrique,72
tableauenfant,373
tableauliege,67
tableaumagnetique,241
tableaumural,73
tableausalon,77
tableauxpeinturesurtoile,98
tableavecbanc,92
tableavecchaiseencastrable,54
tableavecrallonge,127
tablebalcon,107
tablebar,573
tablebarcuisine,69
tablebarcuisineextensible,60
tablebasse,1043
tablebasseaquarium,53
tablebassearoulette,28
tablebasseavecpoufintegre,71
tablebasseavecrangement,118
tablebassebar,71
tablebassebeige,116
tablebasseblanche,726
tablebasseblancheetbois,63
tablebasseblanclaque,100
tablebassebois,1029
tablebasseboisbar,54
tablebasseboisclair,71
tablebasseboisetblanc,141
tablebasseboisfonce,84
tablebasseboismassif,86
tablebasseboisronde,41
tablebassecarre,133
tablebassecarreeverre,40
tablebassechene,70
tablebassecoffre,68
tablebasseconvertible,63
tablebassedejardin,28
tablebassedesign,92
tablebassedore,45
tablebassedoree,79
tablebasseeffetmarbre,74
tablebasseeffettravertin,96
tablebasseenbois120,52
tablebasseenboisovale,284
tablebasseenverre,529
tablebasseetmeubletv,65
tablebasseextensible,57
tablebasseexterieur,102
tablebassegigogne,154
tablebassegris,32
tablebassegrisbeton,68
tablebassegrise,80
tablebasseidmarket,70
tablebasseindustrielle,103
tablebassejardin,30
tablebasseled,142
tablebassemanguier,63
tablebassemarbre,160
tablebassemarron,107
tablebassemoderne,115
tablebassenoir,605
tablebassenoiretblanc,73
tablebassenoiretbois,146
tablebassenoyer,128
tablebassenuage,77
tablebasseor,28
tablebasseorganique,62
tablebasseovale,138
tablebassepascher,62
tablebassephoenix,70
tablebasseplateaurelevable,128
tablebassepliante,32
tablebassequisereleve,55
tablebasserangementbois,172
tablebasserectangulaire,88
tablebasserelevable,1079
tablebasserelevablebois,38
tablebasserelevableenboisavecrangements,39
tablebasserelevableextensible,83
tablebasseronde,1177
tablebasseronde70cmdiametre,61
tablebasserondeavecrangement,64
tablebasserondeblanche,100
tablebasserondebois,141
tablebasserondeenbois,29
tablebasserondeenverre,18
tablebasserondegigogne,64
tablebasserondenoire,81
tablebasserotin,83
tablebassesalon,3622
tablebassesalonblanche,69
tablebassesalonbois,94
tablebassesalonenverre,76
tablebassesalonled,82
tablebassesalonrelevable,75
tablebassesalonronde,98
tablebassescandinave,102
tablebassetransparente,70
tablebassetravertin,164
tablebassevasagle,106
tablebassevintage,70
tablebillard,68
tablebistrot,78
tableblanche,113
tableblancheetbois,64
tableblanchesalleamanger,75
tablebois,368
tableboisetblanc,100
tableboisexterieur,27
tableboismassif,61
tablecamping,45
tablecarree,109
tablecarreeextensible,97
tableceramique,61
tablechaisebalcon,82
tablechaiseencastrable,60
tablechaiseenfant,99
tablechaisessalleamanger,54
tablechambre,52
tablecoiffeuse,15
tableconsole,136
tableconsoleextensible,169
tableconsolepliante,28
tablecuisine,60
tablecuisineavecrallonges,71
tablecuisinepetitespace,102
tablecuisineplianteavecchaise,43
tabledactivite,56
tabledactivitebebe,77
tabledappoint,601
tabledappointcanape,11
tabledebalcon,111
tabledebillard,58
tabledecamping,78
tabledecampingpliante,78
tabledechevet,2983
tabledechevetavecmultiprise,42
tabledechevetbeige,98
tabledechevetblanc,72
tabledechevetblanche,73
tabledechevetbois,108
tabledechevetconnectee,78
tabledechevetenfant,105
tabledechevetenrotin,65
tabledechevetetroite,23
tabledechevetgris,57
tabledechevetled,84
tabledechevetlotde2,117
tabledechevetmurale,67
tabledechevetnoir,117
tabledechevetronde,60
tabledechevetscandinave,64
tabledechevetsuspendue,35
tabledechevetvasagle,71
tabledecouture,78
tabledecuisine,106
tabledecuisineavecrangement,63
tabledecuisineetchaise,44
tabledecuisinepetitespace,102
tabledecuisineronde,103
tabledecuissoninduction,98
tablededappoint,100
tablededechevet,1634
tablededechevetblanche,69
tablededechevetbois,100
tablededechevetgris,66
tablededechevetled,47
tablededechevetlotde2,58
tablededechevetsuspendu,71
tablededenuit,484
tablededenuitlotde2,93
tabledejardin,649
tabledejardin4personnes,51
tabledejardin8personnes,36
tabledejardinavecchaise,99
tabledejardinenfant,30
tabledejardinenplastique,83
tabledejardinextensible,43
tabledejardinextensible10a12personnes,61
tabledejardinextensible10a8personnesetchaises,61
tabledejardinextensiblealuminium,110
tabledejardinpliante,112
tabledejardinronde,97
tabledejeux,36
tabledejeuxenfant,44
tabledelit,103
tabledemanucure,90
tabledemaquillage,99
tabledemassage,421
tabledemassagepliante,89
tabledemixage,125
tabledemixageenfant,29
tabledentree,57
tabledenuitblanche,72
tabledenuitbois,59
tabledenuitenfant,69
tabledenuitled,68
tabledepingpong,240
tabledepingpongexterieur,62
tabledepingpongexterieuroccasion,59
tabledepingpongpliante,49
tabledepoker,47
tablederepassage,45
tabledesalle,28
tabledesalleamangeravecchaise,97
tabledesalleamangerenboisan160cmextensible,72
tabledesalon,1483
tabledesalonblanche,40
tabledesalonenbois,90
tabledesalonrelevable,62
tabledesalonronde,84
tabledetelevision,100
tabledeterrasse,115
tableeffetmarbre,57
tableenbois,8
tableenboisextensible,65
tableenfant,603
tableenverre,91
tableescamotable,71
tableetchaise,951
tableetchaisedejardin4personnes,90
tableetchaisedejardinplastique,72
tableetchaiseencastrable,80
tableetchaiseenfant,196
tableetchaiseinterieur,84
tableetchaisesalleamanger,107
tableetchaisesalon,67
tableetchaisescuisine,74
tableetchaisesdejardin,308
tableetchaisesdejardin6personnes,86
tableetchaisesexterieur,119
tableetchaisessalleamanger,145
tableextensible,1035
tableextensible12personnes,64
tableextensibleblanche,43
tableextensiblebois,85
tableexterieur,417
tableexterieurextensible,82
tablegaming,120
tablegigogne,276
tablegrise,77
tablehaute,525
tablehauteavectabouret,75
tablehautecuisine,107
tablehautedebar,71
tableidmarket,22
tableilot,49
tableindustrielle,84
tableinox,79
tablejardin6personnesavecchaise,33
tablejardinaluminium,93
tablelego,96
tablelumineusedessin,32
tablemangedebout,73
tablemanucure,110
tablemarbre,115
tablemixagedj,47
tablemultijeux,56
tablemuralerabattable,56
tablenoir,76
tablenoiretbois,10
tablenoyer,105
tableonglerie,93
tableordinateur,48
tableovale,389
tableovaleextensible,86
tableovo,99
tablephoenix,83
tablepingpongexterieur,52
tablepiquenique,90
tablepiqueniqueenfant,70
tableplastique,98
tablepliante,1558
tableplianteavecchaise,70
tablepliantebois,94
tablepliantecamping,61
tablepliantecuisine,114
tablepluschaise,74
tablepourenfant,49
tablepourplancha,41
tablepuzzle,50
tablerectangulaire,77
tablerelevable,109
tablerelevableextensible,55
tablerestaurant,67
tableronde,1889
tableronde100cm,70
tableronde120cm,68
tableronde4chaises,76
tableronde4personnes,32
tableronde6personnes,70
tableronde80cm,55
tableronde8personnes,60
tablerondeavecchaise,127
tablerondeavecchaiseencastrable,27
tablerondeavecrallonge,139
tablerondeblanche,110
tablerondeblancheextensible,70
tablerondebois,153
tablerondedejardin,77
tablerondeenverre,69
tablerondeetchaise,61
tablerondeetchaises,87
tablerondeextensible,1081
tablerondeextensible10personnes,67
tablerondeextensiblebois,85
tablerondeexterieur,71
tablerondemarbre,64
tablerondenoir,22
tablerondepliante,96
tablerondesalleamanger,577
tablerondesalon,70
tablerondescandinave,69
tablesalleamanger,2199
tablesalleamangeravecchaise,146
tablesalleamangeravecrallonge,77
tablesalleamangerbois,95
tablesalleamangerenverre,35
tablesalleamangerextensible,405
tablesalleamangerextensibleavecchaise,74
tablesalleamangerovale,82
tablesalleamangerronde,146
tablesalleamangerrondeextensible,62
tablesalondejardin,115
tablesalonronde,68
tablescandinave,96
tabletele,165
tabletelevision,39
tableterrasse,87
tabletravertin,119
tablette,9097
tablette10pouces,125
tablette11pouces,98
tablette12pouces,91
tablette13pouces,63
tablette14pouces,55
tablette15pouces,60
tablette5g,56
tablette7pouces,50
tablette8pouces,65
tablettea9plus,59
tabletteacer,57
tabletteadessin,69
tabletteandroid,140
tabletteandroid15,32
tabletteapple,1053
tabletteappleipad,55
tabletteapplereconditionne,68
tabletteasus,56
tabletteavecclavier,628
tabletteaveccoque,57
tabletteavecprotection,52
tabletteavecsim,61
tabletteavecstylet,107
tablettebebe,50
tabletteblackview,83
tablettecartesim,58
tablettedessin,49
tablettedessinenfant,46
tablettedoogee,73
tabletteeducative,62
tabletteeducativeenfant,122
tabletteenfant,1999
tabletteenfant10ans,84
tabletteenfant10pouces,99
tabletteenfant3ans,73
tablettefille,51
tablettegaming,94
tablettegraphique,162
tablettehonor,129
tablettehuawei,96
tabletteincassable,54
tabletteipad,181
tabletteipadapple,109
tabletteiphone,90
tablettelavevaisselle,76
tablettelenovo,697
tablettelenovom11,95
tablettelenovop11plus,54
tablettelumineuse,53
tabletteordinateur,122
tablettepascher,103
tablettepourenfantsde4ans,59
tablettereconditionne,81
tabletteredmi,116
tabletterose,77
tablettesamsung,4672
tablettesamsung10pouces,53
tablettesamsunga8,77
tablettesamsunga9,57
tablettesamsunga9plus,276
tablettesamsunga9plus128go,26
tablettesamsungaveccartesim,56
tablettesamsungavecclavier,116
tablettesamsungavecstylet,27
tablettesamsungenfant,59
tablettesamsunggalaxy,107
tablettesamsunggalaxytaba,75
tablettesamsunggalaxytaba9,324
tablettesamsunggalaxytaba9plus,124
tablettesamsungreconditionne,27
tablettesamsungs,52
tablettesamsungs10,99
tablettesamsungs10ultra,71
tablettesamsungs6lite,57
tablettesamsungs9,134
tablettesamsungs9fe,113
tablettesamsungs9feplus,71
tablettesurfacemicrosoft,56
tablettetactile,1012
tablettetactile10pouces,52
tablettetactile11poucessamsung,54
tablettetactile14pouces,63
tablettetactile15pouces,63
tablettetactileavecclavier,50
tablettetactileenfant,69
tablettetactileenfant2ans,52
tablettetactilelenovo,54
tablettetactilesamsung,85
tablettetelephone,51
tablettevtech,40
tablettewindows,13
tablettewindows11,64
tablettexiaomi,914
tablettexiaomipad7pro,65
tabletv,541
tablevasagle,90
tablierdecuisine,89
tabouret,882
tabouretbarreglable,63
tabouretbas,65
tabouretblanc,29
tabouretbois,12
tabouretcoiffeuse,961
tabouretcuisine,110
tabouretdebar,3414
tabouretdebarblanc,73
tabouretdebarbois,97
tabouretdebarexterieur,53
tabouretdebargris,28
tabouretdebarindustriel,28
tabouretdebarlotde2,10
tabouretdebarlotde4,86
tabouretdebarnoir,70
tabouretdebarpivotant,82
tabouretdebarpliable,67
tabouretdebarreglablesenhauteur,118
tabouretdebarrotin,4
tabouretdebarscandinave,58
tabouretdebarvelours,66
tabouretdebureau,74
tabouretdedouche,65
tabouretenbois,15
tabourethaut,70
tabouretilotcentral,41
tabouretpiano,66
tabouretplastique,71
tabouretpliant,119
tabouretreglable,25
tabouretroulette,92
taiedetraversin,139
taiedetraversin140,77
taiedetraversin160,77
taiedoreiller,142
taiedoreiller50x70,151
taiedoreiller60x60,79
taiedoreillerensoie,65
taieoreiller60x60coton,98
taieoreiller63x63,125
taiesdoreillers65x65,57
tailleborduresansfilabatterie,84
taillecrayon,54
taillehaie,277
taillehaiebatterie,341
taillehaieelectrique,99
taillehaieryobi,91
taillehaiestihl,96
taillehaietelecopiqueabatterie,86
taillehaietelescopique,90
taillehaietelescopiqueelectrique,77
taillehaietelescopiquesurbatterie,56
taillehaiethermique,293
tailleurfemme,53
tajine,176
tajineelectrique,62
tajineinduction,97
tajinetoutfeux,74
talkiewalkie,318
talkiewalkiebaofeng,25
talkiewalkieenfant,57
talkiewalkielongueportee,54
talon,45
tamagotchi,76
tamaris,46
tambour,44
tamis,35
tamponjex,59
tancarville,192
tante,41
tapis,2789
tapis120x170,77
tapis160x230,108
tapis200x200,77
tapis200x300,124
tapis240x340,77
tapis300x400,117
tapisalanger,76
tapisantiderapant,81
tapisantivibrationmachinealaver,101
tapisbambou,72
tapisbebe,147
tapisbeige,548
tapisbeige160x230cm,74
tapisberbere,104
tapisblanc,133
tapisbleu,75
tapisboheme,42
tapischambre,1011
tapischambreado,75
tapischambreadulte,75
tapischambrebebe,76
tapischambreenfant,143
tapischambrefille,103
tapischambregarcon,79
tapischauffant,55
tapischien,115
tapiscouloir,555
tapiscreme,76
tapiscuisine,631
tapiscuisineantiderapant,66
tapisdeaubebe,81
tapisdebaignoire,53
tapisdebain,145
tapisdebainantiderapant,87
tapisdebureau,71
tapisdecourse,3047
tapisdecourse150kg,70
tapisdecourseavecinclinaison,75
tapisdecoursecare,72
tapisdecoursecitysport,50
tapisdecourseelectrique,74
tapisdecourseinclinable,433
tapisdecourseinclinaison15,80
tapisdecoursepliable,590
tapisdecoursepliableetinclinableautomatique,103
tapisdedanse,44
tapisdedanseinteractif,21
tapisdedouche,103
tapisdedoucheantiderapant,33
tapisdegym,24
tapisdegymnastique,28
tapisdejardin,110
tapisdejeu,53
tapisdejeux,65
tapisdejeuxbebe,71
tapisdejeuxcarte,40
tapisdejeuxpourenfant,68
tapisdemarche,1681
tapisdemarche10kmhinclinaison,71
tapisdemarche10kmhinclinaison150kg,70
tapisdemarche150kg,59
tapisdemarcheavecinclinaison,46
tapisdemarcheconnecte,45
tapisdemarcheconnectepliableetinclinable,63
tapisdemarcheelectrique,54
tapisdemarcheinclinable,114
tapisdemarcheinclinaison,79
tapisdemarchepliable,128
tapisdemotricite,74
tapisdentree,563
tapisdeplage,20
tapisdepriere,90
tapisdepriereinteractif,80
tapisdepropretepourchien,53
tapisdereceptioncarpe,63
tapisdescentedelit,79
tapisdesol,76
tapisdesolbebe,77
tapisdesolcamping,48
tapisdesolgamer,78
tapisdesouris,818
tapisdesourisblanc,67
tapisdesourisergonomique,54
tapisdesourisgamer,78
tapisdesourisxxl,167
tapisdesport,123
tapisdeveil,742
tapisdeveilbebe,104
tapisdeveilevolutif,144
tapisdeveilfille,38
tapisdevoiture,138
tapisdouche,79
tapisdoux,80
tapisenfant,458
tapisepais,55
tapisescalier,80
tapiseveilbebe,98
tapisexterieur,322
tapisexterieurgrandetaille,35
tapisfaussefourrure,68
tapisfille,57
tapisfoot,60
tapisgamer,126
tapisgris,131
tapisgym,74
tapisinterieur,57
tapisjardin,10
tapisjute,380
tapislaine,57
tapislavable,74
tapislavableenmachine,124
tapislitiere,70
tapislitierechat,77
tapismarron,78
tapismodernesalon,69
tapismousse,78
tapismoussebebe,66
tapismulticolore,67
tapisnoir,115
tapisnoiretblanc,68
tapisoriental,111
tapisovale,62
tapispersan,64
tapispiscine,40
tapispoilslongs,68
tapispuzzle,75
tapisrafraichissantchien,29
tapisrond,526
tapisrond120cm,63
tapisrond160cm,74
tapisrond200cm,66
tapisrondjute,68
tapisrose,121
tapisrotin,24
tapisrouge,82
tapissalleamanger,119
tapissalledebain,143
tapissalon,5892
tapissalon140x200,67
tapissalon160x230,138
tapissalon200x300,535
tapissalonbeige,124
tapissalonblanc,86
tapissalonbleu,69
tapissalongris,107
tapissalonmarron,73
tapissalonnoir,78
tapissalonpascher,73
tapissalonrond,109
tapissalonshaggy,76
tapisserie,80
tapisseriemurale,104
tapisshaggy,126
tapisshaggybeige,64
tapissol,36
tapistaupe,81
tapisterracotta,78
tapisvert,109
tapisvintage,90
tapisvinyle,78
tapisvoitureenfant,42
tapiswc,92
tapisxxl,47
tapisyoga,89
tapple,88
tapplefrancais,10
tapplejeufrancais,32
tariere,106
tarierethermique,93
tariquet,50
tariquetpremieresgrives,38
taser,102
taserdefense,106
tasse,162
tasseacafe,599
tasseathe,79
tasseaudebois,74
tassedoubleparoi,78
tasseexpresso,62
tasseisotherme,65
tassepersonnalisee,68
tassestitch,73
tassimo,569
tassimobosch,72
tatouage,54
tatouageenfant,27
tatouageephemere,75
tazerelectrique,81
tchoupi,53
tcl,129
tcl55,63
tcl65,59
tcl65c89b,34
tclminiled,63
tclqled,63
tcltv,57
tecno,72
tecnosmartphone,92
tectake,100
teenfoncoiffeuse,56
teeno,74
teeshirt,57
teeshirtadidashomme,44
teeshirtfemme,70
teeshirthomme,440
teeshirthommedemarque,23
teeshirthommehumour,23
teeshirthommemanchecourte,88
teeshirthommemanchelongue,16
teeshirtlacoste,41
teeshirtlacostehomme,48
teeshirtlevishomme,41
teeshirtnike,51
teeshirtnikehomme,22
teeshirtpersonnalise,47
teeshirttommyhilfigerhomme,48
teeshirtunderarmour,62
tefal,1046
tefalcrepeparty,71
tefalinduction,98
tefalingenio,501
tefalingenioemotion,65
tefalingenioinduction,99
tefalingenioinox,74
tefalinox,125
tefaloptigrill,72
tefalpoele,83
tefalsnackcollection,72
teinturecheveux,72
teintureideal,51
teinturetextile,79
tekken8,46
tel,62
tele,12
telecommande,82
telecommandecontinentaledison,111
telecommandelg,84
telecommandephilipsdorigine,37
telecommandeportail,90
telecommandeportailcame,63
telecommandeps5,49
telecommandesamsung,133
telecommandesamsungtv,79
telecommandesomfy,62
telecommandetcl,36
telecommandeuniverselle,486
telecommandeuniversellesamsung,29
telecommandeuniversellethomson,62
telefone,66
telegaming,70
telelg,41
telemetrelaser,78
telephone,2129
telephoneaclapet,126
telephoneaclapetsamsung,25
telephoneandroid,84
telephoneapple,62
telephoneasus,62
telephoneatouche,71
telephonebebe,48
telephoneblackview,54
telephonedoogee,49
telephonedoro,66
telephoneenfant,68
telephonefixe,778
telephonefixeavecrepondeur,64
telephonefixeduo,59
telephonefixesansfil,201
telephonefixesansfilavecrepondeur,57
telephonegaming,91
telephonegoogle,64
telephonegooglepixel,45
telephonehonor,78
telephonehuawei,120
telephonehuaweip30pro,45
telephoneincassable,120
telephoneincassable5g,35
telephoneiphone,154
telephoneiphone11,60
telephoneiphone12,61
telephonemoinscher,43
telephonemotorola,62
telephonenokia,67
telephoneoppo,92
telephonepascher,471
telephonepliable,101
telephoneportable,9853
telephoneportable5g,108
telephoneportableaclapet,72
telephoneportableapple,87
telephoneportableatouche,65
telephoneportableblackview,60
telephoneportabledebloque,60
telephoneportabledoogee,29
telephoneportableenfant,33
telephoneportablegooglepixel,61
telephoneportablehonor,97
telephoneportablehuawei,135
telephoneportableincassable,340
telephoneportableiphone11,57
telephoneportableiphone12,86
telephoneportableiphone13,64
telephoneportableiphone14,64
telephoneportableiphonereconditionne,59
telephoneportablemoincher,73
telephoneportablemotorola,59
telephoneportableneuf,57
telephoneportableoppo,92
telephoneportablepliable,82
telephoneportablepoco,53
telephoneportablereconditionne,119
telephoneportableredmi,134
telephoneportablerose,54
telephoneportablesamsung,1437
telephoneportablesamsunggalaxy,602
telephoneportablesamsunggalaxyzflip5,47
telephoneportablesamsungpascher,57
telephoneportablesamsungreconditionne,52
telephoneportablesamsungs24,33
telephoneportablesansforfait,376
telephoneportablesenior,93
telephoneportablesimple,58
telephoneportablewiko,58
telephoneportablexiaomi,124
telephoneportablexiaomiredminote14pro5g,39
telephonereconditionne,335
telephonereconditionnesamsung,51
telephoneredmi,7
telephonesamsung,4908
telephonesamsunggalaxy,95
telephonesamsungpascher,59
telephonesamsungreconditionne,55
telephonesamsungs,63
telephonesamsungs10,21
telephonesamsungs24,71
telephonesamsungsansforfait,77
telephonesamsungzflip,51
telephonesansfil,61
telephonesenior,100
telephonesony,56
telephonewiko,42
telephonexiaomi,152
telescope,470
telescopeastronomiqueadulte,101
telescopeenfant,95
teletcl,65
televiseur,175
televiseur127cm,96
televiseur140cm,65
televiseur190cm,47
televiseur50pouces,79
televiseur55pouces,446
televiseur65pouces,90
televiseur85pouces,59
televiseurcontinentaledison,55
televiseurgrandecran,64
televiseurled,58
televiseurled180cm,69
televiseurlg,72
televiseurmural,48
televiseuroled,63
televiseurphilipsambilight,78
televiseurqled,50
televiseurs,76
televiseursamsung,515
televiseursamsung165cm,60
televiseursmarttv,55
televiseurtcl,103
television,16598
television139cm,94
television140cm,77
television140cm4k,500
television180cm,83
television200cm,14
television60pouces,25
television65pouces,98
television75pouces,86
television80cm,1072
television85pouces,62
televisionambilight,63
televisionconnectee,122
televisionecranplat,96
televisiongrandecran,165
televisionhisense,63
televisionincurve,53
televisionlg,107
televisionpascher,103
televisionsamsung,729
televisionsamsung65pouces,55
televisionsmart,63
televisionsmarttv,281
televisionthomson,109
temu,59
tendeurelastique,64
tendeusedecheveuxhomme,112
tennis,66
tennisfemme,58
tennishomme,53
tensiometre,530
tensiometrebras,136
tensiometreomron,72
tensiometrepoignet,72
tensionmetremedicalbras,67
tente,98
tente4places,43
tente6places,53
tenteantiuvbebe,12
tentedecamping,239
tentedecampinggonflable,54
tentedeculture,51
tentededouche,45
tentedejeupourenfants,52
tentedelit,32
tentedepeche,69
tentedeplage,34
tentedereception,109
tentedetoit,51
tenteenfant,78
tentegonflable,74
tenturemurale,75
tenuecyclisme,71
tenuedesportfemme,67
tenuesexy,65
tenuesexyfemme,46
terrarium,131
terrariumpourtortueterrestre,72
terrascape,70
terrasse,104
terrassebois,52
terreau,117
terreauuniversel,79
terredediatomee,99
terredhermes,39
tesla,67
testdegrossesse,97
testeurdebatterievoiture,64
testeurdepiles,78
testeurelectrique,26
testeurph,70
testosterone,69
teteacoiffer,298
teteacoifferbarbie,27
teteacoifferenfant,31
teteacoifferprofessionnel,70
tetedebroussailleuse,62
tetedechargeur,59
tetededebroussailleuse,79
tetededebroussailleuseuniverselle,47
tetedelit,2042
tetedelit120,67
tetedelit140,637
tetedelit140190,71
tetedelit140avecrangement,79
tetedelit140bois,65
tetedelit140capitonnee,129
tetedelit160,798
tetedelit160avecrangement,63
tetedelit160beige,74
tetedelit160capitonnee,84
tetedelit160tissus,60
tetedelit160x200,78
tetedelit180,142
tetedelit180x200,71
tetedelit200,66
tetedelit200x200,34
tetedelit90,54
tetedelitbeige,67
tetedelitblanche,31
tetedelitled,69
tetedelitrangement,46
tetedelitrotin,130
tetedelitrotin140,66
tetedelitrotin160,60
tetedoreiller,78
tetinebebe,124
tetinemam,121
tetinephilipsavent,80
tetinetommeetippee,66
teverun,69
the,109
thecatherine,63
thecrewmotorfest,59
theframe,66
theiere,195
theiereelectrique,114
theiereenverre,55
thelastofus,73
thelastofuspart2,48
thelastofusps5,48
theminceur,68
thenorthface,102
theordinary,85
thermalright,62
thermocollant,48
thermometre,148
thermometreauriculaire,74
thermometrebain,13
thermometrebainbebe,80
thermometrebebe,80
thermometrecuisine,100
thermometredebain,81
thermometreexterieur,98
thermometrefrontal,139
thermometreinterieur,131
thermometreinterieurexterieur,61
thermometremedical,73
thermometrepiscine,56
thermomix,906
thermomixtm5,20
thermomixtm6,105
thermomixtm7,170
thermoplongeur,83
thermos,130
thermosacafe,54
thermoscafe,75
thermostat,54
thermostatconnecte,67
thinkpad,79
thomson,72
thrustmaster,73
tictacboum,36
timberland,488
timberlandfemme,53
timberlandhomme,136
timeco,79
timer,87
timesup,39
tineco,2251
tinecofloorones5,115
tinecofloorones5extreme,58
tinecofloorones7pro,474
tinecofloorones7stretchultra,136
tinecoflooronestretchs6,66
tinecoifloor5breeze,36
tinecos3,81
tinecos5,391
tinecos5combo,80
tinecos6,172
tinecos6strech,80
tinecos7,192
tinecos7pro,68
tinecos7steam,7
tinecos7stretchultra,71
tinecos9,146
tipi,40
tipienfant,71
tiptoi,37
tiralarc,47
tirebouchon,71
tirebouchonelectrique,81
tirelait,601
tirelaitelectrique,123
tirelaitelectriquemomcozy,86
tirelaitmainlibre,70
tirelire,114
tirelireadulte,35
tirelireelectronique,52
tirelireenfant,73
tireuse,56
tireuseabiere,685
tiroir,122
tiroircoulissant,80
tiroircoulissantpourmeubledecuisine,91
tiroirderangement,72
tiroirlit,73
tissagecheveuxhumain,61
tissot,55
tissu,61
tissudameublementpourcanape,62
tissusaumetre,76
titanic,28
tmax,58
tn,1006
tnenfant,308
tnfemme,64
tnhomme,369
tnnoir,89
tnrose,56
tnt,26
tnutility,57
toaster,84
toblerone,60
toboggan,471
tobogganavecbalancoire,43
tobogganbebe,75
tobogganenfantexterieur,105
tobogganinterieur,57
tobogganpourpiscine,36
toboggansmoby,95
toile,78
toileapeindre,29
toileciree,123
toilecireeaumetre,27
toiledelitcabane,41
toiledepaillage,98
toiledetente,57
toiledetentegonflable,42
toiledeverre,67
toiledombragepourpergola,11
toilepergola,63
toilepergola4x3,14
toilettebebe,78
toilettecamping,20
toilettecampingpliante,48
toiletteenfant,95
toilettejaponaise,78
toiletteportable,54
toilettesseches,50
toilevideoprojecteur,34
toledetoiture,79
toleondulee,71
tombraider,51
tommeetippee,29
tommyhilfiger,57
tommyhilfigerfemme,44
tommyhilfigerhomme,82
tondeuse,754
tondeuseabatterie,353
tondeuseaessence,98
tondeuseagazon,719
tondeuseagazonelectrique,107
tondeuseagazonsurbatterie,95
tondeuseautoportee,370
tondeuseautotractee,97
tondeusebabylisspro,35
tondeusebarbe,764
tondeusebarbehomme,64
tondeusebarbephilips,66
tondeusebikini,64
tondeusecheveux,1197
tondeusecheveuxbabyliss,101
tondeusecheveuxetbarbe,146
tondeusecheveuxhomme,67
tondeusecheveuxphilips,58
tondeusecheveuxprofessionnelle,62
tondeusecheveuxprofessionnellesansfil,59
tondeusecheveuxsansfil,75
tondeusecorpshomme,64
tondeusedebroussailleuse,101
tondeusedefinition,74
tondeuseelectrique,337
tondeuseelectriquebatterie,50
tondeuseelectriquefilaire,72
tondeuseelectriquesansfil,69
tondeuseenfant,47
tondeusefemme,69
tondeusegazonbatterie,124
tondeusehomme,91
tondeuseintimefemme,62
tondeusejardin,111
tondeusemanuelle,107
tondeusemouton,72
tondeusemulching,92
tondeusenez,72
tondeusenezetoreilles,74
tondeusepanasonic,71
tondeusephilips,67
tondeusepourchien,102
tondeuseryobi,71
tondeusesansfil,41
tondeusescheppach,32
tondeusethermique,550
tondeusethermiqueautotractee,117
tondeusethermiquedemarrageelectrique,85
tondeusethermiquehonda,73
tondeusethermiquetractee,37
tondeusewahl,133
tonelledejardin,84
tonelledejardin4x3,93
tonellepliante6x3,17
tong,53
tonghomme,58
tongsfemme,64
toniebox,462
toniebox2,52
tonies2,38
toniesfigurine,336
toniesgabby,17
toniespatpatrouille,19
toniesstitch,28
tonneaubar,84
tonnelle,510
tonnelle3x3,94
tonnelle3x4,93
tonnelle3x6,100
tonnelle4x3,14
tonnellebois,31
tonnelledejardin,240
tonnellepliante,277
tonnellepliante3x3impermeable,85
tonnellepliante3x6,24
tooliartfeutreacrylique,22
topcase,62
topcoat,71
topdon,77
topicrem,75
topicremmela,77
toploader,50
toppik,23
topsoftware,68
torche,40
torchon,87
torchonsdecuisine,143
tortue,79
tortueninja,17
tortuesninja,19
toshiba,59
tossit,27
totebag,14
toupie,73
toupiebeyblade,96
toupiebeybladex,129
toupiepokemon,27
tour,70
tourabois,82
tourdapprentissage,80
tourdecontrolepatpatrouille,31
tourdecou,72
tourdelit,107
tourdelit140x190,93
tourdelit160x200,58
tourdelitbebe,364
tourdelittresse,69
tourdepotier,44
tourderangement,120
tourderangementplastique,74
tourdeson,71
tourdobservation,501
tourdobservationenfant,78
tourdobservationpliable,66
touretameuler,65
tourgamer,168
tourmultiprise,79
tournebroche,87
tournedisque,152
tournedisquevinyle,64
tournevis,118
tourneviselectrique,94
tournevisprecision,78
tourordinateur,97
tourpc,491
tourpcgamer,103
tourpcgamercomplet,66
tourpcgamervide,55
tourpcgaming,22
tourpcwindows11,497
tout,52
toystory,50
tplink,62
tplink4g,64
traceurgpsenfant,54
traceurgpssansabonnement,111
traceurpourvoiture,54
trackergps,116
tracteur,58
tracteurapedales,37
tracteurelectrique,54
tracteurelectriqueenfant,62
tracteurenfant,65
tracteurjouetenfant,41
tracteurtelecommande,34
tracteurtondeuse,403
tracteurtondeuseautoporteeoccasion,76
traction,66
traducteurecouteur,86
traducteurvocalsansinternet,57
train,30
traindenoel,20
trainelectrique,53
trainlego,47
traiteau,65
traitementduboisxylophene,58
trampoline,605
trampoline305cm,76
trampolineavecfilet,76
trampolinebebe,80
trampolineenfant,71
trampolineenfantavecfilet,36
trampolineexterieur,30
trampolineinterieur,56
trampolinerectangulaire,73
trancheuse,79
trancheuseasaucisson,81
trancheuseelectrique,168
trancheusejambon,86
transat,387
transat2places,44
transatbaindesoleil,285
transatbeaba,35
transatbebe,1306
transatbebeelectrique,81
transatbebeevolutifchaisehaute,65
transatdebain,82
transatdejardin,49
transatdeplage,16
transatdouble,79
transatepourbebe,76
transatjardin,91
transatpliable,44
transatupanddown,76
transformateur220v12vcourantcontinu,73
transformers,45
transmetteurbluetooth,26
transmetteurfmbluetoothvoiture,104
trappedevisite,58
traversin,612
traversin140,133
traversin140ferme,60
traversin160,120
traversin90cm,77
travisscott,56
traxxas,21
treillis,53
treillisbois,36
treillispourplantesgrimpantes,76
trenchfemme,52
trepied,79
trepiedappareilphoto,73
trepiedgaz,66
trepiedtelephoneportable,121
trepiedvideoprojecteur,63
tresorx,40
tressedelit,154
tressedelit4m,87
treteauxpliables,21
treuil,68
treuilelectrique12v,86
tribesigns,63
tricotin,48
tricycle,64
tricycleadulte,56
tricycleadulteelectrique,77
tricyclebebe,54
tricycleelectrique,61
tricycleenfant,63
tricycleevolutif,357
tricycleevolutifbebe,77
trieur,65
tringle,76
tringlearideaux,567
tringlearideauxbois,14
tringleextensible,63
tringleextensiblesanspercage,28
tringlerideau,93
tringlerideauextensible,4
tringlerideausanspercageextensible,338
tringlerideaux,65
tringlerideauxsanspercage,70
trio,40
triomino,61
trivialpursuit,40
trompette,60
tronconneuse,410
tronconneuseabatterie,537
tronconneuseelagueuse,88
tronconneuseelectrique,150
tronconneuseelectriquesansfil,71
tronconneusestihl,107
tronconneusethermique,860
tronconneusethermiquehusqvarna,50
tronconneusethermiquestihl,111
tropeziennefemme,7
trotineteelectrque,73
trotinette,97
trotinette3roues,37
trotinetteados,79
trotinetteadulte,76
trotinetteavecsiege,66
trotinettebebe,77
trotinetteelectrique,12195
trotinetteelectrique1000w,77
trotinetteelectrique45kmh,75
trotinetteelectriqueado,72
trotinetteelectriqueadolescent,68
trotinetteelectriqueadulte,786
trotinetteelectriqueadulte150kg,693
trotinetteelectriqueavecsiege,399
trotinetteelectriquedualtron,98
trotinetteelectriqueenfant,1196
trotinetteelectriqueenfant10ans,75
trotinetteelectriqueg2,97
trotinetteelectriquejoyor,35
trotinetteelectriquekukirin,105
trotinetteelectriquekukiring2,82
trotinetteelectriqueninebot,81
trotinetteelectriqueootdt10,64
trotinetteelectriquepliable,30
trotinetteelectriquercb,55
trotinetteelectriquescooter,71
trotinetteelectriquesiege,70
trotinetteelectriquetoutterrain,107
trotinetteelectriqueurbandglid,83
trotinetteelectriquexiaomi,619
trotinetteenfant,990
trotinetteenfant10ans,59
trotinetteenfant3roue,61
trotinetteenfant5ans,68
trotinetteevolutive,60
trotinettefille,78
trotinettefreestyle,121
trotinettefreestyleadulte,67
trotinettefreestyleenfant,64
trotinetteglobber,58
trotinettekukirin,52
trotinettelectriqueavecdesclefs,32
trotinettepatpatrouille,71
trotinettespiderman,55
trotinettetoutterrain,73
trotinettexiaomi,88
trotinnetteelectiqueadulte,69
trotro,31
trotteur,394
trotteur4en1,75
trotteurbebe,715
trotteurbebe6mois,24
trotteurbebefille,81
trotteurbebegarcon,39
trotteurfille,32
trottinette,952
trottinette2ans,73
trottinette3roues,72
trottinetteadulte,66
trottinettebebe,34
trottinettedualtron,72
trottinetteelectrique,1723
trottinetteelectrique1000w,72
trottinetteelectrique150kg,42
trottinetteelectrique2000w,97
trottinetteelectrique500w,68
trottinetteelectrique50kmh,110
trottinetteelectrique800w,54
trottinetteelectrique80kmh,85
trottinetteelectriqueadulte25kmh,57
trottinetteelectriqueadultepliable,47
trottinetteelectriqueadultepuissante,71
trottinetteelectriquedoublemoteur,64
trottinetteelectriquedualtronmini,47
trottinetteelectriqueenfant,71
trottinetteelectriqueenfant12ans,67
trottinetteelectriqueenfant6ans,29
trottinetteelectriqueenfant8ans,63
trottinetteelectriqueenfantde10ans,57
trottinetteelectriqueescooter,346
trottinetteelectriquehaloknight,56
trottinetteelectriquekukirin,41
trottinetteelectriquekukiring2,75
trottinetteelectriquekukiring2master,25
trottinetteelectriquekukiring2max,70
trottinetteelectriqueninebot,59
trottinetteelectriquepascher,206
trottinetteelectriquepneuincrevable,56
trottinetteelectriquepourenfants,63
trottinetteelectriquepuissante,79
trottinetteelectriquesegway,62
trottinetteelectriqueurbanglide,92
trottinetteenfant3ans,46
trottinetteenfant6ans,64
trottinetteenfant8ans,61
trottinettefreestyle,67
trottinettefreestyleadolescent,63
trottinetteg2,78
trottinettekukirin,74
trottinettekukiring2,79
trottinetteninebot,65
trottinettescooter,72
trottinettestitch,60
trottinetteurbanglide,58
trousse,86
troussebebe,81
troussedesecours,85
troussedesoinbebe,116
troussedetoilette,77
troussedetoilettebebe,95
troussedetoilettecabaia,49
troussedetoilettefemme,93
troussedetoilettehomme,122
trousseeastpak,90
trousselegami,114
troussemaquillage,40
trousseminecraft,58
troussescolaire,63
troussestitch,78
trtinetteelectriquepouradulte,71
trust,78
tshirt,92
tshirtadidashomme,48
tshirtfemme,49
tshirthomme,88
tshirthommemanchecourte,109
tshirtmancheslongueshomme,50
tshirtnike,7
tshirtsport,48
tshirtunderarmour,63
tubeuseacigarette,111
tubeuseatabac,44
tubeusecigaretteelectronique,101
tuemoucheelectrique,43
tuniquefemme,21
tunnelenfant,59
tunnelpourchat,73
tupperware,138
tupperwareenverre,38
tupperwareverre,90
turbineaglace,64
turbulette,65
turtlebeach,63
tuteurplante,84
tuteurtomate,18
tuttutanimo,24
tuttutbolide,66
tuyau,43
tuyauaircomprime,33
tuyauclimatiseurmobile,41
tuyaudarrosage,328
tuyaudarrosageextensible,89
tuyaudegaz,94
tuyaugazbutane,83
tuyaugazdeville,38
tuyaupiscine,33
tv,840
tv100cm,620
tv100pouces,86
tv102cm,26
tv108cm,91
tv109cm,77
tv110cm,81
tv120cm,132
tv120hz,86
tv125cm,40
tv126cm,76
tv130cm,78
tv139cm,51
tv144hz,58
tv150cm,81
tv160cm,151
tv164cm,103
tv170cm,54
tv180cm,45
tv189cm,58
tv190cm,213
tv200cm,86
tv215cm,50
tv216cm,44
tv24pouces,97
tv32,63
tv32poucesconnectee,41
tv32poucesfullhdsmarttv,92
tv32pousse,68
tv42pouces,55
tv43pouces,397
tv4k,897
tv4k120hz,70
tv4k65pouces,51
tv50,63
tv50pouces,462
tv50poucesled127,53
tv55pouces,606
tv55poucesled,105
tv55poucesoled,91
tv58pouces,52
tv60cm,110
tv60pouces,67
tv65pouces,1037
tv65poucesqled,53
tv70cm,51
tv70pouces,75
tv75pouces,460
tv75poucesoled,87
tv80pouces,65
tv85poucestcl,54
tv8k,26
tv98pouces,62
tvambilight,106
tvandroid,104
tvaveclecteurdvd,49
tvblanche,78
tvbox,82
tvchambre,58
tvconnectee,1594
tvconnectee80cm,67
tvconnecteesamsung,38
tvconnecteewifi,116
tvconnecteewifi100cm,61
tvconnecteewifi80cm,56
tvcontinentaledison,337
tvgamer,74
tvhisense,104
tvhisense55pouces,20
tvhisense65pouces,51
tvhisense75pouce,38
tvincurve,87
tvled,109
tvled55poucesamsung,10
tvled85pouces,119
tvled90pouces,58
tvledwifi60cm,60
tvlg,122
tvlg55pouces,57
tvlg65pouces,67
tvlg75pouces,51
tvlgoled,67
tvminiled,60
tvoled,607
tvoled65pouces,90
tvpanasonic,36
tvphilips,183
tvphilipsambilight65pouces,56
tvpiedcentral,65
tvqled,479
tvqled43pouces,61
tvqled55pouces,56
tvqled65pouces,81
tvqled75pouces,54
tvqledhisense,57
tvqledsamsung,58
tvreconditionne,66
tvsamsung,1357
tvsamsung140cm,67
tvsamsung190cm,57
tvsamsung32pouces,56
tvsamsung43pouces4k,59
tvsamsung4k,78
tvsamsung4koled,127
tvsamsung50pouces,67
tvsamsung55pouces,105
tvsamsung65pouces,81
tvsamsung75pouces,100
tvsamsung75poucesqled,72
tvsamsung80cm,59
tvsamsung85pouces,73
tvsamsungoled,52
tvsamsungqled4k65pouces,51
tvsmartwifi24pouces,50
tvsony,98
tvstick,69
tvtcl,114
tvtcl50pouces,53
tvtcl55pouces,65
tvtcl55poucesqled,44
tvtcl65pouces,63
tvtcl75pouces,67
tvtoshiba,7
tvwifi,97
twister,40
uby,63
uby3,64
uby4,66
ufc,39
ufc5,68
ugg,490
uggfemme,130
ugglowmel,52
uggtazz,52
ugreen,91
ukulele,35
ulefone,49
ultenic,114
ultenicac1elite,80
ultenicu16flex,79
ultenicu20,80
uncharted,24
underarmour,441
underarmourhomme,50
unitecentrale,362
unitecentralegamer,41
unitecentralepc,56
unitecentralewindows11,50
unlock,35
uno,111
unoextreme,43
unonomercy,45
urbanglide,230
uriage,79
usb,87
usbc,70
ustensiledecuisineenbois,73
ustensilesbarbecue,12
ustensilesdecuisine,681
ustensilesdecuisineenfant,21
ustensilesdecuisineinox,77
v,69
vagin,68
vaginette,108
vaiana,52
vaillantparfum,43
vaisselier,925
vaisselierblanc,63
vaisseliercuisine,75
vaisseliervitrine,62
vaisselle,632
vaisselledenoel,72
vaisselledetable,107
vaissellejetable,76
valberg,69
valentino,56
valetdechambre,109
valise,2190
valise23kg,66
valise40x30x20,105
valise55cmx35cmx25cm,47
valise65cm,65
valise75cm,54
valisearoulette,64
valisecabine,660
valisecabine45x36x20,50
valisecabine45x36x20easyjet,61
valisecabine55x35x25,69
valisecabine55x40x20cm,72
valisecabinedelsey,44
valisedelsey,84
valisediagnosticauto,580
valisediagnosticautomultimarque,67
valiseenfant,106
valiseentissu,61
valisegrandetaille,77
valiseguess,57
valisekono,56
valisemaquillage,49
valisemoyenne,34
valisepollypocket,27
valiserigide,27
valiserose,73
valisesamsonite,81
valisesouple,76
valisesoute,395
valisesoute23kg,76
valisestitch,52
valisexl,49
valisexxl,51
valorant,25
vanessawu,68
vanille,62
vanity,102
vans,433
vansenfant,68
vansfemme,51
vanshomme,60
vansknuskool,119
vape,72
vapeur,53
vapeurnettoyeur,57
vaporesso,72
vaporetto,113
vaporisateur,68
vaporisateurhuile,137
vapormax,64
vapoteuse,59
vapoteusecigaretteelectronique,113
vasagle,599
vasagleconsole,59
vasaglemeubleachaussures,65
vasaglemeublesalledebain,103
vasaglemeubletv,73
vase,567
vaseline,87
vasque,101
vasqueaencastrer,60
vasqueaposer,154
vasquesalledebain,93
vbucksfortnite,58
veilleuse,505
veilleusebebe,444
veilleusecoranique,80
veilleusedetecteurdemouvement,66
veilleuseenfant,129
veilleusetortue,68
veleda,79
velo,1249
velo12pouces,79
velo12poucesfilles,29
velo14pouces,82
velo16pouces,98
velo18pouces,46
velo20pouces,122
velo20poucesfille,78
velo20poucesgarcon,69
velo24pouces,123
velo24poucesfille,99
velo24poucesgarcon,68
velo26pouces,99
velo26poucesgarcon,57
velo2ans,55
velo3rouesadulte,44
velo4ans,77
veloappartementconnecte,67
velobebe,318
velobebe1ans,62
velobebe2ans,55
velocargo,57
velodappartement,1466
velodappartementavecselle,22
velodappartementpliable,359
velodecourse,73
veloderoute,6
velodesport,81
velodeville,63
velodevillefemme,75
veloeelectriqueville,88
veloelectrique,4397
veloelectrique1000watts,56
veloelectrique2000w,74
veloelectrique20poucespliant,31
veloelectrique500w,63
veloelectriqueadulte,77
veloelectriquecargo,78
veloelectriqueenfant,67
veloelectriqueengwe,67
veloelectriquefemme,269
veloelectriquegrosseroue,60
veloelectriquehitway,63
veloelectriquehomme,133
veloelectriquepascher,65
veloelectriquepliable,537
veloelectriqueridstar,63
veloelectriquesanspedales,66
veloelectriquesurpass,22
veloelectriquetoutterrain,69
veloelectriquevtt,78
veloeliptiquedappartement,84
veloelliptique,329
veloenfant,1224
veloenfant10ans,101
veloenfant12ans,70
veloenfant14ans,71
veloenfant14pouces,93
veloenfant16pouce,78
veloenfant20pouces,62
veloenfant24pouces,92
veloenfant2ans,66
veloenfant3ans,513
veloenfant4ans,104
veloenfant5ans,86
veloenfant6ans,114
veloenfant7ans,73
veloenfant810ans,70
veloenfant8ans,75
veloenfant9ans,73
veloenfantfille,76
veloenfantgarcon,72
veloevolutif,54
veloevolutifbebe,71
velofemme,253
velofille,131
velofille10ans,63
velofille14pouces,84
velofille16pouces,74
velofille18pouces,80
velofille20pouces,95
velofille4ans,81
velofille5ans,76
velofille6ans,77
velofille7ans,77
velofille8ans,79
velogarcon,71
velogravel,78
velohomme,111
velohomme28pouces,69
velomoto,77
velopatpatrouille,82
velopliant,113
velopourenfantde3ansfille,69
velopoussette,57
veloreinedesneiges,69
velorockrider,80
veloroute,92
velospiderman,93
velostitch,71
veloville,76
velovtt,93
velovtthomme,82
velux,75
vendusetexpediesparcdiscount,75
venissemipermanent,46
venom,33
venteaperte,62
venteflash,53
ventilateur,475
ventilateuramain,59
ventilateurantimouche,30
ventilateuravectelecommande,23
ventilateurbrumisateur,106
ventilateurclimatiseur,26
ventilateurcolonne,153
ventilateurcolonnesilencieux,24
ventilateurcou,37
ventilateurdebureau,37
ventilateurdeplafondaveclumiere,67
ventilateurdeplafondavectelecommande,29
ventilateurdeplafondcreate,64
ventilateurdepoche,30
ventilateurdesol,48
ventilateurdetable,85
ventilateurdyson,107
ventilateurindustriel,24
ventilateurmural,38
ventilateuroceanic,77
ventilateurpcportable,63
ventilateurplafond,392
ventilateurplafondchambre,14
ventilateurplafondled,52
ventilateurplafonnier,77
ventilateurpoeleabois,236
ventilateurportable,59
ventilateurpourpoeleagranule,66
ventilateurps5,91
ventilateurrechargeable,36
ventilateurrowenta,44
ventilateurrowentaturbosilence,24
ventilateursanspale,33
ventilateursurpied,135
ventilateursurpiedsilencieux,9
ventilateursurpiedtelecommande,48
ventilateurultrasilencieux,22
ventilateurusb,85
ventilateurvoiture,13
ventirad,120
ventiradam4,49
ventouse,92
venu2s,57
venum,57
veranda,75
vermifugechat,112
vermifugechien,95
vernis,72
vernisaongles,128
vernisbois,83
vernissemipermanentlot,74
verre,546
verreabiere,117
verreacafe,64
verreacocktail,60
verreaeau,151
verreapied,69
verrearicard,57
verreavin,172
verreawhisky,76
verredoseur,86
verreduralex,51
verreplastique,72
verretrempe,131
verretrempeantiespioniphone13,62
verretrempehuaweip30lite,56
verretrempeiphone11,91
verretrempeiphone12,122
verretrempeiphone12mini,51
verretrempeiphone13,291
verretrempeiphone13mini,27
verretrempeiphone13pro,61
verretrempeiphone13promax,53
verretrempeiphone14,195
verretrempeiphone14plus,52
verretrempeiphone14pro,27
verretrempeiphone14promax,27
verretrempeiphone15,157
verretrempeiphone15pro,34
verretrempeiphone15promax,52
verretrempeiphone16,103
verretrempeiphone16pro,55
verretrempeiphone16promax,60
verretrempeiphonexr,56
verretremperedmi14c,52
verretremperedminote13,48
verretremperedminote13pro5g,57
verretrempes21ultra,41
verretrempes22,66
verretrempes22ultra,69
verretrempes23,58
verretrempes23ultra,82
verretrempes24,55
verretrempes24ultra,52
verretrempesamsunga14,59
verretrempesamsunga15,26
verretrempesamsunga16,76
verretrempesamsungs21,28
verretrempesamsungs22,51
verretrempesamsungs24,34
verriere,119
verriereinterieur,71
verrines,91
verrinesenverre,78
verrinesplastiquestransparentes,88
verroudeporte,79
versace,64
vespa,59
vespaelectriqueenfant,55
veste,86
vesteadidas,46
vesteadidashomme,42
vestechauffante,104
vestechauffanteavecbatterie,41
vestecuirfemme,42
vestecuirhomme,53
vestedetravailhomme,79
vesteenjeanfemme,54
vestefemme,107
vestehiverfemme,31
vestehiverhomme,40
vestehomme,578
vestehommehiver,47
vesteimpermeablehomme,57
vestekway,44
vestelacoste,24
vestelacostehomme,32
vestemoto,70
vestemotohomme,64
vestenike,68
vestenikehomme,48
vestepolairefemme,77
vestepolairehomme,60
vestesansmanchehomme,39
vestethenorthface,52
vesteunderarmour,56
vestiaire,70
vestiairedentree,593
vetement,30
vetementbarbie,29
vetementbebe,106
vetementbebefille,49
vetementbebegarcon,23
vetementenfant,74
vetementenfantfille,20
vetementfemme,507
vetementfemmegrandetaille,27
vetementfille,42
vetementhomme,579
vetementlabubu,22
vetements,56
vetementspourfemmes,24
veuveclicquot,65
vevor,106
viagra,144
viagrapourhommes,86
viande,71
vibox,59
vibrapro,76
vibrateursexhomme,55
vibromasseur,589
vibromasseurfemme,57
vibromasseurhomme,67
vibromasseurpourclitoris,69
vicks,50
victoriasecret,121
victorinox,75
victus,58
vidaxl,467
vidaxlcanape,66
videoprojecteur,2206
videoprojecteur4k,497
videoprojecteurandroid,62
videoprojecteurhomecinema,32
videoprojecteurphilips,16
videoprojecteurportable,74
videoprojecteurprojecteurportable,74
videoprojecteurprojecteurportablewifietbleutooth,82
videoprojecteursamsung,55
vileda,501
viledah2pro,75
viledaturbo,59
viledaultramax,19
villagedenoel,33
vin,558
vinaigreblanc,72
vinblanc,120
vinblancmoelleux,63
vinbordeaux,56
vindebourgogne,53
vinrose,78
vinrouge,488
vinrougebourgogne,64
vinrougedebordeauxenpromo,99
vins,12
vintage,28
vinyle,123
violon,71
vipcdav,63
vis,88
visabois,84
viseusedevisseusesansfil,97
visio,56
visiophone,100
visiophonefilaire,76
visiophonesansfil,81
visseuse,207
visseuseachoc,107
visseuseachocmakita,65
visseuseaplaco,57
visseusebosch,78
visseusedevisseusesansfil,639
visseusedewalt,61
visseusemakita,80
visseuseplaco,67
vitamineb12,73
vitaminec,94
vitamined,75
vitamines,79
vitrearriereiphone12,97
vitrearriereiphone12mini,55
vitrearriereiphone13,108
vitrine,1444
vitrineblanche,61
vitrineblanclaque,67
vitrinebois,70
vitrinecollection,126
vitrineenverre,582
vitrineled,70
vitrinemurale,92
vitrinenoir,64
vitrinerefrigeree,64
vitrinesalleamanger,113
vitrinesalon,134
vitroceramique,74
vivo,111
vivox200pro,61
vivox200ultra,81
vivoxfold3pro,17
vmc,120
vodka,97
voilage,448
voilageblanc,74
voiledhivernage,54
voiledombrage,248
voiledombrage4x5,23
voirmescommandes,71
voiture,362
voitureapedalespourenfants,22
voiturebarbie,46
voiturebebe,63
voiturebebe12mois,51
voiturecars,33
voitureelectrique,71
voitureelectrique2places,56
voitureelectriqueenfant,820
voitureelectriqueenfant24v,53
voitureelectriqueenfant2places,46
voitureelectriqueenfantbmw,55
voitureelectriqueenfantrose,31
voitureenfant,73
voitureenfant2ans,45
voiturehotwheels,48
voiturejouet,36
voitureminiature,30
voiturepatpatrouille,54
voitureplaymobil,34
voiturepolice,24
voiturepourenfant,62
voitureradiocommandee,46
voiturerc,35
voituresanspermis,62
voiturespiderman,28
voituretelecommandeavecbatterierechargeable,6
voituretelecommandedrift,14
voituretelecommandee,478
voituretelecommandeeadulte,10
voituretelecommandeelamborghini,11
voituretelecommandeenfant,22
voituretelecommandeetoutterrain,24
voituretelecommandefille,19
voituretelecommandepuissantetoutterrain,35
voituretelecommandespiderman,24
voitureteleguidee,29
voiturethermique,52
volant,92
volantetpedalesps5,47
volantf1,45
volantgaming,47
volanthori,28
volantlogitech,76
volantlogitechg29,35
volantpc,329
volantps4,127
volantps5,819
volantswitch,63
volantthrustmaster,59
volantxbox,108
volantxboxseriex,45
voletroulant,85
voletroulantelectrique,84
voletroulantmanuel,68
voletroulantsolaire,77
voliere,83
voliereexterieur,82
voliereexterieurpouroiseaux,79
voliereinterieurpouroiseaux,72
voliereoiseaux,77
vomero5,71
voyagesenterredumilieu,9
vpn,91
vr,49
vtcelectrique,86
vtech,317
vtechbaby,54
vtechkidisecret,17
vtt,336
vtt24pouce,70
vtt26pouces,85
vtt275pouces,73
vttadulte,82
vttelectriqueadulte,298
vttelectriquetoutsuspendu,25
vttenfant,73
vttfemme,59
vttfemme26pouces,82
vtthomme,402
vuse,79
wago,48
wahson,68
wahsonchaise,67
warhammer,52
warhammer40000,39
wasabi,36
washingmachine,68
watch,98
watercooling,453
watercooling240mm,47
watercooling360mm,60
waterdrop,79
wc,358
wcaposer,80
wcchimique,40
wcchimiqueportable,19
wcsuspendu,104
wd40,66
webaby,28
webcam,119
weber,105
weleda,26
wella,62
wera,72
whey,101
wheyisolate,58
wheyproteine,100
whirlpool,76
whiskas,70
whisky,473
whisky2l,26
whiskychivas,49
whiskyjaponais,58
wickey,86
wifi,72
wii,104
wiiu,59
wiko,78
windows,136
windows10,171
windows10cleactivation,73
windows10famille,65
windows10pro,299
windows11,1104
windows11famille,568
windows11pro,1702
windows11procleactivation,163
windows11prokey,93
winnielourson,29
winx,25
wok,190
wokelectrique,79
wokinduction,76
wokinox,79
woktefal,70
woltu,77
womanizer,100
wonderbox,92
word,238
wordoffice,69
worx,37
wwe,39
wwe2k25,50
x870,45
x96,51
x96mini,69
xaomiredminote13pro5g,13
xaomiredminote14,39
xaomiredminote14pro,64
xbox,876
xbox360,79
xboxgamepass,58
xboxgamepassultimate12mois,42
xboxone,387
xboxones,74
xboxseries,855
xboxseriex,1007
xclean10,43
xcover7,57
xenobladechroniclesx,43
xgimi,74
xiamiredminote13pro5g,20
xiaomi,2179
xiaomi11lite5gnew,58
xiaomi11pro,72
xiaomi11t,57
xiaomi12,59
xiaomi12pro,54
xiaomi12t,59
xiaomi12tpro,76
xiaomi13pro,80
xiaomi13pro5g,31
xiaomi13t,83
xiaomi13tpro,97
xiaomi13ultra,41
xiaomi14,881
xiaomi14pro,232
xiaomi14pro5g,68
xiaomi14proplus,57
xiaomi14t,533
xiaomi14tpro,757
xiaomi14tpro512go,9
xiaomi14ultra,95
xiaomi15,559
xiaomi15pro,66
xiaomi15t,140
xiaomi15tpro,480
xiaomi15ultra,371
xiaomi17,69
xiaomi17pro,81
xiaomi17promax,187
xiaomi5g,100
xiaomimi11,49
xiaomimi11lite5g,61
xiaomimi11ultra,43
xiaomimi13,87
xiaomimiboxs,29
xiaomimipad4,72
xiaomimitvstick,25
xiaomimixflip,48
xiaomimontre,53
xiaominote13pro,63
xiaominote13proplus,43
xiaominote14pro5g,58
xiaomipad6,84
xiaomipad6pro,52
xiaomipad6spro,50
xiaomipad7,121
xiaomipad7pro,105
xiaomipoco,64
xiaomipocof7pro,52
xiaomipro,80
xiaomiredmi12,57
xiaomiredmi14,58
xiaomiredmi14c,52
xiaomiredmi15,33
xiaomiredmi15c,43
xiaomiredmia5,92
xiaomiredminote,79
xiaomiredminote10,64
xiaomiredminote105g,50
xiaomiredminote10pro,75
xiaomiredminote10s,56
xiaomiredminote11,106
xiaomiredminote11pro5g,47
xiaomiredminote12pro,49
xiaomiredminote13,73
xiaomiredminote13pro,308
xiaomiredminote13pro5g,136
xiaomiredminote13proplus,46
xiaomiredminote13proplus5g,66
xiaomiredminote145g,98
xiaomiredminote14pro4g,48
xiaomiredminote14pro5g,1694
xiaomiredminote14pro5g256go,59
xiaomiredminote14pro5gde8gram256g,67
xiaomiredminote15,60
xiaomiredminote15pro5g,64
xiaomiredminote8,366
xiaomiredmipad2,46
xiaomiredmipadpro,62
xiaomiredmipro,27
xiaomiredmiwatch5lite,32
xiaomirobotvacuumx20,72
xiaomismartband8,50
xiaomismartband9,59
xiaomismartband9pro,22
xiaomitv,126
xiaomiultra,64
xiaomiwatch,37
xiaomiwatch2pro,25
xiomi14t,60
xiomi15tpro,51
xiomiredmi,60
xiomiredminote14,54
xiomiredminote14proplus,55
xoomy,59
xoomydisney,23
xperia,29
xppen,56
xshot,33
yakuza,34
yamaha,68
yaourtiere,525
yaourtiereseb,32
yaourtieresebmultidelices12pots,62
yara,66
yeezy,131
yeezy350,64
yeezy700,62
yeezy700v3,142
youpala,87
youtube,65
youtubepremium,76
yoyo,129
yugioh,56
yummiland,31
yvessaintlaurent,72
zadigetvoltaire,33
zelda,103
zeldaswitch,82
zeldaswitch2,45
zeldatearsofthekingdom,68
zenbook,57
zendure,87
zflip4,301
zflip5,127
zflip5neuf,93
zflip6,168
zflip6neuf,133
zflip7,139
zflip7neuf,85
zfold,187
zfold4,136
zfold5,114
zfold6,524
zfold7,99
zibro,67
zigbee,77
zinc,43
